[
  {
    "type": "mapgen",
    "method": "json",
    "om_terrain": [ [ "wo3", "wo2", "wo1" ], [ "wo6", "wo5", "wo4" ], [ "wo9", "wo8", "wo7" ] ],
    "weight": 1000,
    "object": {
      "fill_ter": "t_grass",
      "rows": [
        "........................................................................",
        ".___--.....................--..............--.....................--___.",
        "._...-................---+--================--+---................-..._.",
        "._.c.------------------....!-==============-!....------------------.c._.",
        ".-...+..................-+--================--+-..................+...-.",
        ".---+--------------------..-*..............*-..--------------------+---.",
        "...-.-.....................8................9.....................-.-...",
        "...-.-.qqqqqqqqqqqqqqqq...........................................-.-...",
        "...-.-.qaaaaaaaaaaaaaaq.............................llllllllllll..-.-...",
        "...-.-.qWAAWAAaaAAWAAWq............e................lUUUUUUUUUUl..-.-...",
        "...-.-.qaaaaaaaaaaaaa*q..............................UUUUUUUUUUl..-.-...",
        "...-.-.qWAAWAAaaAAWAAWq..............................UUUUUUUUUUl..-.-...",
        "...-.-.qaaaaaaaaaaaaaaq.............................lUUUUUUUUUUl..-.-...",
        "...-.-.qqqqqqqQQqqqqqqq.............................llllllllllll..-.-...",
        "...-.-............................................................-.-...",
        "...-.-............................................................-.-...",
        "...-.-.qqqqqqqQQqqqqqqq..............................x..x..x..x...-.-...",
        "...-.-.qaaaaaaaaaaaaaaq..............................#..#..#..#...-.-...",
        "...-.-.qWAAWAAaaAAWAAWq...........................................-.-...",
        "...-.-.qaaaaaaaaaaaaa*q...........................................-.-...",
        "...-.-.qWAAWAAaaAAWAAWq..............................x..x..x..x...-.-...",
        "...-.-.qaaaaaaaaaaaaaaq..............................#..#..#..#...-.-...",
        "...-.-.qqqqqqqqqqqqqqqq...........................................-.-...",
        "...-.-............................................................-.-...",
        "...-.-..................[[[[[[[[[[....[[[[[[[[[[..................-.-...",
        "...-.-..................[}}   }}[[[..[[[P%%[X*X[..................-.-...",
        "...-.-..................[jj   jj[*[''[*[$  '   [..................-.-...",
        "...-.-..................[}}   }}Y      [[[[[X X[..................-.-...",
        "...-.-..................[jj   jjY      '   [   [..................-.-...",
        "...-.-..................[}}   }}Y      [   [X X[..................-.-...",
        "...-.-..................[*      [7     [   [   [..................-.-...",
        "...-.-..................[[[['[[[[[HHHH[[   [['[[..................-.-...",
        "...-.-..................[[                     [..................-.-...",
        "...-.-..................[[                    [[..................-.-...",
        "...-.-...................[[   *         *    [[...................-.-...",
        "...-.-...................c[[''[[[[[[[[[[['[HH[c...................-.-...",
        "...-.-...................c[    [[ r[r[r [ [  [c...................-.-...",
        "...-.-...................[[    [[  [ [  [ [5 [[...................-.-...",
        "...-.-..................[[*     [['['['[[ [>>[[[..................-.-...",
        "...-.-..................[               [     I[..................-.-...",
        "...-.-..................[              *[['[['[[..................-.-...",
        "...-.-..................[      6[[HHH['[[E EE E[..................-.-...",
        "...-.-..................[ NnnN [[~   [ [[{ {{ {[..................-.-...",
        "...-.-..................[ NnnN [~~```Y  [} }} }[..................-.-...",
        "...-.-..................[ NnnN [`  ` w  [E EE E[..................-.-...",
        "...-.-..................[      [*[[[[[[*[{ {{ {[..................-.-...",
        "...-.-..................[* LytL[[[....[[[}*}}*}[..................-.-...",
        "...-.-..................[[[[[[[[c......c[[[[[[[[..................-.-...",
        "...-.-...............................................;;;;;++;;;;;.-.-...",
        "...-.-............................/////..............;&.g....g&.;.-.-...",
        "...-.-..ddd4...ddd..............///~~~///............;.Cg....g.C;.-.-...",
        "...-.-..h        hp............//~~~~~~~//...........;mm:....:mm;.-.-...",
        "...-.-..h        hT...........//~~~~~~~~~/...........;&.g....g.C;.-.-...",
        "...-.-..h        hT.........../~~~~~~~~~//...........;C.g....g.&;.-.-...",
        "...-.-..h        hT...........//~~~~~~///............;mm:....:mm;.-.-...",
        "...-.-..h        hT............//~~~~//..............;..g....g..;.-.-...",
        "...-.-..dddddddddd..............//~~//...............;&Cg....g&C;.-.-...",
        "...-.-...........................////................;;;;;;;;;;;;.-.-...",
        "...-.-............................................................-.-...",
        ".---+--------------------------------------------------------------+---.",
        ".-...+............................................................+...-.",
        "._.c.--------------------------------------------------------------.c._.",
        "._...-............................................................-..._.",
        ".___--............................................................--___.",
        "........................................................................",
        "........................................................................",
        "........................................................................",
        "........................................................................",
        "........................................................................",
        "........................................................................",
        "........................................................................",
        "........................................................................"
      ],
      "terrain": { 
	  "7": "t_metal_floor", 
	  "6": "t_metal_floor", 
	  "5": "t_metal_floor", 
	  "1": "t_dirt", 
	  "`": "t_metal_floor" },
      "npcs": {
        "0": { "class": "HUMAN_WASTEREFUGEE" },
        "1": { "class": "HUMAN_WASTEREFUGEE" },
        "9": { "class": "HUMAN_WASTELAND2" },
        "8": { "class": "HUMAN_WASTELAND1" },
        "7": { "class": "VAMP_WASTEGUARD2" },
        "6": { "class": "VAMP_WASTEGUARD1" },
        "5": { "class": "VAMP_GUNSHOP" },
        "4": { "class": "HUMAN_JUNKSHOP" }
      },
      "monster": { "`": { "monster": "mon_insect_leech" }, "C": { "monster": "mon_cow" } },
      "place_items": [
        { "item": "trash", "chance": 50, "repeat": [ 10,30 ], "x": [ 9, 16 ], "y": [ 51, 55 ] },
        { "item": "trash", "chance": 75, "repeat": [ 5,10 ], "x": [ 18, 18 ], "y": [ 52, 55 ] }
      ],
      "vehicles": { "e": { "vehicle": "military_cargo_truck", "chance": 100, "fuel": 20, "status": 2, "rotation": 270 } },
      "palettes": [ "wastelandoutskirts_palette" ]
    }
  }
]