[
  {
    "type": "mapgen",
    "om_terrain": [ "pit_topside" ],
    "method": "json",
    "weight": 100,
    "object": {
      "fill_ter": "t_dirt",
      "rows": [
        "                        ",
        "                        ",
        "                        ",
        "                        ",
        "                        ",
        "          #####         ",
        "       ##########       ",
        "      ###########       ",
        "      ###########       ",
        "        ##########      ",
        "       ##########       ",
        "        ###>>####       ",
        "        ###>>###        ",
        "       ####  ####       ",
        "     #####  ###         ",
        "    #####  ###          ",
        "     ###  ###           ",
        "      ##  ##            ",
        "                        ",
        "                        ",
        "                        ",
        "                        ",
        "                        ",
        "                        "
      ],
      "terrain": {
        " ": [
          "t_dirt",
          "t_dirt",
          "t_dirt",
          "t_dirt",
          "t_dirt",
          "t_dirt",
          "t_dirt",
          "t_dirt",
          "t_grass",
          "t_grass",
          "t_grass",
          "t_grass",
          "t_grass",
          "t_grass",
          "t_grass",
          "t_grass",
          "t_grass",
          "t_grass",
          "t_grass",
          "t_grass",
          "t_grass",
          "t_grass",
          "t_grass",
          "t_grass",
          "t_grass",
          "t_grass",
          "t_grass",
          "t_grass",
          "t_grass",
          "t_grass",
          "t_grass",
          "t_grass",
          "t_grass",
          "t_grass",
          "t_grass",
          "t_grass",
          "t_grass",
          "t_grass",
          "t_grass",
          "t_grass",
          "t_grass",
          "t_grass",
          "t_grass",
          "t_grass",
          "t_grass",
          "t_grass",
          "t_grass",
          "t_grass",
          "t_underbrush",
          "t_tree",
          "t_tree_young"
        ],
        ">": "t_stairs_down",
        "#": "t_rock"
      }
    }
  },
  {
    "type": "mapgen",
    "om_terrain": [ "pit_dusk_horror" ],
    "method": "json",
    "weight": 100,
    "object": {
      "fill_ter": "t_dirtfloor",
      "rows": [
        "########################",
        "########################",
        "########################",
        "########################",
        "################### ####",
        "################## #####",
        "###############     ####",
        "############## c  ######",
        "############  F    #####",
        "###########8     #######",
        "##########       bb#####",
        "########## <<   ########",
        "#########  <<  #D#######",
        "##########    ##########",
        "########################",
        "########################",
        "########################",
        "########################",
        "########################",
        "########################",
        "########################",
        "########################",
        "########################",
        "########################"
      ],
      "terrain": { " ": "t_dirtfloor", "<": "t_stairs_up", "#": "t_rock" },
      "furniture": {
        " ": [
          "f_null",
          "f_null",
          "f_null",
          "f_null",
          "f_null",
          "f_null",
          "f_null",
          "f_null",
          "f_null",
          "f_null",
          "f_null",
          "f_null",
          "f_null",
          "f_null",
          "f_null",
          "f_null",
          "f_null",
          "f_null",
          "f_null",
          "f_null",
          "f_null",
          "f_null",
          "f_null",
          "f_rubble_rock",
          "f_spike",
          "f_blade",
          "f_shackle"
        ],
        "b": "f_bed",
        "D": "f_dresser",
        "F": "f_slab",
        "8": [ "f_shackle", "f_shackle", "f_spike" ],
        "#": "f_brazier"
      },
      "monster": { "c": { "monster": "mon_horror_dusk_queen" } },
      "set": [
        { "point": "furniture", "id": "f_blade", "x": 16, "y": 16 },
        { "point": "furniture", "id": "f_spike", "x": 13, "y": 13 }
      ],
      "place_monsters": [ { "monster": "GROUP_HORROR", "x": [ 6, 10 ], "y": [ 6, 10 ], "chance": 2, "repeat": [ 1, 3 ] } ],
      "mapping": {
        " ": {
          "items": [
            { "item": "doom_victim_corpse", "chance": [ 5 ] },
            { "item": "spider", "chance": [ 2 ] },
            { "item": "rare", "chance": [ 1 ] }
          ]
        }
      }
    }
  }
]
