[
  {
    "type": "mapgen",
    "om_terrain": [ "hell_castle_NW" ],
    "method": "json",
    "weight": 100,
    "object": {
      "fill_ter": "t_rock_floor",
      "rows": [
        "                        ",
        " ~~~~~~~~~~~~~~~~~~~~~~~",
        " ~~~~~~~~~~~~~~~~~~~~~~~",
        " ~~~~~~~~~~~~~~~~~~~~~~~",
        " ~~~                    ",
        " ~~~ `==0==`            ",
        " ~~~ =o.n.o####==###==##",
        " ~~~ =.....+............",
        " ~~~ 0n....o............",
        " ~~~ =...8.####00###==##",
        " ~~~ =o...0#S           ",
        " ~~~ `#o+##.............",
        " ~~~  #..#S.............",
        " ~~~  #..# ..L     ..   ",
        " ~~~  #..# .. ..........",
        " ~~~  =..0 .. .#1 1..1 1",
        " ~~~  =..0 .. .1Z      J",
        " ~~~  #..# .. .         ",
        " ~~~  #..# .. .1        ",
        " ~~~  #..# .. .1        ",
        " ~~~  =..= .. .         ",
        " ~~~  =..= .. .1        ",
        " ~~~  #..# .. .1        ",
        " ~~~  #..# .. .         "
      ],
      "terrain": {
        " ": "t_dirt",
        ".": "t_rock_floor",
        "#": "t_rock",
        ">": "t_stairs_down",
        "<": "t_stairs_up",
        "1": "t_column",
        "~": "t_lava",
        "@": "t_pit_corpsed",
        "p": "t_pit_spiked",
        "0": "t_window_stained_green",
        "=": "t_bars",
        "o": [ "t_door_bar_o", "t_door_bar_o", "t_door_bar_c" ],
        "+": [ "t_door_bar_c", "t_door_bar_c", "t_door_bar_o" ],
        "`": "t_open_air",
        "?": [ "t_door_metal_c", "t_door_metal_c", "t_door_metal_c", "t_door_metal_c", "t_door_metal_o" ]
      },
      "furniture": { "^": "f_rubble_rock", "S": "f_statue", "x": "f_ash", "n": "f_slab", "J": "f_spike", "/": "f_blade", "8": "f_shackle" },
      "monster": {
        "Z": { "monster": "mon_doom_sacrifice" },
        "L": { "monster": "mon_lostsoul_mount" },
        "R": { "monster": "mon_revenant" },
        "A": { "monster": "mon_mechaspider" }
      },
      "set": [
        { "point": "furniture", "id": "f_blade", "x": 16, "y": 16 },
        { "point": "furniture", "id": "f_spike", "x": 13, "y": 13 }
      ],
      "place_monsters": [ { "monster": "GROUP_DOOM_INFANTRY", "x": [ 6, 10 ], "y": [ 6, 10 ] } ],
      "place_items": [
        { "item": "doom_victim_corpse", "chance": 55, "x": [ 9, 9 ], "y": [ 9, 9 ] },
        { "item": "doom_victim_corpse", "chance": 65, "x": [ 23, 23 ], "y": [ 16, 16 ] }
      ]
    }
  },
  {
    "type": "mapgen",
    "om_terrain": [ "hell_castle_N" ],
    "method": "json",
    "weight": 100,
    "object": {
      "fill_ter": "t_rock_floor",
      "rows": [
        "                        ",
        "~~~~~~~~~~~~~~~~~~~~~~~~",
        "~~~~~~~~~~~~~~~~~~~~~~~~",
        "~~~~~~~~~~~~~~~~~~~~~~~~",
        "                        ",
        "                        ",
        "#==###==###==###==###==#",
        "............A...........",
        "..........n..n..........",
        "#00###==###++###==###00#",
        "        JS .. SL        ",
        "........................",
        "........................",
        "                        ",
        "..                      ",
        "#.     1SS RZ SS1       ",
        "1.  ################    ",
        " . ###11111111#######   ",
        "1. ###1S;;;;;1S...###   ",
        "1. ##n1;;;;nn1S>../##  #",
        " . ##.1;;;;nn1S>...##  #",
        "1. ##.1S;;;;;1S....## ##",
        "1. #1?11??1111111?11# ##",
        " . ##.S...S11S..S..##  #"
      ],
      "terrain": {
        " ": "t_dirt",
        ".": "t_rock_floor",
        "#": "t_rock",
        ">": "t_stairs_down",
        "<": "t_stairs_up",
        "1": "t_column",
        "~": "t_lava",
        "@": "t_pit_corpsed",
        "p": "t_pit_spiked",
        "0": "t_window_stained_green",
        "=": "t_bars",
        "o": [ "t_door_bar_o", "t_door_bar_o", "t_door_bar_c" ],
        "+": [ "t_door_bar_c", "t_door_bar_c", "t_door_bar_o" ],
        "`": "t_open_air",
        "?": [ "t_door_metal_c", "t_door_metal_c", "t_door_metal_c", "t_door_metal_c", "t_door_metal_o" ],
        ";": "t_carpet_purple"
      },
      "furniture": { "^": "f_rubble_rock", "S": "f_statue", "x": "f_ash", "n": "f_slab", "J": "f_spike", "/": "f_blade", "8": "f_shackle" },
      "monster": {
        "Z": { "monster": "mon_doom_sacrifice" },
        "L": { "monster": "mon_lostsoul_mount" },
        "R": { "monster": "mon_revenant" },
        "A": { "monster": "mon_mechaspider" }
      },
      "place_monsters": [
        { "monster": "GROUP_DOOM_PRIEST", "x": [ 9, 11 ], "y": [ 18, 20 ], "chance": 50 },
        { "monster": "GROUP_DOOM_HELP", "x": [ 5 ], "y": [ 20 ] }
      ],
      "set": [
        { "point": "furniture", "id": "f_spike", "x": 10, "y": 16 },
        { "point": "furniture", "id": "f_shackle", "x": 11, "y": 15 },
        { "point": "furniture", "id": "f_shackle", "x": 12, "y": 15 },
        { "point": "terrain", "id": "t_rock_floor", "x": 12, "y": 7 }
      ],
      "place_items": [
        { "item": "doom_victim_corpse", "chance": 65, "x": [ 8, 8 ], "y": [ 10, 10 ] },
        { "item": "doom_victim_corpse", "chance": 65, "x": [ 18, 18 ], "y": [ 19, 19 ] },
        { "item": "doom_stimpack", "x": [ 15, 18 ], "y": [ 18, 21 ], "repeat": [ 1, 2 ] }
      ]
    }
  },
  {
    "type": "mapgen",
    "om_terrain": [ "hell_castle_NE" ],
    "method": "json",
    "weight": 100,
    "object": {
      "fill_ter": "t_rock_floor",
      "rows": [
        "                        ",
        "~~~~~~~~~~~~~~~~~~~~~~~ ",
        "~~~~~~~~~~~~~~~~~~~~~~~ ",
        "~~~~~~~~~~~~~~~~~~~~~~~ ",
        "                    ~~~ ",
        "            `==0==` ~~~ ",
        "##==###==####o.n.o= ~~~ ",
        "............+.....= ~~~ ",
        "............o..C.n0 ~~~ ",
        "##==###00####.....= ~~~ ",
        "           S#0...o= ~~~ ",
        ".............##+o#` ~~~ ",
        ".............S#..#  ~~~ ",
        "          L.. #..#  ~~~ ",
        "           .. #..#  ~~~ ",
        "           .. 0..=  ~~~ ",
        "   ###1    .. 0..=  ~~~ ",
        " #######1  .. #..#  ~~~ ",
        "###S1S###1 .. #..#  ~~~ ",
        "##;;;;; ##S.. #..#  ~~~ ",
        "#;1;;xx   ... =..=  ~~~ ",
        "Z;n;;xx 11S.. =..=  ~~~ ",
        "S;n;;xx 11S.. #..#  ~~~ ",
        "#;1;;xx   ... #..#  ~~~ "
      ],
      "terrain": {
        " ": "t_dirt",
        ".": "t_rock_floor",
        "#": "t_rock",
        ">": "t_stairs_down",
        "<": "t_stairs_up",
        "1": "t_column",
        "~": "t_lava",
        "@": "t_pit_corpsed",
        "p": "t_pit_spiked",
        "0": "t_window_stained_green",
        "=": "t_bars",
        "o": [ "t_door_bar_o", "t_door_bar_o", "t_door_bar_c" ],
        "+": [ "t_door_bar_c", "t_door_bar_c", "t_door_bar_o" ],
        "`": "t_open_air",
        "?": [ "t_door_metal_c", "t_door_metal_c", "t_door_metal_c", "t_door_metal_c", "t_door_metal_o" ],
        ";": "t_carpet_purple"
      },
      "furniture": { "^": "f_rubble_rock", "S": "f_statue", "x": "f_ash", "n": "f_slab", "J": "f_spike", "/": "f_blade", "8": "f_shackle" },
      "monster": {
        "Z": { "monster": "mon_doom_sacrifice" },
        "L": { "monster": "mon_lostsoul_mount" },
        "C": { "monster": "mon_cacodemon" }
      },
      "place_monsters": [
        { "monster": "GROUP_DOOM_PRIEST", "x": [ 3, 4 ], "y": [ 21, 22 ], "chance": 50 },
        { "monster": "GROUP_DOOM_HELP", "x": [ 5, 6 ], "y": [ 21, 22 ], "chance": 4 }
      ],
      "set": [
        { "point": "furniture", "id": "f_spike", "x": 13, "y": 10 },
        { "point": "furniture", "id": "f_blade", "x": 0, "y": 21 },
        { "point": "terrain", "id": "t_rock_floor", "x": 15, "y": 8 }
      ],
      "place_items": [
        { "item": "doom_lootpack", "chance": 15, "x": [ 3, 4 ], "y": [ 6, 10 ] },
        { "item": "doom_stimpack", "chance": 75, "x": [ 3, 4 ], "y": [ 6, 10 ] }
      ]
    }
  },
  {
    "type": "mapgen",
    "om_terrain": [ "hell_castle_CW" ],
    "method": "json",
    "weight": 100,
    "object": {
      "fill_ter": "t_rock_floor",
      "rows": [
        " ~~~  #..# .. .1        ",
        " ~~~  =..0 .. .1        ",
        " ~~~  =..0 .....        ",
        " ~~~  #..# .....        ",
        " ~~~  #..# .. .1        ",
        " ~~~  #..# .. .1        ",
        " ~~~  =..= .. .         ",
        " ~~~  =..= .. .1        ",
        " ~~~  #..#L.. .1        ",
        " ~~~  #..#S.. .         ",
        " ~~~  #.n# .. .1        ",
        " ~~~  =..+... .1        ",
        " ~~~  =..+... .         ",
        " ~~~  #.n# .. .1Z      /",
        " ~~~  #..#S.. .#1 1..1 1",
        " ~~~  #..#L.. ..........",
        " ~~~  =..= ..      ..   ",
        " ~~~  =..= .............",
        " ~~~  #..# .............",
        " ~~~  #..# ..       ..  ",
        " ~~~  #..# ..   ####..##",
        " ~~~  =..0 ..   #8 #....",
        " ~~~  =..0 .. ####?#.. S",
        " ~~~  #..# .. #JJJ.#.. x"
      ],
      "terrain": {
        " ": "t_dirt",
        ".": "t_rock_floor",
        "#": "t_rock",
        ">": "t_stairs_down",
        "<": "t_stairs_up",
        "1": "t_column",
        "~": "t_lava",
        "@": "t_pit_corpsed",
        "p": "t_pit_spiked",
        "0": "t_window_stained_green",
        "=": "t_bars",
        "o": [ "t_door_bar_o", "t_door_bar_o", "t_door_bar_c" ],
        "+": [ "t_door_bar_c", "t_door_bar_c", "t_door_bar_o" ],
        "`": "t_open_air",
        "?": [ "t_door_metal_c", "t_door_metal_c", "t_door_metal_c", "t_door_metal_c", "t_door_metal_o" ]
      },
      "furniture": { "^": "f_rubble_rock", "S": "f_statue", "x": "f_ash", "n": "f_slab", "J": "f_spike", "/": "f_blade", "8": "f_shackle" },
      "monster": { "Z": { "monster": "mon_doom_sacrifice" }, "L": { "monster": "mon_lostsoul_mount" } },
      "place_monsters": [
        { "monster": "GROUP_DOOM_INFANTRY", "x": [ 16, 23 ], "y": [ 0, 13 ], "repeat": [ 1, 2 ], "chance": 5 },
        { "monster": "GROUP_DOOM_HELP", "x": [ 18 ], "y": [ 21 ], "chance": 3 }
      ],
      "place_items": [
        { "item": "doom_victim_corpse", "chance": 65, "x": [ 23, 23 ], "y": [ 13, 13 ] },
        { "item": "doom_victim_corpse", "chance": 85, "x": [ 16, 16 ], "y": [ 23, 23 ] },
        { "item": "doom_victim_corpse", "chance": 85, "x": [ 17, 17 ], "y": [ 23, 23 ] },
        { "item": "doom_stimpack", "chance": 55, "x": [ 16, 23 ], "y": [ 0, 13 ], "repeat": [ 1, 2 ] }
      ],
      "set": [
        { "point": "furniture", "id": "f_spike", "x": 10, "y": 8 },
        { "point": "furniture", "id": "f_spike", "x": 10, "y": 15 },
        { "point": "furniture", "id": "f_spike", "x": 13, "y": 16 }
      ]
    }
  },
  {
    "type": "mapgen",
    "om_terrain": [ "hell_castle_C" ],
    "method": "json",
    "weight": 100,
    "object": {
      "fill_ter": "t_rock_floor",
      "rows": [
        "1. #1......SS......1#  #",
        "1. ##R....;nn;....R##   ",
        " . #1.....;;;;.....1#   ",
        " . ##.xxx;;;;;;....##   ",
        "1. #1.xxx;;;;;;..;x1#   ",
        "1. ##.xxx;;;;;;..;x##  #",
        " . #1.xxx;.;;.;..k.1#  #",
        "1. ##.xxx;.;;.;..;x## z#",
        "1. #1.xxx;.;;.;..;x1# ##",
        " . ##.xxx;.;;.;....## #.",
        "1. #1.xxx;.;;.;..;x1# #.",
        "1. ##.xxx;.;;.;..;x## #n",
        " . #1....;.;;.;....1# #.",
        "1. ##1.8.;.;;.;.8.1## #.",
        "#. ########??######## #?",
        "..  ##1111#??#1111##   .",
        "       SSL....LSS      .",
        "........................",
        "........................",
        "     ## J .... Z   .    ",
        "### ####  .... #### ####",
        ".J###n.## .... #n.# #n.#",
        "xn##....# .... #..# #..#",
        "nx##n.n.# .... ##?# ###?"
      ],
      "terrain": {
        " ": "t_dirt",
        ".": "t_rock_floor",
        "#": "t_rock",
        ">": "t_stairs_down",
        "<": "t_stairs_up",
        "1": "t_column",
        "~": "t_lava",
        "@": "t_pit_corpsed",
        "p": "t_pit_spiked",
        "0": "t_window_stained_green",
        "=": "t_bars",
        "o": [ "t_door_bar_o", "t_door_bar_o", "t_door_bar_c" ],
        "+": [ "t_door_bar_c", "t_door_bar_c", "t_door_bar_o" ],
        "`": "t_open_air",
        "?": [ "t_door_metal_c", "t_door_metal_c", "t_door_metal_c", "t_door_metal_c", "t_door_metal_o" ],
        ";": "t_carpet_purple"
      },
      "furniture": { "^": "f_rubble_rock", "S": "f_statue", "x": "f_ash", "n": "f_slab", "J": "f_spike", "/": "f_blade", "8": "f_shackle" },
      "monster": {
        "Z": { "monster": "mon_doom_sacrifice" },
        "L": { "monster": "mon_lostsoul_mount" },
        "z": { "monster": "mon_doom_cur" },
        "k": { "monster": "mon_hell_knight" },
        "R": { "monster": "mon_revenant" }
      },
      "place_monsters": [
        { "monster": "GROUP_DOOM_PRIEST", "x": [ 11, 12 ], "y": 1, "chance": 50 },
        { "monster": "GROUP_DOOM_INFANTRY", "x": [ 7 ], "y": [ 5 ], "repeat": [ 1, 2 ], "chance": 5 },
        { "monster": "GROUP_DOOM_HELP", "x": [ 9, 11 ], "y": [ 9, 11 ] }
      ],
      "place_items": [
        { "item": "doom_victim_corpse", "chance": 75, "x": [ 1, 1 ], "y": [ 21, 21 ] },
        { "item": "doom_victim_corpse", "chance": 80, "x": [ 8, 8 ], "y": [ 19, 19 ] },
        { "item": "doom_victim_corpse", "chance": 45, "x": [ 7, 7 ], "y": [ 13, 13 ] },
        { "item": "doom_victim_corpse", "chance": 45, "x": [ 16, 16 ], "y": [ 13, 13 ] },
        { "item": "doom_armor", "chance": 10, "x": [ 23 ], "y": [ 6, 11 ] }
      ],
      "set": [
        { "point": "furniture", "id": "f_spike", "x": 9, "y": 16 },
        { "point": "furniture", "id": "f_spike", "x": 14, "y": 16 },
        { "point": "furniture", "id": "f_spike", "x": 15, "y": 19 }
      ]
    }
  },
  {
    "type": "mapgen",
    "om_terrain": [ "hell_castle_CE" ],
    "method": "json",
    "weight": 100,
    "object": {
      "fill_ter": "t_rock_floor",
      "rows": [
        "###;;;; ##1.. #..#  ~~~ ",
        "###S1S###1 .. 0..=  ~~~ ",
        " #######1  .. 0..=  ~~~ ",
        "   ###     .. #..#  ~~~ ",
        "           .. #..#  ~~~ ",
        "###      1 .. #..#  ~~~ ",
        ".Z#  ####/ .. =..=  ~~~ ",
        "..# ##nn.  .. =..=  ~~~ ",
        "?## #n...x ..J#..#  ~~~ ",
        ".S# #n...x ..S#..#  ~~~ ",
        "..# #1S...... #n.#  ~~~ ",
        "..# #~n..n ...+..=  ~~~ ",
        "nn# #~nn.x ...+..=  ~~~ ",
        "..# ##...  .. #n.#  ~~~ ",
        "#?#  ####J ..S#..#  ~~~ ",
        "S.       1 ..L#..#  ~~~ ",
        " .         .. =..=  ~~~ ",
        "............. =..=  ~~~ ",
        "............. #..#  ~~~ ",
        ".    .     .. #..#  ~~~ ",
        " #### #### .. #..#  ~~~ ",
        " #n.# #.n# .. 0..=  ~~~ ",
        " #..? #..# .. 0..=  ~~~ ",
        " #### ?### .. #..#  ~~~ "
      ],
      "terrain": {
        " ": "t_dirt",
        ".": "t_rock_floor",
        "#": "t_rock",
        ">": "t_stairs_down",
        "<": "t_stairs_up",
        "1": "t_column",
        "~": "t_lava",
        "@": "t_pit_corpsed",
        "p": "t_pit_spiked",
        "0": "t_window_stained_green",
        "=": "t_bars",
        "o": [ "t_door_bar_o", "t_door_bar_o", "t_door_bar_c" ],
        "+": [ "t_door_bar_c", "t_door_bar_c", "t_door_bar_o" ],
        "`": "t_open_air",
        "?": [ "t_door_metal_c", "t_door_metal_c", "t_door_metal_c", "t_door_metal_c", "t_door_metal_o" ],
        ";": "t_carpet_purple"
      },
      "furniture": { "^": "f_rubble_rock", "S": "f_statue", "x": "f_ash", "n": "f_slab", "J": "f_spike", "/": "f_blade", "8": "f_shackle" },
      "monster": { "Z": { "monster": "mon_doom_sacrifice" }, "L": { "monster": "mon_lostsoul_mount" } },
      "place_monsters": [
        { "monster": "GROUP_DOOM_INFANTRY", "x": [ 16, 23 ], "y": [ 0, 13 ], "chance": 4, "repeat": [ 0, 2 ] },
        { "monster": "GROUP_DOOM_HELP", "x": [ 18 ], "y": [ 21 ], "chance": 4 },
        { "monster": "GROUP_DOOM_HELP", "x": [ 0, 10 ], "y": [ 19 ], "chance": 4 }
      ],
      "set": [
        { "point": "furniture", "id": "f_spike", "x": 13, "y": 15 },
        { "point": "furniture", "id": "f_shackle", "x": 1, "y": 6 },
        { "point": "terrain", "id": "t_rock_floor", "x": 1, "y": 6 }
      ],
      "place_items": [
        { "item": "doom_victim_corpse", "chance": 65, "x": [ 8, 8 ], "y": [ 21, 21 ] },
        { "item": "doom_victim_corpse", "chance": 65, "x": [ 13, 13 ], "y": [ 8, 8 ] },
        { "item": "doom_armor", "chance": 40, "x": [ 0, 1 ], "y": [ 6, 12 ] },
        { "item": "doom_stimpack", "chance": 20, "x": [ 0, 1 ], "y": [ 6, 12 ] }
      ]
    }
  },
  {
    "type": "mapgen",
    "om_terrain": [ "hell_castle_SW" ],
    "method": "json",
    "weight": 100,
    "object": {
      "fill_ter": "t_rock_floor",
      "rows": [
        " ~~~  #..# .. #....#...x",
        " ~~~  #..# .. ####?#....",
        " ~~~  =..= ..     .... @",
        " ~~~  =..= ..R     L..##",
        " ~~~  #..# ..  ###  ..S ",
        " ~~~  #..# .. ##n###..##",
        " ~~~  #..# .. #/..?.....",
        " ~~~  =..0 .. #n.J#n.. n",
        " ~~~  =..0 .. ##n###.. n",
        " ~~~  #..# ..  ###  ..##",
        " ~~~  #..# ..J      ..  ",
        " ~~~  #..#S.............",
        " ~~~ `#+o##.............",
        " ~~~ =o...0#S           ",
        " ~~~ =..C..##o#00###==##",
        " ~~~ 0n....+............",
        " ~~~ =.....o............",
        " ~~~ =o.n.o####==###==##",
        " ~~~ `==0==`            ",
        " ~~~                    ",
        " ~~~~~~~~~~~~~~~~~~~~~~~",
        " ~~~~~~~~~~~~~~~~~~~~~~~",
        " ~~~~~~~~~~~~~~~~~~~~~~~",
        "                        "
      ],
      "terrain": {
        " ": "t_dirt",
        ".": "t_rock_floor",
        "#": "t_rock",
        ">": "t_stairs_down",
        "<": "t_stairs_up",
        "1": "t_column",
        "~": "t_lava",
        "@": "t_pit_corpsed",
        "p": "t_pit_spiked",
        "0": "t_window_stained_green",
        "=": "t_bars",
        "o": [ "t_door_bar_o", "t_door_bar_o", "t_door_bar_c" ],
        "+": [ "t_door_bar_c", "t_door_bar_c", "t_door_bar_o" ],
        "`": "t_open_air",
        "?": [ "t_door_metal_c", "t_door_metal_c", "t_door_metal_c", "t_door_metal_c", "t_door_metal_o" ]
      },
      "furniture": { "^": "f_rubble_rock", "S": "f_statue", "x": "f_ash", "n": "f_slab", "J": "f_spike", "/": "f_blade", "8": "f_shackle" },
      "monster": {
        "Z": { "monster": "mon_doom_sacrifice" },
        "L": { "monster": "mon_lostsoul_mount" },
        "C": { "monster": "mon_cacodemon" },
        "R": { "monster": "mon_revenant" }
      },
      "place_monsters": [
        { "monster": "GROUP_DOOM_HELP", "x": [ 7, 23 ], "y": [ 0, 16 ], "chance": 3 },
        { "monster": "GROUP_DOOM_INFANTRY", "x": [ 6, 10 ], "y": [ 13, 17 ], "chance": 5 }
      ],
      "place_items": [
        { "item": "doom_victim_corpse", "chance": 25, "x": [ 23, 23 ], "y": [ 2, 2 ] },
        { "item": "doom_victim_corpse", "chance": 33, "x": [ 16, 16 ], "y": [ 8, 8 ] },
        { "item": "doom_victim_corpse", "chance": 45, "x": [ 15, 15 ], "y": [ 6, 6 ] },
        { "item": "doom_victim_corpse", "chance": 45, "x": [ 17, 17 ], "y": [ 7, 7 ] },
        { "item": "doom_victim_corpse", "chance": 45, "x": [ 16, 16 ], "y": [ 8, 8 ] },
        { "item": "doom_stimpack", "chance": 55, "x": [ 4, 4 ], "y": [ 23, 23 ] },
        { "item": "doom_armor", "chance": 35, "x": [ 6, 7 ], "y": [ 15, 17 ] }
      ],
      "set": [
        { "point": "furniture", "id": "f_spike", "x": 20, "y": 3 },
        { "point": "furniture", "id": "f_spike", "x": 13, "y": 10 },
        { "point": "terrain", "id": "t_rock_floor", "x": 8, "y": 14 }
      ]
    }
  },
  {
    "type": "mapgen",
    "om_terrain": [ "hell_castle_S" ],
    "method": "json",
    "weight": 100,
    "object": {
      "fill_ter": "t_rock_floor",
      "rows": [
        "nx##....+......         ",
        "..##n.n.+..... ###? ####",
        "p.##....#x.... #..# #.n#",
        "#?##....# .... #n.# #..#",
        "1..?.nnn# .... #### #?##",
        "#?##n...# .....A        ",
        "..###Sn## .... ##?# ####",
        ".@#8####  .... #..# #..?",
        "@@#SS##   .... #n.# #n.#",
        "###       .... #### ####",
        "         L....L    .    ",
        "........................",
        "........................",
        "   Z1111Sn....cS1111J   ",
        "#==11...11vvvv|11..11==#",
        "...1...n1S    S1....o...",
        "...1.../1c    S1....+...",
        "#0011..11|vvvv111..1100#",
        "   x1===SS    SS===1xx  ",
        "                        ",
        "~~~~~~~~~      ~~~~~~~~~",
        "~~~~~~~~~1    1~~~~~~~~~",
        "~~~~~~~~~J    J~~~~~~~~~",
        "                        "
      ],
      "terrain": {
        " ": "t_dirt",
        ".": "t_rock_floor",
        "#": "t_rock",
        ">": "t_stairs_down",
        "<": "t_stairs_up",
        "1": "t_column",
        "~": "t_lava",
        "@": "t_pit_corpsed",
        "p": "t_pit_spiked",
        "0": "t_window_stained_green",
        "=": "t_bars",
        "o": [ "t_door_bar_o", "t_door_bar_o", "t_door_bar_c" ],
        "+": [ "t_door_bar_c", "t_door_bar_c", "t_door_bar_o" ],
        "`": "t_open_air",
        "|": "t_palisade",
        "v": "t_palisade_gate_o",
        "c": "t_palisade_pulley",
        "?": [ "t_door_metal_c", "t_door_metal_c", "t_door_metal_c", "t_door_metal_c", "t_door_metal_o" ]
      },
      "furniture": { "^": "f_rubble_rock", "S": "f_statue", "x": "f_ash", "n": "f_slab", "J": "f_spike", "/": "f_blade", "8": "f_shackle" },
      "monster": {
        "Z": { "monster": "mon_doom_sacrifice" },
        "L": { "monster": "mon_lostsoul_mount" },
        "R": { "monster": "mon_revenant" },
        "A": { "monster": "mon_mechaspider" }
      },
      "place_monsters": [
        { "monster": "GROUP_DOOM_HELP", "x": [ 5, 6 ], "y": [ 0, 3 ], "chance": 4 },
        { "monster": "GROUP_DOOM_HELP", "x": [ 0, 2 ], "y": [ 0, 7 ], "chance": 4 },
        { "monster": "GROUP_DOOM_HELP", "x": [ 15, 23 ], "y": [ 0, 10 ], "chance": 4 },
        { "monster": "GROUP_DOOM_INFANTRY", "x": [ 4, 6 ], "y": [ 14, 17 ], "chance": 6 },
        { "monster": "GROUP_DOOM_INFANTRY", "x": [ 16, 18 ], "y": [ 14, 17 ], "chance": 6 }
      ],
      "place_items": [
        { "item": "doom_victim_corpse", "chance": 45, "x": [ 1, 1 ], "y": [ 7, 8 ] },
        { "item": "doom_victim_corpse", "chance": 15, "x": [ 0, 0 ], "y": [ 7, 8 ] },
        { "item": "doom_victim_corpse", "chance": 15, "x": [ 9, 9 ], "y": [ 10, 10 ] },
        { "item": "doom_victim_corpse", "chance": 65, "x": [ 22, 22 ], "y": [ 2, 2 ] },
        { "item": "doom_victim_corpse", "chance": 55, "x": [ 20, 20 ], "y": [ 13, 13 ] },
        { "item": "doom_stimpack", "chance": 35, "x": [ 15, 23 ], "y": [ 0, 10 ], "repeat": [ 1, 2 ] },
        { "item": "doom_armor", "chance": 35, "x": [ 15, 23 ], "y": [ 0, 10 ] }
      ],
      "set": [
        { "point": "furniture", "id": "f_spike", "x": 9, "y": 10 },
        { "point": "furniture", "id": "f_spike", "x": 14, "y": 10 },
        { "point": "terrain", "id": "t_rock_floor", "x": 18, "y": 16 },
        { "point": "terrain", "id": "t_rock_floor", "x": 5, "y": 16 }
      ]
    }
  },
  {
    "type": "mapgen",
    "om_terrain": [ "hell_castle_SE" ],
    "method": "json",
    "weight": 100,
    "object": {
      "fill_ter": "t_rock_floor",
      "rows": [
        "          ... #..#  ~~~ ",
        " #?## #### .. #..#  ~~~ ",
        " #..# #.n# .. =..=  ~~~ ",
        " #.n# #..# .. =..=  ~~~ ",
        " #### #?## .. #..#  ~~~ ",
        "          ... #..#  ~~~ ",
        " ?### ?### .. #..#  ~~~ ",
        " #..# #..# .. 0..=  ~~~ ",
        " #.n# #.n# .. 0..=  ~~~ ",
        " #### #### .. #..#  ~~~ ",
        "     .    J.. #..#  ~~~ ",
        ".............S#..#  ~~~ ",
        ".............##+o#` ~~~ ",
        "           S#0...o= ~~~ ",
        "##==###00#o##Z....= ~~~ ",
        "............o....n0 ~~~ ",
        "............+.....= ~~~ ",
        "##==###==####o.n.o= ~~~ ",
        "            `==0==` ~~~ ",
        "                    ~~~ ",
        "~~~~~~~~~~~~~~~~~~~~~~~ ",
        "~~~~~~~~~~~~~~~~~~~~~~~ ",
        "~~~~~~~~~~~~~~~~~~~~~~~ ",
        "                        "
      ],
      "terrain": {
        " ": "t_dirt",
        ".": "t_rock_floor",
        "#": "t_rock",
        ">": "t_stairs_down",
        "<": "t_stairs_up",
        "1": "t_column",
        "~": "t_lava",
        "@": "t_pit_corpsed",
        "p": "t_pit_spiked",
        "0": "t_window_stained_green",
        "=": "t_bars",
        "o": [ "t_door_bar_o", "t_door_bar_o", "t_door_bar_c" ],
        "+": [ "t_door_bar_c", "t_door_bar_c", "t_door_bar_o" ],
        "`": "t_open_air",
        "?": [ "t_door_metal_c", "t_door_metal_c", "t_door_metal_c", "t_door_metal_c", "t_door_metal_o" ]
      },
      "furniture": { "^": "f_rubble_rock", "S": "f_statue", "x": "f_ash", "n": "f_slab", "J": "f_spike", "/": "f_blade", "8": "f_shackle" },
      "monster": { "Z": { "monster": "mon_doom_sacrifice" }, "L": { "monster": "mon_lostsoul_mount" } },
      "place_monsters": [
        { "monster": "GROUP_DOOM_HELP", "x": [ 0, 10 ], "y": [ 0, 10 ], "chance": 3 },
        { "monster": "GROUP_DOOM_INFANTRY", "x": [ 0, 10 ], "y": [ 0, 10 ], "chance": 3 }
      ],
      "place_items": [
        { "item": "doom_victim_corpse", "chance": 65, "x": [ 13, 17 ], "y": [ 13, 17 ] },
        { "item": "doom_victim_corpse", "chance": 65, "x": [ 10, 10 ], "y": [ 10 ] },
        { "item": "doom_stimpack", "chance": 35, "x": [ 0, 10 ], "y": [ 0, 10 ], "repeat": [ 1, 2 ] },
        { "item": "doom_armor", "chance": 35, "x": [ 0, 10 ], "y": [ 0, 10 ] }
      ],
      "set": [ { "point": "furniture", "id": "f_spike", "x": 13, "y": 14 } ]
    }
  },
  {
    "type": "mapgen",
    "om_terrain": [ "hell_castle_B1_NW" ],
    "method": "json",
    "weight": 100,
    "object": {
      "fill_ter": "t_rock",
      "rows": [
        "                        ",
        "  ,,,,,,                ",
        " ,,,,,,,,               ",
        "  ,,,,,,,,              ",
        "  ,,,,#,,               ",
        "  ,,#.,,,,              ",
        " ,,,,#,,,,,             ",
        "   ,,,,,                ",
        "                        ",
        "                        ",
        "                        ",
        "                        ",
        "                        ",
        "                        ",
        "                        ",
        "                        ",
        "                        ",
        "                        ",
        "                        ",
        "                        ",
        "                        ",
        "                        ",
        "                        ",
        "                        "
      ],
      "terrain": {
        " ": "t_rock",
        "#": "t_rock",
        ",": [ "t_rock", "t_rock", "t_rock", "t_rock_floor", "t_rock_floor" ],
        ".": "t_rock_floor"
      },
      "furniture": { "S": "f_statue", "s": "f_statue" }
    }
  },
  {
    "type": "mapgen",
    "om_terrain": [ "hell_castle_B1_N" ],
    "method": "json",
    "weight": 100,
    "object": {
      "fill_ter": "t_rock",
      "rows": [
        "                        ",
        "                        ",
        "                        ",
        "                        ",
        "                        ",
        "                        ",
        "                        ",
        "                        ",
        "                        ",
        "                        ",
        "                        ",
        "                        ",
        "                        ",
        "                        ",
        "                        ",
        "          iisssss       ",
        "          iS...>s       ",
        "          s....>s       ",
        "          s..ssii       ",
        "          s....<s       ",
        "          iS...<s       ",
        "          iisssss       ",
        "                        ",
        "                        "
      ],
      "terrain": { "<": "t_stairs_up", ">": "t_stairs_down", " ": "t_rock", "s": "t_rock", ".": "t_rock_floor", "1": "t_column" },
      "furniture": { "S": "f_statue", "s": "f_statue" }
    }
  },
  {
    "type": "mapgen",
    "om_terrain": [ "hell_castle_B1_NE" ],
    "method": "json",
    "weight": 100,
    "object": {
      "fill_ter": "t_rock",
      "rows": [
        "                        ",
        "                  ,,,,, ",
        "                 ,,,,,  ",
        "                 ,,,,,  ",
        "               ,,,#,,,, ",
        "                ,#.,,,, ",
        "                 ,,#,   ",
        "                  ,,    ",
        "                        ",
        "                        ",
        "                        ",
        "                        ",
        "                        ",
        "                        ",
        "                        ",
        "                        ",
        "                        ",
        "                        ",
        "                        ",
        "                        ",
        "                        ",
        "                        ",
        "                        ",
        "                        "
      ],
      "terrain": {
        " ": "t_rock",
        "#": "t_rock",
        ",": [ "t_rock", "t_rock", "t_rock", "t_rock_floor", "t_rock_floor" ],
        ".": "t_rock_floor"
      },
      "furniture": { "S": "f_statue", "s": "f_statue" }
    }
  },
  {
    "type": "mapgen",
    "om_terrain": [ "hell_castle_B1_CW" ],
    "method": "json",
    "weight": 100,
    "object": {
      "fill_ter": "t_rock",
      "rows": [
        "                        ",
        "                        ",
        "                        ",
        "                        ",
        "                        ",
        "                        ",
        "                        ",
        "                        ",
        "                        ",
        "                        ",
        "                        ",
        "                        ",
        "                        ",
        "                        ",
        "                        ",
        "                        ",
        "                        ",
        "                        ",
        "                        ",
        "                        ",
        "                        ",
        "                        ",
        "                        ",
        "                        "
      ],
      "terrain": { " ": "t_rock" },
      "furniture": { "S": "f_statue", "s": "f_statue" }
    }
  },
  {
    "type": "mapgen",
    "om_terrain": [ "hell_castle_B1_C" ],
    "method": "json",
    "weight": 100,
    "object": {
      "fill_ter": "t_rock",
      "rows": [
        "                        ",
        "                        ",
        "                        ",
        "                        ",
        "                        ",
        "                        ",
        "                        ",
        "                        ",
        "                        ",
        "                        ",
        "                        ",
        "                        ",
        "                        ",
        "                        ",
        "                        ",
        "                        ",
        "                        ",
        "                        ",
        "                        ",
        "                        ",
        "                        ",
        "                        ",
        "                        ",
        "                        "
      ],
      "terrain": { " ": "t_rock" },
      "furniture": { "S": "f_statue", "s": "f_statue" }
    }
  },
  {
    "type": "mapgen",
    "om_terrain": [ "hell_castle_B1_CE" ],
    "method": "json",
    "weight": 100,
    "object": {
      "fill_ter": "t_rock",
      "rows": [
        "                        ",
        "                        ",
        "                        ",
        "                        ",
        "                        ",
        "                        ",
        "                        ",
        "                        ",
        "                        ",
        "                        ",
        "                        ",
        "                        ",
        "                        ",
        "                        ",
        "                        ",
        "                        ",
        "                        ",
        "                        ",
        "                        ",
        "                        ",
        "                        ",
        "                        ",
        "                        ",
        "                        "
      ],
      "terrain": { " ": "t_rock" },
      "furniture": { "S": "f_statue", "s": "f_statue" }
    }
  },
  {
    "type": "mapgen",
    "om_terrain": [ "hell_castle_B1_SW" ],
    "method": "json",
    "weight": 100,
    "object": {
      "fill_ter": "t_rock",
      "rows": [
        "                        ",
        "                        ",
        "                        ",
        "                        ",
        "                        ",
        "                        ",
        "                        ",
        "                        ",
        "                        ",
        "                        ",
        "                        ",
        "                        ",
        "                        ",
        "  ,,,,,,,,,             ",
        "    ,,,,,,              ",
        "  ,,,,,,,               ",
        "   ,,,,,,,              ",
        "   ,,#,,,,,             ",
        "  ,,#.,,,,              ",
        "  ,,,,#,,               ",
        "   ,,,,,                ",
        "                        ",
        "                        ",
        "                        "
      ],
      "terrain": {
        " ": "t_rock",
        "#": "t_rock",
        ",": [ "t_rock", "t_rock", "t_rock", "t_rock_floor", "t_rock_floor" ],
        ".": "t_rock_floor"
      },
      "furniture": { "S": "f_statue", "s": "f_statue" }
    }
  },
  {
    "type": "mapgen",
    "om_terrain": [ "hell_castle_B1_S" ],
    "method": "json",
    "weight": 100,
    "object": {
      "fill_ter": "t_rock",
      "rows": [
        "                        ",
        "                        ",
        "                        ",
        "                        ",
        "                        ",
        "                        ",
        "                        ",
        "                        ",
        "                        ",
        "                        ",
        "                        ",
        "                        ",
        "                        ",
        "                        ",
        "                        ",
        "                        ",
        "                        ",
        "                        ",
        "                        ",
        "                        ",
        "                        ",
        "                        ",
        "                        ",
        "                        "
      ],
      "terrain": { " ": "t_rock" },
      "furniture": { "S": "f_statue", "s": "f_statue" }
    }
  },
  {
    "type": "mapgen",
    "om_terrain": [ "hell_castle_B1_SE" ],
    "method": "json",
    "weight": 100,
    "object": {
      "fill_ter": "t_rock",
      "rows": [
        "                        ",
        "                        ",
        "                        ",
        "                        ",
        "                        ",
        "                        ",
        "                        ",
        "                        ",
        "                        ",
        "                        ",
        "                        ",
        "                        ",
        "                        ",
        "                        ",
        "                 ,,,,,, ",
        "                ,,,,,,, ",
        "               ,,,,,,,  ",
        "               ,,,#,,,, ",
        "               ,,,.#,,  ",
        "                ,#,,,,, ",
        "               ,,,,,,,  ",
        "                ,,,,,   ",
        "                        ",
        "                        "
      ],
      "terrain": {
        " ": "t_rock",
        "#": "t_rock",
        ",": [ "t_rock", "t_rock", "t_rock", "t_rock_floor", "t_rock_floor" ],
        ".": "t_rock_floor"
      },
      "furniture": { "S": "f_statue", "s": "f_statue" }
    }
  },
  {
    "type": "mapgen",
    "om_terrain": [ "hell_castle_B2_NW" ],
    "method": "json",
    "weight": 100,
    "object": {
      "fill_ter": "t_rock_floor",
      "rows": [
        "                        ",
        "                        ",
        "                        ",
        "   A                    ",
        "                        ",
        "                        ",
        "     c                  ",
        "                        ",
        "                        ",
        "                        ",
        "                        ",
        "                        ",
        "                        ",
        "                        ",
        "                        ",
        "                c       ",
        "                        ",
        "             c          ",
        "                c       ",
        "                        ",
        "                        ",
        "                        ",
        "                        ",
        "                        "
      ],
      "terrain": { "a": "t_rock_floor", "c": "t_rock_floor" },
      "furniture": { "S": "f_statue", "s": "f_statue" },
      "set": [
        { "point": "furniture", "id": "f_rubble_rock", "x": [ 0, 23 ], "y": [ 0, 23 ], "repeat": [ 15, 100 ] },
        { "point": "terrain", "id": "t_column", "x": [ 0, 23 ], "y": [ 0, 23 ], "repeat": [ 3, 15 ] },
        { "point": "furniture", "id": "f_statue", "x": [ 0, 23 ], "y": [ 0, 23 ], "chance": 3, "repeat": [ 3, 15 ] },
        { "point": "terrain", "id": "t_lava", "x": [ 0, 23 ], "y": [ 0, 23 ], "repeat": [ 0, 9 ] }
      ],
      "place_monsters": [
        { "monster": "GROUP_DOOM_INFANTRY", "x": [ 0, 23 ], "y": [ 0, 23 ], "chance": 8 },
        { "monster": "GROUP_DOOM_HELP", "x": [ 0, 23 ], "y": [ 0, 23 ], "chance": 5 }
      ],
      "monster": { "a": { "monster": "mon_mechaspider" }, "c": { "monster": "mon_cherub" } }
    }
  },
  {
    "type": "mapgen",
    "om_terrain": [ "hell_castle_B2_N" ],
    "method": "json",
    "weight": 100,
    "object": {
      "fill_ter": "t_rock_floor",
      "rows": [
        "                        ",
        "                        ",
        "                        ",
        "                        ",
        "                        ",
        "                        ",
        "                        ",
        "                        ",
        "                        ",
        "                        ",
        "                        ",
        "                        ",
        "                        ",
        "                        ",
        "                        ",
        "                        ",
        "                        ",
        "                        ",
        "              S1S       ",
        "               <        ",
        "               <        ",
        "              S1S       ",
        "                        ",
        "                        "
      ],
      "terrain": { "<": "t_stairs_up", "1": "t_column" },
      "furniture": { "S": "f_statue" },
      "set": [
        { "point": "furniture", "id": "f_rubble_rock", "x": [ 0, 23 ], "y": [ 0, 23 ], "repeat": [ 15, 100 ] },
        { "point": "terrain", "id": "t_column", "x": [ 0, 23 ], "y": [ 0, 23 ], "repeat": [ 3, 15 ] },
        { "point": "furniture", "id": "f_statue", "x": [ 0, 23 ], "y": [ 0, 23 ], "chance": 3, "repeat": [ 3, 15 ] },
        { "point": "terrain", "id": "t_lava", "x": [ 0, 23 ], "y": [ 0, 23 ], "repeat": [ 0, 9 ] }
      ],
      "place_monsters": [
        { "monster": "GROUP_DOOM_INFANTRY", "x": [ 0, 23 ], "y": [ 0, 23 ], "chance": 15 },
        { "monster": "GROUP_DOOM_HELP", "x": [ 0, 23 ], "y": [ 0, 23 ], "chance": 8 }
      ]
    }
  },
  {
    "type": "mapgen",
    "om_terrain": [ "hell_castle_B2_NE" ],
    "method": "json",
    "weight": 100,
    "object": {
      "fill_ter": "t_rock_floor",
      "rows": [
        "                        ",
        "                        ",
        "                        ",
        "                        ",
        "                        ",
        "                        ",
        "          c             ",
        "               c        ",
        "                        ",
        "             A          ",
        "                        ",
        "                        ",
        "                        ",
        "                        ",
        "                        ",
        "                        ",
        "                        ",
        "                        ",
        "                        ",
        "                        ",
        "                        ",
        "                        ",
        "                        ",
        "                        "
      ],
      "terrain": { "a": "t_rock_floor", "c": "t_rock_floor" },
      "furniture": { "S": "f_statue", "s": "f_statue" },
      "set": [
        { "point": "furniture", "id": "f_rubble_rock", "x": [ 0, 23 ], "y": [ 0, 23 ], "repeat": [ 15, 100 ] },
        { "point": "terrain", "id": "t_column", "x": [ 0, 23 ], "y": [ 0, 23 ], "repeat": [ 3, 15 ] },
        { "point": "furniture", "id": "f_statue", "x": [ 0, 23 ], "y": [ 0, 23 ], "chance": 3, "repeat": [ 3, 15 ] },
        { "point": "terrain", "id": "t_lava", "x": [ 0, 23 ], "y": [ 0, 23 ], "repeat": [ 0, 9 ] }
      ],
      "place_monsters": [
        { "monster": "GROUP_DOOM_INFANTRY", "x": [ 0, 23 ], "y": [ 0, 23 ], "chance": 8 },
        { "monster": "GROUP_DOOM_HELP", "x": [ 0, 23 ], "y": [ 0, 23 ], "chance": 5 }
      ],
      "monster": { "a": { "monster": "mon_mechaspider" }, "c": { "monster": "mon_cherub" } }
    }
  },
  {
    "type": "mapgen",
    "om_terrain": [ "hell_castle_B2_CW" ],
    "method": "json",
    "weight": 100,
    "object": {
      "fill_ter": "t_rock_floor",
      "rows": [
        "                        ",
        "                        ",
        "                        ",
        "                        ",
        "                        ",
        "                        ",
        "                        ",
        "                        ",
        "                        ",
        "                        ",
        "                        ",
        "                        ",
        "                        ",
        "                        ",
        "                        ",
        "                        ",
        "                        ",
        "                        ",
        "                        ",
        "                        ",
        "                        ",
        "                        ",
        "                        ",
        "                        "
      ],
      "terrain": { " ": "t_rock_floor" },
      "furniture": { "S": "f_statue", "s": "f_statue" },
      "set": [
        { "point": "furniture", "id": "f_rubble_rock", "x": [ 0, 23 ], "y": [ 0, 23 ], "repeat": [ 15, 100 ] },
        { "point": "terrain", "id": "t_column", "x": [ 0, 23 ], "y": [ 0, 23 ], "repeat": [ 3, 15 ] },
        { "point": "furniture", "id": "f_statue", "x": [ 0, 23 ], "y": [ 0, 23 ], "chance": 3, "repeat": [ 3, 15 ] },
        { "point": "terrain", "id": "t_lava", "x": [ 0, 23 ], "y": [ 0, 23 ], "repeat": [ 0, 9 ] }
      ],
      "place_monsters": [
        { "monster": "GROUP_DOOM_INFANTRY", "x": [ 0, 23 ], "y": [ 0, 23 ], "chance": 8 },
        { "monster": "GROUP_DOOM_HELP", "x": [ 0, 23 ], "y": [ 0, 23 ], "chance": 5 }
      ]
    }
  },
  {
    "type": "mapgen",
    "om_terrain": [ "hell_castle_B2_C" ],
    "method": "json",
    "weight": 100,
    "object": {
      "fill_ter": "t_rock_floor",
      "rows": [
        "                        ",
        "                        ",
        "                        ",
        "                        ",
        "                        ",
        "                        ",
        "                        ",
        "                        ",
        "                        ",
        "                        ",
        "                        ",
        "                        ",
        "                        ",
        "                        ",
        "                        ",
        "                        ",
        "                        ",
        "                        ",
        "                        ",
        "                        ",
        "                        ",
        "                        ",
        "                        ",
        "                        "
      ],
      "terrain": { " ": "t_rock_floor" },
      "furniture": { "S": "f_statue", "s": "f_statue" },
      "set": [
        { "point": "furniture", "id": "f_rubble_rock", "x": [ 0, 23 ], "y": [ 0, 23 ], "repeat": [ 15, 100 ] },
        { "point": "terrain", "id": "t_column", "x": [ 0, 23 ], "y": [ 0, 23 ], "repeat": [ 3, 15 ] },
        { "point": "furniture", "id": "f_statue", "x": [ 0, 23 ], "y": [ 0, 23 ], "chance": 3, "repeat": [ 3, 15 ] },
        { "point": "terrain", "id": "t_lava", "x": [ 0, 23 ], "y": [ 0, 23 ], "repeat": [ 0, 9 ] }
      ],
      "place_monsters": [
        { "monster": "GROUP_DOOM_INFANTRY", "x": [ 0, 23 ], "y": [ 0, 23 ], "chance": 8 },
        { "monster": "GROUP_DOOM_HELP", "x": [ 0, 23 ], "y": [ 0, 23 ], "chance": 5 }
      ]
    }
  },
  {
    "type": "mapgen",
    "om_terrain": [ "hell_castle_B2_CE" ],
    "method": "json",
    "weight": 100,
    "object": {
      "fill_ter": "t_rock_floor",
      "rows": [
        "                        ",
        "                        ",
        "                        ",
        "                        ",
        "                        ",
        "                        ",
        "                        ",
        "                        ",
        "                        ",
        "                        ",
        "                        ",
        "                        ",
        "                        ",
        "                        ",
        "                        ",
        "                        ",
        "                        ",
        "                        ",
        "                        ",
        "                        ",
        "                        ",
        "                        ",
        "                        ",
        "                        "
      ],
      "terrain": { " ": "t_rock_floor" },
      "furniture": { "S": "f_statue", "s": "f_statue" },
      "set": [
        { "point": "furniture", "id": "f_rubble_rock", "x": [ 0, 23 ], "y": [ 0, 23 ], "repeat": [ 15, 100 ] },
        { "point": "terrain", "id": "t_column", "x": [ 0, 23 ], "y": [ 0, 23 ], "repeat": [ 3, 15 ] },
        { "point": "furniture", "id": "f_statue", "x": [ 0, 23 ], "y": [ 0, 23 ], "chance": 3, "repeat": [ 3, 15 ] },
        { "point": "terrain", "id": "t_lava", "x": [ 0, 23 ], "y": [ 0, 23 ], "repeat": [ 0, 9 ] }
      ],
      "place_monsters": [
        { "monster": "GROUP_DOOM_INFANTRY", "x": [ 0, 23 ], "y": [ 0, 23 ], "chance": 8 },
        { "monster": "GROUP_DOOM_HELP", "x": [ 0, 23 ], "y": [ 0, 23 ], "chance": 5 }
      ]
    }
  },
  {
    "type": "mapgen",
    "om_terrain": [ "hell_castle_B2_SW" ],
    "method": "json",
    "weight": 100,
    "object": {
      "fill_ter": "t_rock_floor",
      "rows": [
        "                        ",
        "                     c  ",
        "                       c",
        "                        ",
        "           c            ",
        "                        ",
        "                        ",
        "                        ",
        "       a                ",
        "                        ",
        "                        ",
        "                        ",
        "                        ",
        "                        ",
        "                        ",
        "                        ",
        "                        ",
        "                        ",
        "                        ",
        "                        ",
        "                        ",
        "                        ",
        "                        ",
        "                        "
      ],
      "terrain": { "a": "t_rock_floor", "c": "t_rock_floor" },
      "furniture": { "S": "f_statue", "s": "f_statue" },
      "place_monsters": [
        { "monster": "GROUP_DOOM_INFANTRY", "x": [ 0, 11 ], "y": [ 0, 11 ], "chance": 6 },
        { "monster": "GROUP_DOOM_INFANTRY", "x": [ 14, 23 ], "y": [ 14, 23 ], "chance": 6 },
        { "monster": "GROUP_DOOM_PRIEST", "x": 12, "y": 12 },
        { "monster": "GROUP_DOOM_HELP", "x": 13, "y": 13 }
      ],
      "set": [
        { "point": "furniture", "id": "f_rubble_rock", "x": [ 0, 23 ], "y": [ 0, 23 ], "repeat": [ 15, 100 ] },
        { "point": "terrain", "id": "t_column", "x": [ 0, 23 ], "y": [ 0, 23 ], "repeat": [ 3, 15 ] },
        { "point": "furniture", "id": "f_statue", "x": [ 0, 23 ], "y": [ 0, 23 ], "chance": 3, "repeat": [ 3, 15 ] },
        { "point": "terrain", "id": "t_lava", "x": [ 0, 23 ], "y": [ 0, 23 ], "repeat": [ 0, 9 ] }
      ],
      "monster": { "a": { "monster": "mon_mechaspider" }, "c": { "monster": "mon_cherub" } }
    }
  },
  {
    "type": "mapgen",
    "om_terrain": [ "hell_castle_B2_S" ],
    "method": "json",
    "weight": 100,
    "object": {
      "fill_ter": "t_rock_floor",
      "rows": [
        "                        ",
        "                        ",
        "                        ",
        "                        ",
        "                        ",
        "                        ",
        "                        ",
        "                        ",
        "                        ",
        "                        ",
        "                        ",
        "                        ",
        "                        ",
        "                        ",
        "                        ",
        "                        ",
        "                        ",
        "                        ",
        "        a               ",
        "                        ",
        "                        ",
        "                        ",
        "                        ",
        "                        "
      ],
      "terrain": { "a": "t_rock_floor" },
      "furniture": { "S": "f_statue", "s": "f_statue" },
      "place_items": [
        { "item": "doom_lootpack", "chance": 95, "x": [ 10, 15 ], "y": [ 19, 21 ], "repeat": [ 1, 3 ] },
        { "item": "doom_lootpack", "chance": 35, "x": [ 10, 15 ], "y": [ 16, 18 ], "repeat": [ 1, 4 ] }
      ],
      "set": [
        { "point": "furniture", "id": "f_rubble_rock", "x": [ 0, 23 ], "y": [ 0, 23 ], "repeat": [ 15, 100 ] },
        { "point": "terrain", "id": "t_column", "x": [ 0, 23 ], "y": [ 0, 23 ], "repeat": [ 3, 15 ] },
        { "point": "furniture", "id": "f_statue", "x": [ 0, 23 ], "y": [ 0, 23 ], "chance": 3, "repeat": [ 3, 15 ] },
        { "point": "terrain", "id": "t_lava", "x": [ 0, 23 ], "y": [ 0, 23 ], "repeat": [ 0, 9 ] }
      ],
      "place_monsters": [
        { "monster": "GROUP_DOOM_INFANTRY", "x": [ 0, 23 ], "y": [ 0, 23 ], "chance": 8 },
        { "monster": "GROUP_DOOM_HELP", "x": [ 0, 23 ], "y": [ 0, 23 ], "chance": 5 }
      ],
      "monster": { "a": { "monster": "mon_mechaspider" } }
    }
  },
  {
    "type": "mapgen",
    "om_terrain": [ "hell_castle_B2_SE" ],
    "method": "json",
    "weight": 100,
    "object": {
      "fill_ter": "t_rock_floor",
      "rows": [
        "                        ",
        "                        ",
        "                        ",
        "                        ",
        "                        ",
        "       c                ",
        "                        ",
        "                        ",
        "                        ",
        "                        ",
        "                        ",
        "                        ",
        "                        ",
        "                        ",
        "                        ",
        "                        ",
        "                        ",
        "             c          ",
        "           c            ",
        "              c         ",
        "                   A    ",
        "                        ",
        "                        ",
        "                        "
      ],
      "terrain": { "A": "t_rock_floor", "c": "t_rock_floor" },
      "furniture": { "S": "f_statue", "s": "f_statue" },
      "set": [
        { "point": "furniture", "id": "f_rubble_rock", "x": [ 0, 23 ], "y": [ 0, 23 ], "repeat": [ 15, 100 ] },
        { "point": "terrain", "id": "t_column", "x": [ 0, 23 ], "y": [ 0, 23 ], "repeat": [ 3, 15 ] },
        { "point": "furniture", "id": "f_statue", "x": [ 0, 23 ], "y": [ 0, 23 ], "chance": 3, "repeat": [ 3, 15 ] },
        { "point": "terrain", "id": "t_lava", "x": [ 0, 23 ], "y": [ 0, 23 ], "repeat": [ 0, 9 ] }
      ],
      "place_monsters": [
        { "monster": "GROUP_DOOM_INFANTRY", "x": [ 0, 23 ], "y": [ 0, 23 ], "chance": 8 },
        { "monster": "GROUP_DOOM_HELP", "x": [ 0, 23 ], "y": [ 0, 23 ], "chance": 5 }
      ],
      "monster": { "A": { "monster": "mon_mechaspider_queen" }, "a": { "monster": "mon_mechaspider" }, "c": { "monster": "mon_cherub" } }
    }
  }
]
