[
  {
    "type": "vehicle_group",
    "id": "farm_vehicles",
    "vehicles": [
      [ "tractor_plow", 1000 ],
      [ "tractor_seed", 1000 ],
      [ "tractor_reaper", 1000 ],
      [ "autotractor", 1000 ],
      [ "excavator", 500 ],
      [ "heavy_plow_tractor", 1000 ]
    ]
  },
  {
    "type": "item_group",
    "id": "strawpile",
    "items": [ [ "straw_pile", 95 ], [ "saddle", 4 ], [ "needle_curved", 1 ] ]
  },
  {
    "type": "item_group",
    "id": "rack_smoke",
    "items": [
      [ "null", 15 ],
      [ "dry_meat", 5 ],
      [ "dry_fish", 5 ],
      [ "dry_veggy", 5 ],
      [ "dry_fruit", 5 ],
      [ "meat_smoked", 10 ],
      [ "fish_smoked", 10 ],
      [ "salt", 5 ],
      [ "pepper", 5 ],
      [ "seasoning_salt", 5 ]
    ]
  },
  {
    "type": "item_group",
    "id": "seeds",
    "items": [
      [ "seed_wheat", 2 ],
      [ "seed_tomato", 2 ],
      [ "seed_blueberries", 2 ],
      [ "seed_strawberries", 2 ],
      [ "seed_blackberries", 2 ],
      [ "seed_cranberries", 2 ],
      [ "seed_raspberries", 2 ],
      [ "seed_barley", 2 ],
      [ "seed_sugar_beet", 2 ],
      [ "seed_lettuce", 2 ],
      [ "seed_cabbage", 2 ],
      [ "seed_onion", 2 ],
      [ "seed_carrot", 2 ],
      [ "seed_pumpkin", 2 ],
      [ "seed_corn", 2 ],
      [ "seed_hops", 2 ],
      [ "seed_garlic", 2 ],
      [ "raw_beans", 1 ],
      [ "seed_sunflower", 1 ],
      [ "seed_weed", 1 ]
    ]
  },
  {
    "type": "item_group",
    "id": "auto_farm",
    "items": [
      [ "55gal_drum", 5 ],
      [ "bucket", 10 ],
      [ "chain", 20 ],
      [ "char_smoker", 10 ],
      [ "con_mix", 10 ],
      [ "dehydrator", 20 ],
      [ "duct_tape", 20 ],
      [ "fungicide", 20 ],
      [ "glass_sheet", 5 ],
      [ "horn_big", 10 ],
      [ "jerrycan", 10 ],
      [ "jumper_cable", 10 ],
      [ "motor", 5 ],
      [ "muffler", 15 ],
      [ "pipe", 20 ],
      [ "rebar", 10 ],
      [ "saddle", 30 ],
      [ "superglue", 10 ],
      [ "wheel", 15 ],
      [ "wheel_wide", 15 ],
      [ "wire_barbed", 25 ],
      [ "alternator_truck", 10 ],
      [ "1cyl_combustion", 5 ],
      [ "v2_combustion", 5 ],
      [ "v6_combustion", 10 ],
      [ "news_regional", 2 ],
      [ "many_years_old_newspaper", 10 ],
      [ "one_year_old_newspaper", 10 ],
      [ "months_old_newspaper", 5 ],
      [ "weeks_old_newspaper", 4 ],
      [ "newest_newspaper", 2 ],
      [ "survnote", 1 ],
      [ "pipe_solid", 5 ]
    ]
  },
  {
    "type": "mapgen",
    "om_terrain": [ "farm_unsettled_barn" ],
    "method": "json",
    "weight": 100,
    "object": {
      "fill_ter": "t_dirtfloor",
      "rows": [
        "                |       ",
        "   __x_X========X_x__   ",
        "   _WW..........|.OO_   ",
        "   _WW.............O_   ",
        "   x...............Ox   ",
        "   x............<...x   ",
        "   _...i........i..._   ",
        "   _---..........---_   ",
        "   _w.-..........-.w_   ",
        "   _w.-..........-.w_   ",
        "   _w.+..........+.w_   ",
        "   _w.+..........+.w_   ",
        "   _w.-..........-.w_   ",
        "   _w.-..........-.w_   ",
        "   _---..........---_   ",
        "   _...i........i..._   ",
        "   x...............Sx   ",
        "   x...............Sx   ",
        "   _................_   ",
        "   _{{{{........|.{{_   ",
        " ##__x_X========X_x__## ",
        " #              |     # ",
        " #                    # ",
        " #                    ##"
      ],
      "terrain": {
        " ": [ "t_dirt", "t_dirt", "t_dirt", "t_grass", "t_grass", "t_grass", "t_grass", "t_grass", "t_grass", "t_grass" ],
        ".": "t_dirtfloor",
        "#": "t_fence_barbed",
        "+": "t_fencegate_c",
        "-": "t_fence_v",
        "_": "t_wall_r",
        "X": "t_wall_wood",
        "x": "t_window_boarded",
        "|": "t_barndoor",
        "=": "t_door_metal_locked",
        "i": "t_column",
        "<": "t_ladder_up"
      },
      "furniture": { "W": "f_hay", "O": "f_crate_o", "{": "f_rack", "S": "f_smoking_rack" },
      "items": {
        "{": { "item": "farming_tools", "chance": 15 },
        "w": { "item": "strawpile", "chance": 55 },
        "S": { "item": "rack_smoke", "chance": 25 }
      },
      "place_items": [
        { "item": "seeds", "chance": 65, "x": [ 18, 19 ], "y": 2, "repeat": [ 1, 3 ] },
        { "item": "seeds", "chance": 65, "x": 19, "y": [ 2, 4 ], "repeat": [ 1, 3 ] },
        { "item": "farming_tools", "chance": 65, "x": [ 4, 19 ], "y": [ 2, 19 ] },
        { "item": "hardware", "chance": 20, "x": [ 4, 19 ], "y": [ 6, 15 ] }
      ],
      "place_monsters": [
        { "monster": "GROUP_DOMESTIC", "x": [ 4, 19 ], "y": [ 2, 19 ], "repeat": [ 1, 2 ] },
        { "monster": "GROUP_PEST", "x": [ 6, 10 ], "y": [ 6, 10 ], "chance": 4 }
      ]
    }
  },
  {
    "type": "mapgen",
    "om_terrain": [ "farm_unsettled_barn_f2" ],
    "method": "json",
    "weight": 100,
    "object": {
      "fill_ter": "t_open_air",
      "rows": [
        "           ~~           ",
        "   ____XXXX..XXXX____   ",
        "   _~~~~~~~~~~~~~~~~_   ",
        "   _~~~~~~~~~~~~~~~~_   ",
        "   _~~~~~~~~~~~~~~~~_   ",
        "   _......~~~~..>..._   ",
        "   _...i........i..._   ",
        "   _................_   ",
        "   _................_   ",
        "   _................_   ",
        "   _................_   ",
        "   _................_   ",
        "   _................_   ",
        "   _................_   ",
        "   _................_   ",
        "   _...i........i..._   ",
        "   _......~~~~......_   ",
        "   _~~~~~~~~~~~~~~~~_   ",
        "   _~~~~~~~~~~~~~~~~_   ",
        "   _~~~~~~~~~~~~~~~~_   ",
        "   ____XXXX..XXXX____   ",
        "           ~~           ",
        "                        ",
        "                        "
      ],
      "terrain": { "~": "t_open_air_rooved", ".": "t_floor", "_": "t_wall_r", "X": "t_wall_wood", "i": "t_column", ">": "t_ladder_down" },
      "items": { ".": { "item": "strawpile", "chance": 25 } },
      "place_items": [
        { "item": "farming_tools", "chance": 40, "x": [ 4, 19 ], "y": [ 6, 15 ], "repeat": [ 1, 2 ] },
        { "item": "hardware", "chance": 20, "x": [ 4, 19 ], "y": [ 6, 15 ], "repeat": [ 1, 2 ] }
      ],
      "place_monsters": [ { "monster": "GROUP_PEST_FLYING", "x": [ 6, 10 ], "y": [ 6, 10 ], "chance": 5 } ]
    }
  },
  {
    "type": "mapgen",
    "om_terrain": [ "farm_unsettled_house" ],
    "method": "json",
    "weight": 100,
    "object": {
      "fill_ter": "t_floor",
      "rows": [
        "                 ***    ",
        "                 ***    ",
        "                 ***    ",
        "                 ***    ",
        "                 ***    ",
        "                 ***    ",
        "                 ***  & ",
        "  ** **          ***    ",
        "  *****          ***    ",
        "  *****|         ***    ",
        "__=====__   $$$$  *     ",
        "_x.....|_   $---O-+--$$ ",
        "Xx......X   $-]}x,,B-O- ",
        "X{......X   $Ox,,,,,TT- ",
        "_{......_   $-o,,,,,,,- ",
        "_x......_ $$$-{,,,,^ss- ",
        "_......L_ -O--,,,-+---- ",
        "_......L_ -x,+,T,-,dd,-*",
        "X......._ -{,---+-,,,,-*",
        "_.i...i._*-{,-[::+,bb,O*",
        "_B......+.+,,-:t]-,bbx-*",
        "_____X___*----O----O---*",
        "$$$$$$$$$* $$$$$$$ *****",
        "************************"
      ],
      "terrain": {
        " ": [ "t_dirt", "t_dirt", "t_dirt", "t_grass", "t_grass", "t_grass", "t_grass", "t_grass", "t_grass", "t_grass" ],
        ".": "t_dirtfloor",
        "*": "t_dirt",
        ":": "t_linoleum_gray",
        ",": "t_floor",
        "+": "t_door_c",
        "-": "t_wall",
        "_": "t_wall_wood",
        "O": "t_window_domestic_taped",
        "X": "t_window_boarded",
        "|": "t_barndoor",
        "=": "t_door_metal_locked",
        "i": "t_column",
        "&": "t_water_pump",
        "$": [ "t_shrub", "t_shrub", "t_shrub", "t_shrub", "t_underbrush" ]
      },
      "furniture": {
        "x": "f_counter",
        "}": "f_fridge",
        "]": "f_sink",
        "o": "f_oven",
        "{": "f_cupboard",
        "[": "f_bathtub",
        "B": "f_bookcase",
        "L": "f_locker",
        "T": "f_table",
        "^": "f_indoor_plant",
        "s": "f_sofa",
        "b": "f_bed",
        "d": "f_dresser"
      },
      "toilets": { "t": {  } },
      "place_vehicles": [ { "vehicle": "farm_vehicles", "x": 3, "y": 13, "rotation": -90, "chance": 45 } ],
      "set": [
        { "line": "terrain", "id": "t_dirtfloor", "x": 2, "x2": 2, "y": 11, "y2": 15 },
        { "line": "terrain", "id": "t_dirtfloor", "x": 7, "x2": 7, "y": 16, "y2": 17 },
        { "line": "terrain", "id": "t_linoleum_gray", "x": 15, "x2": 16, "y": 20, "y2": 20 },
        { "point": "terrain", "id": "t_linoleum_gray", "x": 14, "y": 19 },
        { "point": "terrain", "id": "t_dirtfloor", "x": 2, "y": 20 },
        { "point": "trap", "id": "tr_nailboard", "x": [ 0, 23 ], "y": [ 0, 9 ], "chance": 12, "repeat": [ 8, 16 ] },
        {
          "point": "trap",
          "id": "tr_beartrap_buried",
          "x": [ 0, 23 ],
          "y": [ 0, 9 ],
          "chance": 12,
          "repeat": [ 6, 12 ]
        },
        { "point": "trap", "id": "tr_pit", "x": [ 0, 23 ], "y": [ 0, 9 ], "chance": 12, "repeat": [ 5, 15 ] },
        { "point": "trap", "id": "tr_beartrap_buried", "x": [ 9, 23 ], "y": 10, "chance": 12, "repeat": [ 2, 7 ] }
      ],
      "place_items": [
        { "item": "livingroom", "chance": 50, "x": [ 15, 21 ], "y": 2, "repeat": [ 1, 3 ] },
        { "item": "homebooks", "chance": 60, "x": 11, "y": 19, "repeat": [ 1, 2 ] },
        { "item": "homebooks", "chance": 30, "x": 1, "y": 20, "repeat": [ 1, 2 ] },
        { "item": "bedroom", "chance": 50, "x": 21, "y": 20 },
        { "item": "bed", "chance": 65, "x": [ 19, 20 ], "y": [ 19, 20 ] },
        { "item": "softdrugs", "chance": 35, "x": [ 14, 16 ], "y": [ 19, 20 ] },
        { "item": "kitchen", "chance": 75, "x": 14, "y": [ 12, 15 ], "repeat": [ 1, 2 ] },
        { "item": "fridge", "chance": 50, "x": 15, "y": 12 },
        { "item": "moonshine_brew", "chance": 75, "x": [ 15, 22 ], "y": [ 12, 20 ] },
        { "item": "dresser", "chance": 60, "x": [ 19, 20 ], "y": 17, "repeat": [ 1, 2 ] },
        { "item": "auto_farm", "chance": 75, "x": 7, "y": [ 16, 17 ], "repeat": [ 1, 2 ] },
        { "item": "farming_tools", "chance": 40, "x": 11, "y": [ 17, 19 ], "repeat": [ 1, 2 ] },
        { "item": "hardware", "chance": 40, "x": 11, "y": [ 17, 19 ] },
        { "item": "hardware", "chance": 50, "x": 1, "y": [ 11, 15 ], "repeat": [ 1, 2 ] }
      ],
      "place_monsters": [ { "monster": "GROUP_DOMESTIC", "x": [ 2, 21 ], "y": [ 2, 21 ], "chance": 4, "repeat": [ 1, 2 ] } ],
      "place_loot": [ { "item": "television", "chance": 60, "x": [ 20, 21 ], "y": 13 } ]
    }
  },
  {
    "type": "mapgen",
    "om_terrain": [ "farm_unsettled_topright" ],
    "method": "json",
    "weight": 100,
    "object": {
      "fill_ter": "t_dirt",
      "rows": [
        "                        ",
        " ###################### ",
        " #                    # ",
        " #                    # ",
        " #  ................  # ",
        " #                    # ",
        " #  ................  # ",
        " #                    # ",
        " #  ................  # ",
        " #                    # ",
        " #  ................  # ",
        " #                    # ",
        " #  ................  # ",
        " #                    # ",
        " #  ................  # ",
        " #                    # ",
        " #  ................  # ",
        " #                    # ",
        " #  ................  # ",
        " #                    # ",
        " #  ................  # ",
        " +                    # ",
        " +  ................  # ",
        "##                    # "
      ],
      "terrain": { " ": "t_dirt", "#": "t_fence_barbed", ".": "t_dirtmound", "+": "t_fencegate_c" },
      "place_monsters": [ { "monster": "GROUP_DOMESTIC", "x": [ 3, 20 ], "y": [ 3, 20 ], "chance": 20 } ]
    }
  },
  {
    "type": "mapgen",
    "om_terrain": [ "farm_unsettled_centerleft" ],
    "method": "json",
    "weight": 100,
    "object": {
      "fill_ter": "t_dirt",
      "rows": [
        " #                     #",
        " #                      ",
        " #                      ",
        " #                      ",
        " #  ...............     ",
        " #                      ",
        " #  .................   ",
        " #                      ",
        " #  ..................  ",
        " #                      ",
        " #  ..................  ",
        " #                      ",
        " #  ..................  ",
        " #                      ",
        " #  ..................  ",
        " #                      ",
        " #  ..................  ",
        " #                      ",
        " #  ..................  ",
        " #                      ",
        " #  ..................  ",
        " #                      ",
        " #  ..................  ",
        " #                      "
      ],
      "terrain": { " ": "t_dirt", "#": "t_fence_barbed", ".": "t_dirtmound", "+": "t_fencegate_c" },
      "place_monsters": [ { "monster": "GROUP_DOMESTIC", "x": [ 3, 20 ], "y": [ 3, 20 ], "chance": 20 } ]
    }
  },
  {
    "type": "mapgen",
    "om_terrain": [ "farm_unsettled_centercenter" ],
    "method": "json",
    "weight": 100,
    "object": {
      "fill_ter": "t_dirt",
      "rows": [
        "########################",
        "                        ",
        "                        ",
        "                        ",
        "     ..............     ",
        "                        ",
        "   ..................   ",
        "                        ",
        "  ....................  ",
        "                        ",
        "  ....................  ",
        "                        ",
        "  ....................  ",
        "                        ",
        "  ....................  ",
        "                        ",
        "  ....................  ",
        "                        ",
        "  ....................  ",
        "                        ",
        "  ....................  ",
        "                        ",
        "  ....................  ",
        "                        "
      ],
      "terrain": { " ": "t_dirt", "#": "t_fence_barbed", ".": "t_dirtmound", "+": "t_fencegate_c" },
      "place_monsters": [ { "monster": "GROUP_DOMESTIC", "x": [ 3, 20 ], "y": [ 3, 20 ], "chance": 20 } ]
    }
  },
  {
    "type": "mapgen",
    "om_terrain": [ "farm_unsettled_centerright" ],
    "method": "json",
    "weight": 100,
    "object": {
      "fill_ter": "t_dirt",
      "rows": [
        "#                     # ",
        "                      # ",
        "                      # ",
        "                      # ",
        "     ...............  # ",
        "                      # ",
        "   .................  # ",
        "                      # ",
        "  ..................  # ",
        "                      # ",
        "  ..................  # ",
        "                      # ",
        "  ..................  # ",
        "                      # ",
        "  ..................  # ",
        "                      # ",
        "  ..................  # ",
        "                      # ",
        "  ..................  # ",
        "                      # ",
        "  ..................  # ",
        "                      # ",
        "  ..................  # ",
        "                      # "
      ],
      "terrain": { " ": "t_dirt", "#": "t_fence_barbed", ".": "t_dirtmound", "+": "t_fencegate_c" },
      "place_monsters": [ { "monster": "GROUP_DOMESTIC", "x": [ 3, 20 ], "y": [ 3, 20 ], "chance": 20 } ]
    }
  },
  {
    "type": "mapgen",
    "om_terrain": [ "farm_unsettled_bottomleft" ],
    "method": "json",
    "weight": 100,
    "object": {
      "fill_ter": "t_dirt",
      "rows": [
        " #                      ",
        " #  ..................  ",
        " #                      ",
        " #  ..................  ",
        " #                      ",
        " #  ..................  ",
        " #                      ",
        " #  ..................  ",
        " #                      ",
        " #  ..................  ",
        " #                      ",
        " #  ..................  ",
        " #                      ",
        " #  ..................  ",
        " #                      ",
        " #  ..................  ",
        " #                      ",
        " #  ..................  ",
        " #                      ",
        " #  ..................  ",
        " #                      ",
        " #                      ",
        " ######################+",
        "                        "
      ],
      "terrain": { " ": "t_dirt", "#": "t_fence_barbed", ".": "t_dirtmound", "+": "t_fencegate_c" },
      "place_monsters": [ { "monster": "GROUP_DOMESTIC", "x": [ 3, 20 ], "y": [ 3, 20 ], "chance": 20 } ]
    }
  },
  {
    "type": "mapgen",
    "om_terrain": [ "farm_unsettled_bottomcenter" ],
    "method": "json",
    "weight": 100,
    "object": {
      "fill_ter": "t_dirt",
      "rows": [
        "                        ",
        "  ....................  ",
        "                        ",
        "  ....................  ",
        "                        ",
        "  ....................  ",
        "                        ",
        "  ....................  ",
        "                        ",
        "  ....................  ",
        "                        ",
        "  ....................  ",
        "                        ",
        "  ....................  ",
        "                        ",
        "  ....................  ",
        "                        ",
        "  ....................  ",
        "                        ",
        "  ....................  ",
        "                        ",
        "                        ",
        "+#######################",
        "                        "
      ],
      "terrain": { " ": "t_dirt", "#": "t_fence_barbed", ".": "t_dirtmound", "+": "t_fencegate_c" },
      "place_monsters": [ { "monster": "GROUP_DOMESTIC", "x": [ 3, 20 ], "y": [ 3, 20 ], "chance": 20 } ]
    }
  },
  {
    "type": "mapgen",
    "om_terrain": [ "farm_unsettled_bottomright" ],
    "method": "json",
    "weight": 100,
    "object": {
      "fill_ter": "t_dirt",
      "rows": [
        "                      # ",
        "  ..................  # ",
        "                      # ",
        "  ..................  # ",
        "                      # ",
        "  ..................  # ",
        "                      # ",
        "  ..................  # ",
        "                      # ",
        "  ..................  # ",
        "                      # ",
        "  ..................  # ",
        "                      # ",
        "  ..................  # ",
        "                      # ",
        "  ..................  # ",
        "                      # ",
        "  ..................  # ",
        "                      # ",
        "  ..................  # ",
        "                      # ",
        "                      # ",
        "####################### ",
        "                        "
      ],
      "terrain": { " ": "t_dirt", "#": "t_fence_barbed", ".": "t_dirtmound", "+": "t_fencegate_c" },
      "place_monsters": [ { "monster": "GROUP_DOMESTIC", "x": [ 3, 20 ], "y": [ 3, 20 ], "chance": 20 } ]
    }
  }
]
