[
  {
    "type": "mapgen",
    "om_terrain": [ "hunter_shack" ],
    "method": "json",
    "weight": 100,
    "object": {
      "fill_ter": "t_floor",
      "rows": [
        "          i             ",
        " i       i i    i       ",
        "     i   i  i    i  ii  ",
        "        i   i      ii   ",
        "   i         ii      i  ",
        "     i    i       i     ",
        "  i            ii       ",
        "ii  i    -----------iii ",
        "i     i  -CSn.....d- i  ",
        " i       -....---+--    ",
        "  i   i  -B..D-@..d-    ",
        "         -B...-@..d-  i ",
        "   i i   -bbTc-s.ss- i  ",
        "  i   i  ---o---+---    ",
        "  i    i i=V,,^,,,,,  i ",
        "   i     ,,,,,,,,X=   i ",
        "      i  ,=&&,xxXX=i  i ",
        "    ii i  =========  i  ",
        "       i  i   i       ii",
        "  i        i   i       i",
        "     i  i       i ii    ",
        "      ii i     i i   i  ",
        "   i      ii    i i i   ",
        "                i   i   "
      ],
      "terrain": {
        " ": [
          "t_swater_dp",
          "t_swater_sh",
          "t_swater_sh",
          "t_dirt",
          "t_dirt",
          "t_dirt",
          "t_dirt",
          "t_grass",
          "t_grass",
          "t_grass",
          "t_grass",
          "t_grass",
          "t_grass",
          "t_underbrush",
          "t_tree",
          "t_tree_young"
        ],
        "i": [
          "t_swater_dp",
          "t_swater_sh",
          "t_swater_sh",
          "t_dirt",
          "t_dirt",
          "t_dirt",
          "t_grass",
          "t_grass",
          "t_grass",
          "t_underbrush"
        ],
        ",": [ "t_dirt", "t_dirt", "t_dirt", "t_dirt", "t_dirt", "t_dirt", "t_grass" ],
        "+": "t_door_c",
        ".": "t_floor",
        "-": "t_wall_wood",
        "o": "t_window_domestic",
        "V": "t_dirt",
        "&": "t_dirt",
        "X": "t_dirt",
        "x": "t_dirt",
        "=": "t_dirt",
        "^": "t_dirt"
      },
      "furniture": {
        "^": "f_bulletin",
        "=": "f_sandbag_wall",
        "B": "f_bookcase",
        "b": "f_makeshift_bed",
        "X": "f_crate_c",
        "x": "f_crate_o",
        "S": "f_woodstove",
        "s": "f_counter",
        "n": "f_counter",
        "T": "f_table",
        "c": "f_chair",
        "C": "f_cupboard",
        "D": "f_dresser",
        "d": "f_rack",
        "V": "f_fvat_empty",
        "&": "f_kiln_empty",
        "@": "f_smoking_rack",
        "i": [
          "f_null",
          "f_null",
          "f_null",
          "f_null",
          "f_null",
          "f_null",
          "f_null",
          "f_cattails",
          "f_cattails",
          "f_cattails",
          "f_cattails"
        ]
      },
      "mapping": {
        "B": { "items": [ { "item": "novels", "chance": 50 }, { "item": "textbooks", "chance": 25 } ] },
        "b": { "items": { "item": "bed", "chance": 60 } },
        "D": { "items": { "item": "dresser", "chance": 75 } },
        "d": { "items": { "item": "NC_HUNTER_misc", "chance": 50 } },
        "s": { "items": { "item": "traveler", "chance": 15 } },
        "C": { "items": [ { "item": "kitchen", "chance": 50 }, { "item": "fridge", "chance": 50 } ] },
        "X": { "items": [ { "item": "hardware", "chance": 30 }, { "item": "mischw", "chance": 30 } ] },
        "x": { "items": [ { "item": "cleaning", "chance": 30 }, { "item": "hardware_plumbing", "chance": 30 } ] }
      }
    }
  },
  {
    "type": "mapgen",
    "om_terrain": [ "hunter_shack" ],
    "method": "json",
    "weight": 100,
    "object": {
      "fill_ter": "t_floor",
      "rows": [
        "                        ",
        "                        ",
        "        ;;;;;;;;;;;     ",
        " ,,,,,,,,;----o----;    ",
        " ,#,#,#,;;-x..DDDD-;    ",
        " ,#,#,#,;;-C.....D--;   ",
        " ,#,#,#,;R-C..c...T-,,  ",
        " ,#,#,#,;;-S..Tc...+,,, ",
        " ,#,#,#,;&os......--,,  ",
        " ,#,#,#,;&-s.L.dBB-,;;  ",
        " ,#,#,#,;--..L....-,;;  ",
        " ,#,#,#,,+...L..bb-,;;  ",
        " ,,,,,,,,----------,;;  ",
        "  ;;,,,,,;-llNNxX-;;;;  ",
        "  ;X-+--,;-.....X-^;;,  ",
        "  ;X-.C-;;;;;;;;;;;;;;  ",
        "   --.x-;;;;;;;;;;;;;;; ",
        "  ;-V.X-;;;;;;;;;;;;;;;;",
        "  ;on.X-;;;;;;;;;;;;;;;;",
        "  ;-@.X-;;;;;;;;;;;;;;;;",
        "  ;-----;;;;;;;;;;;;;;;;",
        "  ;;;;;;;;;;;;;;;;;;;;;;",
        "             ;;;;;;;;;;;",
        "              ;;;;;;;;;;"
      ],
      "terrain": {
        " ": [
          "t_swater_dp",
          "t_swater_sh",
          "t_swater_sh",
          "t_dirt",
          "t_dirt",
          "t_dirt",
          "t_dirt",
          "t_grass",
          "t_grass",
          "t_grass",
          "t_grass",
          "t_grass",
          "t_grass",
          "t_underbrush",
          "t_tree",
          "t_tree_young"
        ],
        ";": [ "t_dirt", "t_dirt", "t_dirt", "t_dirt", "t_dirt", "t_dirt", "t_grass" ],
        "+": "t_door_c",
        ".": "t_floor",
        "-": "t_wall_wood",
        "o": "t_window_domestic",
        ",": "t_dirt",
        "R": "t_dirt",
        "&": "t_dirt",
        "#": "t_dirtmound",
        "^": "t_dirt"
      },
      "furniture": {
        "^": "f_bulletin",
        "B": "f_bookcase",
        "b": "f_makeshift_bed",
        "X": "f_crate_c",
        "x": "f_crate_o",
        "T": "f_table",
        "c": "f_chair",
        "S": "f_woodstove",
        "s": "f_counter",
        "n": "f_counter",
        "N": "f_cupboard",
        "C": "f_cupboard",
        "d": "f_dresser",
        "L": "f_locker",
        "l": "f_locker",
        "D": "f_rack",
        "R": "f_rack",
        "V": "f_fvat_empty",
        "&": "f_kiln_empty",
        "@": "f_smoking_rack"
      },
      "mapping": {
        "B": { "items": [ { "item": "novels", "chance": 50 }, { "item": "textbooks", "chance": 25 } ] },
        "b": { "items": { "item": "bed", "chance": 60 } },
        "d": { "items": { "item": "dresser", "chance": 75 } },
        "D": { "items": { "item": "NC_HUNTER_misc", "chance": 50 } },
        "L": { "items": { "item": "NC_HUNTER_misc", "chance": 50 } },
        "l": { "items": { "item": "hardware", "chance": 60 } },
        "s": { "items": { "item": "traveler", "chance": 15 } },
        "N": { "items": { "item": "cleaning", "chance": 60 } },
        "n": { "items": { "item": "NC_HUNTER_misc", "chance": 60 } },
        "C": { "items": [ { "item": "kitchen", "chance": 50 }, { "item": "fridge", "chance": 50 } ] },
        "X": { "items": [ { "item": "hardware", "chance": 30 }, { "item": "mischw", "chance": 30 } ] },
        "x": { "items": [ { "item": "cleaning", "chance": 30 }, { "item": "hardware_plumbing", "chance": 30 } ] }
      }
    }
  }
]
