[
  {
    "type": "vehicle_group",
    "id": "plantation_vehicles",
    "vehicles": [
      [ "motorcycle", 200 ],
      [ "superbike", 100 ],
      [ "motorcycle_sidecart", 100 ],
      [ "quad_bike", 200 ],
      [ "pickup", 100 ],
      [ "portable_generator", 50 ],
      [ "excavator", 100 ],
      [ "meth_lab", 50 ],
      [ "heavy_plow_tractor", 100 ]
    ]
  },
  {
    "type": "mapgen",
    "om_terrain": "barn",
    "method": "json",
    "//": "Created and donated by Kedryn on the C:DDA Forums.",
    "weight": 100,
    "fill_ter": "t_dirtfloor",
    "object": {
      "rows": [
        "#......,,,,,,,,.........",
        "#......,,,,,,,,.........",
        "#......,,,,,,,,.........",
        "#......,,,,,,,,&........",
        "#.|-1--MMMMMMMM--1-|....",
        "#.|HHH         &   |....",
        "#.1HHH             1....",
        "#.1HHH             1....",
        "#.|                |....",
        "#.|~~~          ~~~|....",
        "#.|  ]          ]  |....",
        "#.|  ]          ]  |....",
        "#.1  [          [  1....",
        "#.1  [          [  1....",
        "#.|  ]          ]  |....",
        "#.|  ]          ]  |....",
        "#.|~~~          ~~~|....",
        "#.|                |....",
        "#.1                1....",
        "#.1                1....",
        "#.|LLLL        &   |....",
        "#.|-1--MMMMMMMM--1-|....",
        "#.....#________&#.......",
        "#######________.########"
      ],
      "terrain": {
        ".": [ "t_grass", "t_grass", "t_grass", "t_grass", "t_dirt" ],
        ",": "t_dirt",
        "|": "t_wall_wood",
        "-": "t_wall_wood",
        "M": "t_door_metal_locked",
        "P": "t_door_metal_pickable",
        "H": "t_dirtfloor",
        "L": "t_dirtfloor",
        " ": "t_dirtfloor",
        "&": "t_barndoor",
        "_": "t_pavement",
        "#": "t_rock_wall_half",
        "1": "t_window_boarded",
        "~": "t_fence_h",
        "]": "t_fence_v",
        "[": "t_fencegate_c"
      },
      "mapping": {
        ".": { "item": { "item": "rock", "chance": [ 1, 300 ] } },
        "H": { "terrain": "t_dirtfloor", "furniture": "f_hay", "item": { "item": "straw_pile", "amount": [ 0, 4 ] } },
        "L": {
          "terrain": "t_dirtfloor",
          "furniture": "f_locker",
          "items": [
            { "item": "farming_tools", "chance": [ 10, 30 ] },
            { "item": "home_hw", "chance": [ 10, 30 ] },
            { "item": "tools_common", "chance": [ 10, 30 ] }
          ]
        }
      },
      "place_vehicles": [ { "vehicle": "plantation_vehicles", "x": 10, "y": 12, "rotation": -90, "chance": 70 } ],
      "place_items": [
        { "item": "mine_storage", "chance": 25, "x": [ 3, 4 ], "y": 10 },
        { "item": "mine_storage", "chance": 25, "x": [ 17, 18 ], "y": 10 },
        { "item": "mine_storage", "chance": 25, "x": [ 3, 4 ], "y": 15 },
        { "item": "mine_storage", "chance": 25, "x": [ 17, 18 ], "y": 15 }
      ],
      "place_npcs": [ { "class": "bandit", "x": 6, "y": 16 }, { "class": "thug", "x": 5, "y": 15 } ]
    }
  },
  {
    "type": "mapgen",
    "om_terrain": [ "farm_house" ],
    "method": "json",
    "weight": 333,
    "object": {
      "fill_ter": "t_floor",
      "rows": [
        "########################",
        "........................",
        "..........zz.zz.....zz..",
        ".......|||22|22|||||22||",
        ".......|@@       |@@    ",
        ".......|@@     cc|@@    ",
        ".......|:      cc|     :",
        "|......|||||+|||||||+|||",
        ".''''''| H     :666:    ",
        ".''''''|___             ",
        ".''''''|_=_ 6           ",
        ".''''''|___ H      7||||",
        ".''''''|||||||||   7|   ",
        ".''''''|999 999|   7|   ",
        ".''''''|       +   7|  6",
        ".''''''|  ccc  |>   +  6",
        ".''''''||0|||0|||33|||2|",
        ".''''''[   H6          B",
        ".''''''[                ",
        "|,,,,,,|~~~~~~~|    |~~~",
        "z,,,,,,zIIIIIII&SSSSSIII",
        ".,,,,,,SSSSSSSSSSSSSSSSS",
        ".,,,,,,SSSSSSSSSSSSSSSSS",
        "z,,,,,,z................"
      ],
      "terrain": {
        ".": [ "t_grass", "t_grass", "t_grass", "t_grass", "t_dirt" ],
        "|": "t_wall",
        "#": "t_rock_wall_half",
        "2": "t_window_domestic",
        "0": "t_curtains",
        "3": "t_door_locked",
        " ": "t_floor",
        ">": "t_stairs_down",
        "+": "t_door_c",
        "=": "t_rock_floor",
        "I": "t_dirt",
        "M": "t_door_metal_locked",
        "z": "t_shrub",
        "S": "t_sidewalk",
        "^": "t_tree",
        "{": "t_door_glass_c",
        "[": "t_fence_v",
        "_": "t_rock_floor",
        "'": "t_thconc_floor",
        ",": "t_pavement",
        "&": "t_water_pump",
        "~": "t_fence_h"
      },
      "furniture": {
        "6": "f_table",
        "7": "f_bookcase",
        "8": "f_bathtub",
        "9": "f_rack",
        ":": "f_dresser",
        "=": "f_woodstove",
        "c": "f_counter",
        "?": "f_sofa",
        "@": "f_bed",
        "A": "f_sink",
        "B": "f_chair",
        "C": "f_desk",
        "D": "f_trashcan",
        "E": "f_cupboard",
        "F": "f_fridge",
        "H": "f_armchair",
        "G": "f_oven",
        "I": "f_bluebell"
      },
      "toilets": { ";": {  } },
      "place_items": [
        { "item": "bed", "chance": 65, "x": [ 8, 9 ], "y": [ 4, 5 ] },
        { "item": "bed", "chance": 65, "x": [ 18, 19 ], "y": [ 4, 5 ] },
        { "item": "stash_wood", "chance": 50, "x": [ 8, 8 ], "y": [ 11, 11 ] },
        { "item": "dresser", "chance": 75, "x": [ 8, 8 ], "y": [ 6, 6 ] },
        { "item": "home_hw", "chance": 40, "x": [ 15, 16 ], "y": [ 5, 6 ] },
        { "item": "dresser", "chance": 65, "x": [ 23, 23 ], "y": [ 6, 6 ] },
        { "item": "cannedfood", "chance": 60, "x": [ 8, 10 ], "y": [ 13, 13 ] },
        { "item": "pasta", "chance": 50, "x": [ 8, 10 ], "y": [ 13, 13 ] },
        { "item": "stash_food", "chance": 65, "x": [ 12, 14 ], "y": [ 13, 13 ] },
        { "item": "camping", "chance": 25, "x": [ 16, 17 ], "y": [ 8, 8 ] },
        { "item": "homebooks", "chance": 65, "x": [ 19, 19 ], "y": [ 11, 14 ] },
        { "item": "kitchen", "chance": 75, "x": [ 23, 23 ], "y": [ 12, 15 ] },
        { "item": "fridge", "chance": 50, "x": [ 23, 23 ], "y": [ 14, 15 ] },
        { "item": "dining", "chance": 75, "x": [ 23, 23 ], "y": [ 14, 15 ] }
      ],
      "place_npcs": [
        { "class": "bandit", "x": [ 6, 22 ], "y": [ 5, 21 ] },
        { "class": "bandit", "x": [ 6, 22 ], "y": [ 5, 21 ] },
        { "class": "bandit", "x": [ 6, 22 ], "y": [ 5, 21 ] },
        { "class": "thug", "x": [ 6, 22 ], "y": [ 5, 21 ] }
      ],
      "place_vehicles": [
        { "vehicle": "plantation_vehicles", "x": 2, "y": 9, "rotation": -90, "chance": 75 },
        { "vehicle": "plantation_vehicles", "x": 2, "y": 17, "rotation": -90, "chance": 75 }
      ]
    }
  },
  {
    "type": "mapgen",
    "om_terrain": [ "farm_house_e" ],
    "method": "json",
    "weight": 333,
    "object": {
      "fill_ter": "t_floor",
      "rows": [
        "########[[[[['''''''''''",
        ".......#...s['''''''''''",
        ".......#...s['''''''''''",
        "|||||..#...s['''''''''''",
        "| 88|..#...s['''''''''''",
        "| 88|..#...s['''''''''''",
        "|  ;|..#...s['''''''''''",
        "|+|||..#...s['''''''''''",
        "    |..#...s['''''''''''",
        "    |..#...s['''''''''''",
        "    |..#...s['''''''''''",
        "+||||..#...s['''''''''''",
        "   F|..#...s['''''''''''",
        "   G2z.#...s['''''''''''",
        "6  A2z.#...s['''''''''''",
        "6  >|..#...s['''''''''''",
        "||2||..#...s['''''''''''",
        "66B ]..#...s['''''''''''",
        "    ]..#...s['''''''''''",
        "~~~~|..#...s['''''''''''",
        "IIIIz..#...s['''''''''''",
        "SSSSS..#...s['''''''''''",
        "SSSSS..#...s['''''''''''",
        ".......#...s['''''''''''"
      ],
      "terrain": {
        ".": [ "t_grass", "t_grass", "t_grass", "t_grass", "t_dirt" ],
        "|": "t_wall",
        "#": "t_rock_wall_half",
        "2": "t_window_domestic",
        "0": "t_curtains",
        "3": "t_door_locked",
        " ": "t_floor",
        "+": "t_door_c",
        "=": "t_rock_floor",
        ",": [ "t_dirtmound", "t_dirtmound", "t_dirt" ],
        "s": [ "t_grass", "t_grass", "t_grass", "t_tree", "t_shrub" ],
        "'": [ "t_dirt", "t_dirt", "t_grass" ],
        "I": "t_dirt",
        "z": "t_shrub",
        "S": "t_sidewalk",
        "^": "t_tree",
        "{": "t_door_glass_c",
        "]": "t_fence_v",
        "[": "t_fence_barbed",
        "_": "t_rock_floor",
        "~": "t_fence_h"
      },
      "furniture": {
        "6": "f_table",
        "7": "f_bookcase",
        "8": "f_bathtub",
        "9": "f_rack",
        ":": "f_dresser",
        "=": "f_woodstove",
        ">": "f_counter",
        "?": "f_sofa",
        "@": "f_bed",
        "A": "f_sink",
        "B": "f_chair",
        "C": "f_desk",
        "D": "f_trashcan",
        "E": "f_cupboard",
        "F": "f_fridge",
        "H": "f_armchair",
        "G": "f_oven",
        "I": "f_bluebell"
      },
      "toilets": { ";": {  } },
      "place_npcs": [ { "class": "thug", "x": [ 0, 11 ], "y": [ 0, 23 ] }, { "class": "bandit", "x": [ 0, 11 ], "y": [ 0, 23 ] } ],
      "mapping": { ",": { "terrain": [ "t_dirtmound", "t_dirtmound", "t_dirt" ], "items": { "item": "hydro", "chance": 5 } } },
      "place_items": [
        { "item": "kitchen", "chance": 40, "x": [ 3, 3 ], "y": [ 12, 15 ] },
        { "item": "fridge", "chance": 65, "x": [ 3, 3 ], "y": [ 12, 12 ] },
        { "item": "oven", "chance": 50, "x": [ 3, 3 ], "y": [ 13, 13 ] },
        { "item": "fridge", "chance": 35, "x": [ 0, 0 ], "y": [ 17, 17 ] },
        { "item": "dining", "chance": 50, "x": [ 0, 0 ], "y": [ 17, 17 ] },
        { "item": "fridge", "chance": 35, "x": [ 0, 0 ], "y": [ 14, 15 ] },
        { "item": "dining", "chance": 50, "x": [ 0, 0 ], "y": [ 14, 15 ] },
        { "item": "homebooks", "chance": 65, "x": [ 0, 0 ], "y": [ 17, 17 ] },
        { "item": "softdrugs", "chance": 35, "x": [ 1, 3 ], "y": [ 4, 6 ] },
        { "item": "cleaning", "chance": 50, "x": [ 1, 3 ], "y": [ 4, 6 ] },
        { "item": "harddrugs", "chance": 10, "x": [ 1, 3 ], "y": [ 4, 6 ] }
      ]
    }
  },
  {
    "type": "mapgen",
    "om_terrain": [ "farm_garden" ],
    "method": "json",
    "weight": 333,
    "object": {
      "fill_ter": "t_dirt",
      "rows": [
        "z______z................",
        "z______z..,',,',,',,',,'",
        "z______z..,',,',,',,',,'",
        "z______z..,',,',,',,',,'",
        "z______z..,',,',,',,',,'",
        "z______z..,',,',,',,',,'",
        "z______z..,',,',,',,',,'",
        "z______z..,',,',,',,',,'",
        "z______z..,',,',,',,',,'",
        "z______z..,',,',,',,',,'",
        "z______z..,',,',,',,',,'",
        "z______z..,',,',,',,',,'",
        "z______z..,',,',,',,',,'",
        "z______z..,',,',,',,',,'",
        "z______z..,',,',,',,',,'",
        "z______z..,',,',,',,',,'",
        "z______z..,',,',,',,',,'",
        "z______z..,',,',,',,',,'",
        "z______z..,',,',,',,',,'",
        "z______z................",
        "z______z................",
        "z______z................",
        "z______z................",
        "z______z################"
      ],
      "terrain": {
        ".": [ "t_grass", "t_grass", "t_grass", "t_grass", "t_dirt" ],
        "#": "t_rock_wall_half",
        "z": "t_shrub",
        "S": "t_sidewalk",
        "^": "t_dirtmound",
        ",": [ "t_dirtmound", "t_dirtmound", "t_dirt" ],
        "'": [ "t_dirt", "t_dirt", "t_grass" ],
        "_": "t_pavement"
      },
      "place_monsters": [
        { "monster": "GROUP_DOMESTIC", "x": [ 2, 20 ], "y": [ 2, 20 ], "chance": 5 },
        { "monster": "GROUP_PEST", "x": [ 2, 20 ], "y": [ 2, 20 ], "chance": 10 }
      ],
      "mapping": { ",": { "terrain": [ "t_dirtmound", "t_dirtmound", "t_dirt" ], "items": { "item": "hydro", "chance": 5 } } },
      "place_vehicles": [ { "vehicle": "plantation_vehicles", "x": 2, "y": 5, "rotation": -90, "chance": 75 } ]
    }
  },
  {
    "type": "mapgen",
    "om_terrain": [ "farm_garden_e" ],
    "method": "json",
    "weight": 333,
    "object": {
      "fill_ter": "t_dirt",
      "rows": [
        ".......#...s['''''''''''",
        ",,.....#...s['''''''''''",
        ".......#...s['''''''''''",
        ",,.....#...s['''''''''''",
        ",,.....#...s['''''''''''",
        ".......#...s['''''''''''",
        ",,.....#...s['''''''''''",
        ".......#...s['''''''''''",
        ",,.....#...s['''''''''''",
        ".......#...s['''''''''''",
        ",,.....#...s['''''''''''",
        ".......#...s['''''''''''",
        ",,.....#...s['''''''''''",
        ",,.....#...s['''''''''''",
        ".......#...s['''''''''''",
        ",,.....#...s['''''''''''",
        ".......#...s['''''''''''",
        ",,.....#...s['''''''''''",
        ",,.....#...s['''''''''''",
        ".......#...s['''''''''''",
        ",,.....#...s['''''''''''",
        ".......#...s['''''''''''",
        ",,.....#...s[[[[[[[[[[[[",
        "########ssssssssssssssss"
      ],
      "terrain": {
        ".": [ "t_grass", "t_grass", "t_grass", "t_grass", "t_dirt" ],
        "s": [ "t_grass", "t_grass", "t_grass", "t_tree", "t_shrub" ],
        "|": "t_wall",
        "#": "t_rock_wall_half",
        ",": [ "t_dirtmound", "t_dirt" ],
        "'": [ "t_dirt", "t_grass" ],
        "z": "t_shrub",
        "S": "t_sidewalk",
        "^": "t_tree",
        "[": "t_fence_barbed",
        "_": "t_pavement",
        "~": "t_fence_h"
      },
      "place_monsters": [
        { "monster": "GROUP_DOMESTIC", "x": [ 2, 20 ], "y": [ 2, 20 ], "chance": 10 },
        { "monster": "GROUP_PEST", "x": [ 2, 20 ], "y": [ 2, 20 ], "chance": 11 }
      ],
      "mapping": { ",": { "terrain": [ "t_dirtmound", "t_dirtmound", "t_dirt" ], "items": { "item": "hydro", "chance": 5 } } }
    }
  },
  {
    "type": "mapgen",
    "om_terrain": [ "farm_lot" ],
    "method": "json",
    "weight": 100,
    "object": {
      "fill_ter": "t_dirt",
      "rows": [
        "########################",
        "#.....................^.",
        "#........----...........",
        "#.......--;;--........^.",
        "#.......|;;;;|..........",
        "#......--;>>;--.......^.",
        "#......|;;;;;;|.........",
        "#......|;;;;;;|.......^.",
        "#......--;;;;--.........",
        "#.......|;;;;|........^.",
        "#.......||;;||..........",
        "#......,,-MM-,,.......^.",
        "#......,,,,,,,,.........",
        "#......,,,,,,,,.......^.",
        "#......,,,,,,,,.........",
        "#......,,,,,,,,.......^.",
        "#......,,,,,,,,.........",
        "#......,,,,,,,,.......^.",
        "#......,,,,,,,,.........",
        "#......,,,,,,,,.........",
        "#......,,,,,,,,.........",
        "#......,,,,,,,,.........",
        "#......,,,,,,,,.........",
        "#......,,,,,,,,........."
      ],
      "terrain": {
        ".": [ "t_grass", "t_grass", "t_grass", "t_grass", "t_dirt" ],
        ",": "t_dirt",
        ";": "t_dirtfloor",
        "M": "t_door_metal_pickable",
        "|": "t_wall_metal",
        "-": "t_wall_metal",
        "^": [ "t_tree", "t_tree", "t_tree_apple", "t_tree_cherry", "t_tree_plum", "t_tree_pear" ],
        "#": "t_rock_wall_half",
        ">": "t_slope_down"
      },
      "mapping": { ".": { "item": { "item": "rock", "chance": [ 1, 600 ] } } },
      "place_monsters": [ { "monster": "GROUP_PEST", "x": [ 7, 14 ], "y": [ 4, 9 ], "chance": 4 } ]
    }
  },
  {
    "type": "mapgen",
    "om_terrain": [ "farm_crops_nw" ],
    "method": "json",
    "weight": 333,
    "object": {
      "rows": [
        "s[''''''''''''''''''''''",
        "s[s',,',,',,',,',,',,',,",
        "s[s',,',,',,',,',,',,',,",
        "s[s',,',,',,',,',,',,',,",
        "s[s',,',,',,',,',,',,',,",
        "s[s',,',,',,',,',,',,',,",
        "s[s',,',,',,',,',,',,',,",
        "s[s',,',,',,',,',,',,',,",
        "s[s',,',,',,',,',,',,',,",
        "s[s',,',,',,',,',,',,',,",
        "s[s',,',,',,',,',,',,',,",
        "s[s',,',,',,',,',,',,',,",
        "s[s',,',,',,',,',,',,',,",
        "s[s',,',,',,',,',,',,',,",
        "s[s',,',,',,',,',,',,',,",
        "s[s',,',,',,',,',,',,',,",
        "s[s',,',,',,',,',,',,',,",
        "s[s',,',,',,',,',,',,',,",
        "s[s',,',,',,',,',,',,',,",
        "s[s',,',,',,',,',,',,',,",
        "s[s',,',,',,',,',,',,',,",
        "s[s',,',,',,',,',,',,',,",
        "s[s',,',,',,',,',,',,',,",
        "s[s',,',,',,',,',,',,',,"
      ],
      "terrain": {
        "s": [ "t_grass", "t_grass", "t_grass", "t_tree", "t_shrub" ],
        "'": [ "t_dirt", "t_dirt", "t_dirt", "t_grass" ],
        ",": [ "t_dirtmound", "t_dirt" ],
        "z": "t_shrub",
        "^": "t_tree",
        "[": "t_fence_barbed",
        "_": "t_pavement"
      },
      "place_monsters": [
        { "monster": "GROUP_DOMESTIC", "x": [ 2, 20 ], "y": [ 2, 20 ], "chance": 5 },
        { "monster": "GROUP_PEST", "x": [ 2, 20 ], "y": [ 2, 20 ], "chance": 10 }
      ],
      "mapping": {
        ",": {
          "item": [
            { "item": "wheat", "chance": [ 1, 300 ] },
            { "item": "seed_wheat", "chance": [ 1, 300 ] },
            { "item": "straw_pile", "chance": [ 1, 300 ] },
            { "item": "withered", "chance": [ 1, 100 ] }
          ]
        }
      }
    }
  },
  {
    "type": "mapgen",
    "om_terrain": [ "farm_crops_n" ],
    "method": "json",
    "weight": 333,
    "object": {
      "rows": [
        "''''''''''''''''''''''''",
        ",,',,',,',,',,',,',,',,'",
        ",,',,',,',,',,',,',,',,'",
        ",,',,',,',,',,',,',,',,'",
        ",,',,',,',,',,',,',,',,'",
        ",,',,',,',,',,',,',,',,'",
        ",,',,',,',,',,',,',,',,'",
        ",,',,',,',,',,',,',,',,'",
        ",,',,',,',,',,',,',,',,'",
        ",,',,',,',,',,',,',,',,'",
        ",,',,',,',,',,',,',,',,'",
        ",,',,',,',,',,',,',,',,'",
        ",,',,',,',,',,',,',,',,'",
        ",,',,',,',,',,',,',,',,'",
        ",,',,',,',,',,',,',,',,'",
        ",,',,',,',,',,',,',,',,'",
        ",,',,',,',,',,',,',,',,'",
        ",,',,',,',,',,',,',,',,'",
        ",,',,',,',,',,',,',,',,'",
        ",,',,',,',,',,',,',,',,'",
        ",,',,',,',,',,',,',,',,'",
        ",,',,',,',,',,',,',,',,'",
        ",,',,',,',,',,',,',,',,'",
        ",,',,',,',,',,',,',,',,'"
      ],
      "terrain": {
        ",": [ "t_dirtmound", "t_dirt" ],
        "'": [ "t_dirt", "t_grass" ],
        "z": "t_shrub",
        "^": "t_tree",
        "[": "t_fence_barbed",
        "_": "t_pavement"
      },
      "place_monsters": [
        { "monster": "GROUP_DOMESTIC", "x": [ 2, 20 ], "y": [ 2, 20 ], "chance": 5 },
        { "monster": "GROUP_PEST", "x": [ 2, 20 ], "y": [ 2, 20 ], "chance": 10 }
      ],
      "mapping": {
        ",": {
          "item": [
            { "item": "wheat", "chance": [ 1, 300 ] },
            { "item": "seed_wheat", "chance": [ 1, 300 ] },
            { "item": "straw_pile", "chance": [ 1, 300 ] },
            { "item": "withered", "chance": [ 1, 100 ] }
          ]
        }
      }
    }
  },
  {
    "type": "mapgen",
    "om_terrain": [ "farm_crops_ne" ],
    "method": "json",
    "weight": 333,
    "object": {
      "rows": [
        "'''''''''''''''''''''s[s",
        ",,',,',,',,',,',,',,'s[s",
        ",,',,',,',,',,',,',,'s[s",
        ",,',,',,',,',,',,',,'s[s",
        ",,',,',,',,',,',,',,'s[s",
        ",,',,',,',,',,',,',,'s[s",
        ",,',,',,',,',,',,',,'s[s",
        ",,',,',,',,',,',,',,'s[s",
        ",,',,',,',,',,',,',,'s[s",
        ",,',,',,',,',,',,',,'s[s",
        ",,',,',,',,',,',,',,'s[s",
        ",,',,',,',,',,',,',,'s[s",
        ",,',,',,',,',,',,',,'s[s",
        ",,',,',,',,',,',,',,'s[s",
        ",,',,',,',,',,',,',,'s[s",
        ",,',,',,',,',,',,',,'s[s",
        ",,',,',,',,',,',,',,'s[s",
        ",,',,',,',,',,',,',,'s[s",
        ",,',,',,',,',,',,',,'s[s",
        ",,',,',,',,',,',,',,'s[s",
        ",,',,',,',,',,',,',,'s[s",
        ",,',,',,',,',,',,',,'s[s",
        ",,',,',,',,',,',,',,'s[s",
        ",,',,',,',,',,',,',,'s[s"
      ],
      "terrain": {
        "s": [ "t_grass", "t_grass", "t_grass", "t_tree" ],
        ",": [ "t_dirtmound", "t_dirt" ],
        "'": [ "t_dirt", "t_grass" ],
        "z": "t_shrub",
        "^": "t_tree",
        "[": "t_fence_barbed",
        "_": "t_pavement"
      },
      "place_monsters": [
        { "monster": "GROUP_DOMESTIC", "x": [ 2, 20 ], "y": [ 2, 20 ], "chance": 5 },
        { "monster": "GROUP_PEST", "x": [ 2, 20 ], "y": [ 2, 20 ], "chance": 10 }
      ],
      "mapping": {
        ",": {
          "item": [
            { "item": "wheat", "chance": [ 1, 300 ] },
            { "item": "seed_wheat", "chance": [ 1, 300 ] },
            { "item": "straw_pile", "chance": [ 1, 300 ] },
            { "item": "withered", "chance": [ 1, 100 ] }
          ]
        }
      }
    }
  },
  {
    "type": "mapgen",
    "om_terrain": [ "farm_crops_w" ],
    "method": "json",
    "weight": 333,
    "object": {
      "rows": [
        "s[s',,',,',,',,',,',,',,",
        "s[s',,',,',,',,',,',,',,",
        "s[s',,',,',,',,',,',,',,",
        "s[s',,',,',,',,',,',,',,",
        "s[s',,',,',,',,',,',,',,",
        "s[s',,',,',,',,',,',,',,",
        "s[s',,',,',,',,',,',,',,",
        "s[s',,',,',,',,',,',,',,",
        "s[s',,',,',,',,',,',,',,",
        "s[s',,',,',,',,',,',,',,",
        "s[s',,',,',,',,',,',,',,",
        "s[s',,',,',,',,',,',,',,",
        "s[s',,',,',,',,',,',,',,",
        "s[s',,',,',,',,',,',,',,",
        "s[s',,',,',,',,',,',,',,",
        "s[s',,',,',,',,',,',,',,",
        "s[s',,',,',,',,',,',,',,",
        "s[s',,',,',,',,',,',,',,",
        "s[s',,',,',,',,',,',,',,",
        "s[s',,',,',,',,',,',,',,",
        "s[s',,',,',,',,',,',,',,",
        "s[s',,',,',,',,',,',,',,",
        "s[s',,',,',,',,',,',,',,",
        "s[s',,',,',,',,',,',,',,"
      ],
      "terrain": {
        "s": [ "t_grass", "t_grass", "t_grass", "t_tree", "t_shrub" ],
        "'": [ "t_dirt", "t_dirt", "t_dirt", "t_grass" ],
        ",": [ "t_dirtmound", "t_dirt" ],
        "z": "t_shrub",
        "^": "t_tree",
        "[": "t_fence_barbed",
        "_": "t_pavement"
      },
      "place_monsters": [
        { "monster": "GROUP_DOMESTIC", "x": [ 2, 20 ], "y": [ 2, 20 ], "chance": 5 },
        { "monster": "GROUP_PEST", "x": [ 2, 20 ], "y": [ 2, 20 ], "chance": 10 }
      ],
      "mapping": {
        ",": {
          "item": [
            { "item": "wheat", "chance": [ 1, 300 ] },
            { "item": "seed_wheat", "chance": [ 1, 300 ] },
            { "item": "straw_pile", "chance": [ 1, 300 ] },
            { "item": "withered", "chance": [ 1, 100 ] }
          ]
        }
      }
    }
  },
  {
    "type": "mapgen",
    "om_terrain": [ "farm_crops" ],
    "method": "json",
    "weight": 333,
    "object": {
      "rows": [
        ",,',,',,',,',,',,',,',,'",
        ",,',,',,',,',,',,',,',,'",
        ",,',,',,',,',,',,',,',,'",
        ",,',,',,',,',,',,',,',,'",
        ",,',,',,',,',,',,',,',,'",
        ",,',,',,',,',,',,',,',,'",
        ",,',,',,',,',,',,',,',,'",
        ",,',,',,',,',,',,',,',,'",
        ",,',,',,',,',,',,',,',,'",
        ",,',,',,',,',,',,',,',,'",
        ",,',,',,',,',,',,',,',,'",
        ",,',,',,',,',,',,',,',,'",
        ",,',,',,',,',,',,',,',,'",
        ",,',,',,',,',,',,',,',,'",
        ",,',,',,',,',,',,',,',,'",
        ",,',,',,',,',,',,',,',,'",
        ",,',,',,',,',,',,',,',,'",
        ",,',,',,',,',,',,',,',,'",
        ",,',,',,',,',,',,',,',,'",
        ",,',,',,',,',,',,',,',,'",
        ",,',,',,',,',,',,',,',,'",
        ",,',,',,',,',,',,',,',,'",
        ",,',,',,',,',,',,',,',,'",
        ",,',,',,',,',,',,',,',,'"
      ],
      "terrain": { ",": [ "t_dirtmound", "t_dirt" ], "'": [ "t_dirt", "t_grass" ] },
      "place_monsters": [
        { "monster": "GROUP_DOMESTIC", "x": [ 2, 20 ], "y": [ 2, 20 ], "chance": 5 },
        { "monster": "GROUP_PEST", "x": [ 2, 20 ], "y": [ 2, 20 ], "chance": 10 }
      ],
      "mapping": {
        ",": {
          "item": [
            { "item": "wheat", "chance": [ 1, 300 ] },
            { "item": "seed_wheat", "chance": [ 1, 300 ] },
            { "item": "straw_pile", "chance": [ 1, 300 ] },
            { "item": "withered", "chance": [ 1, 100 ] }
          ]
        }
      }
    }
  },
  {
    "type": "mapgen",
    "om_terrain": [ "farm_crops_e" ],
    "method": "json",
    "weight": 333,
    "object": {
      "rows": [
        ",,',,',,',,',,',,',,'s[s",
        ",,',,',,',,',,',,',,'s[s",
        ",,',,',,',,',,',,',,'s[s",
        ",,',,',,',,',,',,',,'s[s",
        ",,',,',,',,',,',,',,'s[s",
        ",,',,',,',,',,',,',,'s[s",
        ",,',,',,',,',,',,',,'s[s",
        ",,',,',,',,',,',,',,'s[s",
        ",,',,',,',,',,',,',,'s[s",
        ",,',,',,',,',,',,',,'s[s",
        ",,',,',,',,',,',,',,'s[s",
        ",,',,',,',,',,',,',,'s[s",
        ",,',,',,',,',,',,',,'s[s",
        ",,',,',,',,',,',,',,'s[s",
        ",,',,',,',,',,',,',,'s[s",
        ",,',,',,',,',,',,',,'s[s",
        ",,',,',,',,',,',,',,'s[s",
        ",,',,',,',,',,',,',,'s[s",
        ",,',,',,',,',,',,',,'s[s",
        ",,',,',,',,',,',,',,'s[s",
        ",,',,',,',,',,',,',,'s[s",
        ",,',,',,',,',,',,',,'s[s",
        ",,',,',,',,',,',,',,'s[s",
        ",,',,',,',,',,',,',,'s[s"
      ],
      "terrain": {
        "s": [ "t_grass", "t_grass", "t_grass", "t_tree" ],
        ",": [ "t_dirtmound", "t_dirt" ],
        "'": [ "t_dirt", "t_grass" ],
        "[": "t_fence_barbed"
      },
      "place_monsters": [
        { "monster": "GROUP_DOMESTIC", "x": [ 2, 20 ], "y": [ 2, 20 ], "chance": 5 },
        { "monster": "GROUP_PEST", "x": [ 2, 20 ], "y": [ 2, 20 ], "chance": 10 }
      ],
      "mapping": {
        ",": {
          "item": [
            { "item": "wheat", "chance": [ 1, 300 ] },
            { "item": "seed_wheat", "chance": [ 1, 300 ] },
            { "item": "straw_pile", "chance": [ 1, 300 ] },
            { "item": "withered", "chance": [ 1, 100 ] }
          ]
        }
      }
    }
  },
  {
    "type": "mapgen",
    "om_terrain": [ "farm_pasture_nw" ],
    "method": "json",
    "weight": 333,
    "object": {
      "rows": [
        "........................",
        ".[[[[[[[[[[[[[[[[[[[[[[[",
        ".[......................",
        ".[''''''''''''''''''''''",
        ".['''''''^''''''''''''''",
        ".[''''''''''''''''''''''",
        ".[''''''''''''''''''''''",
        ".[''''''''^'''''''''''''",
        ".['''^''^www''''''''''''",
        ".[''''^wwwWww^''''''''''",
        ".[''''wwW~~Www''''''''''",
        ".['''wwWW~~WWww'''''''''",
        ".['''wwW~~WWww^'''''''''",
        ".[''''wwW~www'''''''''''",
        ".[''''^wwWw^''''''''''''",
        ".['''''wwWw'''''''''''''",
        ".['''''^wWww''''''''''''",
        ".[''''''wWw'''''''''''''",
        ".[''''^wwWww^'''''''''''",
        ".[''''ww~Ww'''''''''''''",
        ".['''wwW~ww^''''''''''''",
        ".['''^wwww^'''''''''''''",
        ".[''''ww^'''''''''''^'''",
        ".[''''''''''''''''''''''"
      ],
      "terrain": {
        ".": [ "t_grass", "t_grass", "t_grass", "t_grass", "t_dirt" ],
        "'": [ "t_dirt", "t_dirt", "t_dirt", "t_grass" ],
        ",": [ "t_dirtmound", "t_dirt" ],
        "~": "t_water_dp",
        "w": [ "t_water_dp", "t_water_sh", "t_water_sh", "t_water_sh", "t_water_sh" ],
        "W": [ "t_water_dp", "t_water_dp", "t_water_dp", "t_water_dp", "t_water_dp", "t_water_sh" ],
        "^": [ "t_water_sh", "t_dirt", "t_dirt", "t_grass", "t_tree", "t_shrub", "t_underbrush" ],
        "[": "t_fence_barbed",
        ">": "t_slope_down"
      },
      "place_monsters": [ { "monster": "GROUP_DOMESTIC", "x": [ 2, 20 ], "y": [ 2, 20 ], "chance": 4 } ],
      "mapping": { ",": { "terrain": [ "t_dirtmound", "t_dirtmound", "t_dirt" ], "items": { "item": "hydro", "chance": 5 } } }
    }
  },
  {
    "type": "mapgen",
    "om_terrain": [ "farm_pasture_n" ],
    "method": "json",
    "weight": 333,
    "object": {
      "rows": [
        "........................",
        "[[[[[[[[[[[[[[[[[[[[[[[[",
        "........................",
        "''''''''''''''''''''''''",
        "'''''''''^''''''''''''''",
        "''''''''''''''''''''''''",
        "''''''''''''''''''''''''",
        "'''''''''''''''''''^''''",
        "'''''^''''''''''''''''''",
        "''''''''''''''''''''''''",
        "''''''''''''''''''''''''",
        "''''''''''''''''''''''''",
        "'''''''''''''^''''''''''",
        "''''''''''''''''''''''''",
        "''''''^'''''''''''''''''",
        "''''''''''''''''''''''''",
        "''''''''''''''''''''''''",
        "'''^''''''''''''''''^'''",
        "''''''''''''''''''''''''",
        "''''''''''''''''''^'''''",
        "''''^'''''''''''''''''''",
        "''''''''''''''''''''''''",
        "''''''''''''''''''''^'''",
        "''''''''''''''''''''''''"
      ],
      "terrain": {
        ".": [ "t_grass", "t_grass", "t_grass", "t_grass", "t_dirt" ],
        "'": [ "t_dirt", "t_dirt", "t_dirt", "t_grass" ],
        ",": [ "t_dirtmound", "t_dirt" ],
        "^": [ "t_dirt", "t_dirt", "t_grass", "t_tree", "t_shrub" ],
        "[": "t_fence_barbed"
      },
      "place_monsters": [ { "monster": "GROUP_DOMESTIC", "x": [ 2, 20 ], "y": [ 2, 20 ], "chance": 4 } ],
      "mapping": { ",": { "terrain": [ "t_dirtmound", "t_dirtmound", "t_dirt" ], "items": { "item": "hydro", "chance": 3 } } }
    }
  },
  {
    "type": "mapgen",
    "om_terrain": [ "farm_pasture_ne" ],
    "method": "json",
    "weight": 333,
    "object": {
      "rows": [
        "........................",
        "[[[[[[[[[[[[[[[[[[[[[[[.",
        "......................[.",
        "''''''''''''''''''''''[.",
        "'''''''''^''''''''''''[.",
        "''''''''''''''''''''''[.",
        "'^''''''''''''''''''''[.",
        "'''''''''''''''''''^''[.",
        "'''''^''''''''''''''''[.",
        "''''''''''''''''''''''[.",
        "''''''''''''''''''''''[.",
        "''''''''''''''''''''''[.",
        "'''''''''''''^''''''''[.",
        "''''''''''''''''''''''[.",
        "''''''^'''''''''''''''[.",
        "''''''''''''''''''''''[.",
        "''''''''''''''''''''''[.",
        "'''^''''''''''''''''^'[.",
        "''''''''''''''''''''''[.",
        "''''''''''''''''''^'''[.",
        "''''^'''''''''''''''''[.",
        "''''''''''''''''''''''[.",
        "''''''''''''''''''''^'[.",
        "''''''''''''''''''''''[."
      ],
      "terrain": {
        ".": [ "t_grass", "t_grass", "t_grass", "t_grass", "t_dirt" ],
        "'": [ "t_dirt", "t_dirt", "t_dirt", "t_grass" ],
        ",": [ "t_dirtmound", "t_dirt" ],
        "^": [ "t_dirt", "t_dirt", "t_grass", "t_tree", "t_shrub" ],
        "[": "t_fence_barbed"
      },
      "place_monsters": [ { "monster": "GROUP_DOMESTIC", "x": [ 2, 20 ], "y": [ 2, 20 ], "chance": 5 } ],
      "mapping": { ",": { "terrain": [ "t_dirtmound", "t_dirtmound", "t_dirt" ], "items": { "item": "hydro", "chance": 3 } } }
    }
  },
  {
    "type": "mapgen",
    "om_terrain": [ "farm_pasture_w" ],
    "method": "json",
    "weight": 333,
    "object": {
      "rows": [
        ".[''''''''''''''''''''''",
        ".[''''''''''^'''''''''''",
        ".[''^''''''''''''^''''''",
        ".[''''''''''''''''''''''",
        ".[''''''''''''''''''''''",
        ".[''''''''''''''''''''''",
        ".[''''''''''''''''''''''",
        ".[''''''''''''''''''''''",
        ".['''^''''''''''''''''''",
        ".[''''''''''''''''''''''",
        ".[''''''''''''''''''''''",
        ".[''''''''''''''''''''''",
        ".['''''''''''^''''''''''",
        ".[''''''''''''''''''''''",
        ".[''''^'''''''''''''''''",
        ".[''''''''''''''''''''''",
        ".[''''''''''''''''''''''",
        ".['^''''''''''''''''''''",
        ".[''''''''''''''''''''''",
        ".[''''''''''''''''^'''''",
        ".[''''''''''''''''''''''",
        ".[''''''''''''''''''''''",
        ".[''''''''''''''''''^'''",
        ".[''''''''''''''''''''''"
      ],
      "terrain": {
        ".": [ "t_grass", "t_grass", "t_grass", "t_grass", "t_dirt" ],
        "'": [ "t_dirt", "t_dirt", "t_dirt", "t_grass" ],
        ",": [ "t_dirtmound", "t_dirt" ],
        "^": [ "t_dirt", "t_dirt", "t_grass", "t_tree", "t_shrub" ],
        "[": "t_fence_barbed"
      },
      "place_monsters": [ { "monster": "GROUP_DOMESTIC", "x": [ 2, 20 ], "y": [ 2, 20 ], "chance": 5 } ],
      "mapping": { ",": { "items": { "item": "hydro", "chance": 3 } } }
    }
  },
  {
    "type": "mapgen",
    "om_terrain": [ "farm_pasture_sw" ],
    "method": "json",
    "weight": 333,
    "object": {
      "rows": [
        "s[''''''''''''''''''''''",
        "s['^''''''''''''''''''''",
        "s[''''''''''''''''''''''",
        "s[''''''''''''''''''''''",
        "s['''^'''''''^''''''''''",
        "s[''''''''''''''''''^'''",
        "s[''''''''''''''''''''''",
        "s['''''^''''''''''''''''",
        "s[''''''''''''''''''''''",
        "s['^'''''''''''''^''''''",
        "s[''''''''''''''''''''''",
        "s[''''''^'''''''''''''''",
        "s[''''''''''''''''''''''",
        "s[''''''''''''''''''''''",
        "s[''''''''''''''''''^'''",
        "s[''''''''''''''''''''''",
        "s[''''''''''''''''''''''",
        "s[''''''''''''''''''''''",
        "s[''''^'''''''''''''''''",
        "s[''''''''''''''''''''''",
        "s['''''''''''^''''''''''",
        "s[''''''''''''''''''''''",
        "s[[[[[[[[[[[[[[[[[[[[[[[",
        "s[ssssssssssssssssssssss"
      ],
      "terrain": {
        "'": [ "t_dirt", "t_dirt", "t_dirt", "t_grass" ],
        ",": [ "t_dirtmound", "t_dirt" ],
        "s": "t_shrub",
        "^": [ "t_dirt", "t_dirt", "t_grass", "t_tree", "t_shrub" ],
        "[": "t_fence_barbed"
      },
      "place_monsters": [ { "monster": "GROUP_DOMESTIC", "x": [ 2, 20 ], "y": [ 2, 20 ], "chance": 5 } ],
      "mapping": { ",": { "items": { "item": "hydro", "chance": 3 } } }
    }
  },
  {
    "type": "mapgen",
    "om_terrain": [ "farm_pasture_e" ],
    "method": "json",
    "weight": 333,
    "object": {
      "rows": [
        "''''''''''''''''''''''[s",
        "''''''''''''''''''''''[s",
        "'''''''''''''''^''''''[s",
        "''''''''''''''''''''''[s",
        "''''''''''''''''''''''[s",
        "''''''''''''^'''''''''[s",
        "'^''''''''''''''''''''[s",
        "''''''''''''''''''''''[s",
        "''''''''''''''''''''''[s",
        "''''^'''''''''''''''''[s",
        "''''''''''''''''''''''[s",
        "'''''''''''''^''''''''[s",
        "''''''''''''''''''''''[s",
        "'''^''''''''''''''''''[s",
        "''''''''''''''''''''''[s",
        "'''''''''''^''''''''''[s",
        "''''''''''''''''''''''[s",
        "''''''''''''''''''''''[s",
        "''''''''''''''''''''''[s",
        "''''''''''''''''''''''[s",
        "''''''''''''''''''''''[s",
        "''''^''''''''''''^''''[s",
        "''''''''''''''''''''''[s",
        "''''''''''''''''''''''[s"
      ],
      "terrain": {
        "'": [ "t_dirt", "t_dirt", "t_dirt", "t_grass" ],
        ",": [ "t_dirtmound", "t_dirt" ],
        "s": "t_shrub",
        "^": [ "t_dirt", "t_dirt", "t_grass", "t_tree", "t_shrub" ],
        "[": "t_fence_barbed"
      },
      "place_monsters": [ { "monster": "GROUP_DOMESTIC", "x": [ 2, 20 ], "y": [ 2, 20 ], "chance": 5 } ],
      "mapping": { ",": { "items": { "item": "hydro", "chance": 3 } } }
    }
  },
  {
    "type": "mapgen",
    "om_terrain": [ "farm_pasture_se" ],
    "method": "json",
    "weight": 333,
    "object": {
      "rows": [
        "''^'''''''''''''''''''[s",
        "''''''''''''''''''''''[s",
        "'''''''''''''''^''''''[s",
        "''''''^'''''''''''''''[s",
        "''''''''''''''''''''''[s",
        "'''''''''''^''''''''''[s",
        "'''''''''''''''''^''''[s",
        "''''''''''''''''''''''[s",
        "''''''''''''''''''''''[s",
        "''''''''''''''''''''''[s",
        "''''''^'''''''''''''''[s",
        "''''''''''''''''''''''[s",
        "''''''''''''''''''''''[s",
        "''''''''''''''''''''''[s",
        "''''''''''''''''''''''[s",
        "''''''''''''''''''''''[s",
        "'^''''''''''''''''''''[s",
        "'''''''''^''''''''''''[s",
        "''''''''''''''''''''''[s",
        "'''''^''''''^'''''''''[s",
        "''''''''''''''''''''''[s",
        "''''''''''''''''''''''[s",
        "[[[[[[[[[[[[[[[[[[[[[[[s",
        "ssssssssssssssssssssss[s"
      ],
      "terrain": {
        "'": [ "t_dirt", "t_dirt", "t_dirt", "t_grass" ],
        ",": [ "t_dirtmound", "t_dirt" ],
        "s": "t_shrub",
        "^": [ "t_dirt", "t_dirt", "t_grass", "t_tree", "t_shrub" ],
        "[": "t_fence_barbed"
      },
      "place_monsters": [ { "monster": "GROUP_DOMESTIC", "x": [ 2, 20 ], "y": [ 2, 20 ], "chance": 5 } ],
      "mapping": { ",": { "items": { "item": "hydro", "chance": 3 } } }
    }
  },
  {
    "type": "mapgen",
    "om_terrain": [ "barn_drive" ],
    "method": "json",
    "weight": 333,
    "object": {
      "rows": [
        "s''''''________'''''''''",
        "s''''''________'''''''''",
        "s''''''________'''''''''",
        "s''''''________'''''''''",
        "s''''''________'''''''''",
        "s''''''________'''''''''",
        "s''''''________'''''''''",
        "s''''''_________''''''''",
        "s''''''__________'''''''",
        "s''''''___________''''''",
        "s''''''____________'''''",
        "s''''''_____________''''",
        "'''''''______________'''",
        "'''''''_______________''",
        "''''''''_______________'",
        "'''''''''_______________",
        "',,'''''''______________",
        "',,''''''''_____________",
        "',,',,''''''____________",
        "',,',,'''''''___________",
        "',,',,',,'''''__________",
        "',,',,',,''''''_________",
        "',,',,',,',,''''________",
        "',,',,',,',,'''''_______"
      ],
      "terrain": {
        "s": [ "t_grass", "t_grass", "t_grass", "t_tree", "t_shrub" ],
        "'": [ "t_dirt", "t_grass" ],
        ",": [ "t_dirtmound", "t_dirt" ],
        "z": "t_shrub",
        "[": "t_fence_barbed",
        "_": "t_pavement"
      },
      "mapping": {
        ",": {
          "item": [
            { "item": "wheat", "chance": [ 1, 300 ] },
            { "item": "seed_wheat", "chance": [ 1, 300 ] },
            { "item": "straw_pile", "chance": [ 1, 300 ] },
            { "item": "withered", "chance": [ 1, 100 ] }
          ]
        }
      }
    }
  },
  {
    "type": "mapgen",
    "om_terrain": [ "farm_drive_n" ],
    "method": "json",
    "weight": 333,
    "object": {
      "rows": [
        "s______s''''''''''''''''",
        "s______s',,',,',,',,',,'",
        "s______s',,',,',,',,',,'",
        "s______s',,',,',,',,',,'",
        "s______s',,',,',,',,',,'",
        "s______s',,',,',,',,',,'",
        "s______s',,',,',,',,',,'",
        "s______s',,',,',,',,',,'",
        "s______s',,',,',,',,',,'",
        "s______s',,',,',,',,',,'",
        "s______s',,',,',,',,',,'",
        "s______s',,',,',,',,',,'",
        "s______s',,',,',,',,',,'",
        "s______s',,',,',,',,',,'",
        "s______s',,',,',,',,',,'",
        "s______s',,',,',,',,',,'",
        "_______s',,',,',,',,',,'",
        "_______s',,',,',,',,',,'",
        "_______s',,',,',,',,',,'",
        "_______s',,',,',,',,',,'",
        "_______s',,',,',,',,',,'",
        "_______s',,',,',,',,',,'",
        "_______s',,',,',,',,',,'",
        "_______s',,',,',,',,',,'"
      ],
      "terrain": {
        "s": [ "t_grass", "t_grass", "t_grass", "t_tree", "t_shrub" ],
        "'": [ "t_dirt", "t_grass" ],
        ",": [ "t_dirtmound", "t_dirt" ],
        "^": "t_tree",
        "[": "t_fence_barbed",
        "_": "t_pavement"
      },
      "mapping": {
        ",": {
          "item": [
            { "item": "wheat", "chance": [ 1, 300 ] },
            { "item": "seed_wheat", "chance": [ 1, 300 ] },
            { "item": "straw_pile", "chance": [ 1, 300 ] },
            { "item": "withered", "chance": [ 1, 100 ] }
          ]
        }
      }
    }
  },
  {
    "type": "mapgen",
    "om_terrain": [ "farm_drive" ],
    "method": "json",
    "weight": 333,
    "object": {
      "rows": [
        "_______s',,',,',,',,',,'",
        "_______s',,',,',,',,',,'",
        "_______s',,',,',,',,',,'",
        "_______s',,',,',,',,',,'",
        "_______s',,',,',,',,',,'",
        "_______s',,',,',,',,',,'",
        "_______s',,',,',,',,',,'",
        "_______s',,',,',,',,',,'",
        "_______s',,',,',,',,',,'",
        "_______s',,',,',,',,',,'",
        "_______s',,',,',,',,',,'",
        "_______s',,',,',,',,',,'",
        "_______s',,',,',,',,',,'",
        "_______s',,',,',,',,',,'",
        "_______s',,',,',,',,',,'",
        "_______s',,',,',,',,',,'",
        "_______s',,',,',,',,',,'",
        "_______s',,',,',,',,',,'",
        "_______s',,',,',,',,',,'",
        "_______s',,',,',,',,',,'",
        "_______s',,',,',,',,',,'",
        "_______s',,',,',,',,',,'",
        "_______s',,',,',,',,',,'",
        "_______s',,',,',,',,',,'"
      ],
      "terrain": {
        "s": [ "t_grass", "t_grass", "t_grass", "t_tree", "t_shrub" ],
        "'": [ "t_dirt", "t_grass" ],
        ",": [ "t_dirtmound", "t_dirt" ],
        "^": "t_tree",
        "[": "t_fence_barbed",
        "_": "t_pavement"
      },
      "mapping": {
        ",": {
          "item": [
            { "item": "wheat", "chance": [ 1, 300 ] },
            { "item": "seed_wheat", "chance": [ 1, 300 ] },
            { "item": "straw_pile", "chance": [ 1, 300 ] },
            { "item": "withered", "chance": [ 1, 100 ] }
          ]
        }
      }
    }
  },
  {
    "type": "mapgen",
    "om_terrain": [ "farm_17" ],
    "method": "json",
    "weight": 333,
    "object": {
      "rows": [
        "',,',,',,',,''''''______",
        "',,',,',,',,'''''''_____",
        "',,',,',,',,',,'''''____",
        "',,',,',,',,',,''''''___",
        "',,',,',,',,',,',,''''__",
        "',,',,',,',,',,',,'''''_",
        "',,',,',,',,',,',,',,''_",
        "',,',,',,',,',,',,',,''_",
        "',,',,',,',,',,',,',,''_",
        "',,',,',,',,',,',,',,'s_",
        "',,',,',,',,',,',,',,'s_",
        "',,',,',,',,',,',,',,'s_",
        "',,',,',,',,',,',,',,'s_",
        "',,',,',,',,',,',,',,'s_",
        "',,',,',,',,',,',,',,'s_",
        "',,',,',,',,',,',,',,'s_",
        "',,',,',,',,',,',,',,'s_",
        "',,',,',,',,',,',,',,'s_",
        "',,',,',,',,',,',,',,'s_",
        "',,',,',,',,',,',,',,'s_",
        "',,',,',,',,',,',,',,'s_",
        "',,',,',,',,',,',,',,'s_",
        "',,',,',,',,',,',,',,'s_",
        "',,',,',,',,',,',,',,'s_"
      ],
      "terrain": {
        "s": [ "t_grass", "t_grass", "t_grass", "t_tree", "t_shrub" ],
        "'": [ "t_dirt", "t_grass" ],
        ",": [ "t_dirtmound", "t_dirt" ],
        "z": "t_shrub",
        "^": "t_tree",
        "[": "t_fence_barbed",
        "_": "t_pavement"
      },
      "mapping": {
        ",": {
          "item": [
            { "item": "wheat", "chance": [ 1, 300 ] },
            { "item": "seed_wheat", "chance": [ 1, 300 ] },
            { "item": "straw_pile", "chance": [ 1, 300 ] },
            { "item": "withered", "chance": [ 1, 100 ] }
          ]
        }
      }
    }
  },
  {
    "type": "mapgen",
    "om_terrain": [ "farm_drive_s" ],
    "method": "json",
    "weight": 333,
    "object": {
      "rows": [
        "_______s',,',,',,',,',,'",
        "_______s',,',,',,',,',,'",
        "_______s',,',,',,',,',,'",
        "_______s',,',,',,',,',,'",
        "_______s',,',,',,',,',,'",
        "_______s',,',,',,',,',,'",
        "_______s',,',,',,',,',,'",
        "_______s',,',,',,',,',,'",
        "_______s',,',,',,',,',,'",
        "_______s',,',,',,',,',,'",
        "_______s',,',,',,',,',,'",
        "_______s',,',,',,',,',,'",
        "_______s',,',,',,',,',,'",
        "_______'',,',,',,',,',,'",
        "_______'',,',,',,',,',,'",
        "_______'',,',,',,',,',,'",
        "_______'',,',,',,',,',,'",
        "_______'',,',,',,',,',,'",
        "_______'',,',,',,',,',,'",
        "_______'',,',,',,',,',,'",
        "_______'',,',,',,',,',,'",
        "_______&''''''''''''''''",
        "+++++++#[[[[[[[[[[[[[[[[",
        "_______&ssssssssssssssss"
      ],
      "terrain": {
        "s": [ "t_grass", "t_grass", "t_grass", "t_tree", "t_shrub" ],
        "'": [ "t_dirt", "t_grass" ],
        ",": [ "t_dirtmound", "t_dirt" ],
        "z": "t_shrub",
        "#": "t_palisade",
        "+": "t_palisade_gate",
        "&": "t_palisade_pulley",
        "^": "t_tree",
        "[": "t_fence_barbed",
        "_": "t_pavement"
      },
      "mapping": {
        ",": {
          "item": [
            { "item": "wheat", "chance": [ 1, 300 ] },
            { "item": "seed_wheat", "chance": [ 1, 300 ] },
            { "item": "straw_pile", "chance": [ 1, 300 ] },
            { "item": "withered", "chance": [ 1, 100 ] }
          ]
        }
      }
    }
  },
  {
    "type": "mapgen",
    "om_terrain": [ "farm_crops_s" ],
    "method": "json",
    "weight": 333,
    "object": {
      "rows": [
        ",,',,',,',,',,',,',,',,'",
        ",,',,',,',,',,',,',,',,'",
        ",,',,',,',,',,',,',,',,'",
        ",,',,',,',,',,',,',,',,'",
        ",,',,',,',,',,',,',,',,'",
        ",,',,',,',,',,',,',,',,'",
        ",,',,',,',,',,',,',,',,'",
        ",,',,',,',,',,',,',,',,'",
        ",,',,',,',,',,',,',,',,'",
        ",,',,',,',,',,',,',,',,'",
        ",,',,',,',,',,',,',,',,'",
        ",,',,',,',,',,',,',,',,'",
        ",,',,',,',,',,',,',,',,'",
        ",,',,',,',,',,',,',,',,'",
        ",,',,',,',,',,',,',,',,'",
        ",,',,',,',,',,',,',,',,'",
        ",,',,',,',,',,',,',,',,'",
        ",,',,',,',,',,',,',,',,'",
        ",,',,',,',,',,',,',,',,'",
        ",,',,',,',,',,',,',,',,'",
        ",,',,',,',,',,',,',,',,'",
        "''''''''''''''''''''''''",
        "[[[[[[[[[[[[[[[[[[[[[[[[",
        "ssssssssssssssssssssssss"
      ],
      "terrain": {
        "s": [ "t_grass", "t_grass", "t_grass", "t_tree" ],
        "'": [ "t_dirt", "t_grass" ],
        ",": [ "t_dirtmound", "t_dirt" ],
        "z": "t_shrub",
        "^": "t_tree",
        "[": "t_fence_barbed",
        "_": "t_pavement"
      },
      "mapping": {
        ",": {
          "item": [
            { "item": "wheat", "chance": [ 1, 300 ] },
            { "item": "seed_wheat", "chance": [ 1, 300 ] },
            { "item": "straw_pile", "chance": [ 1, 300 ] },
            { "item": "withered", "chance": [ 1, 100 ] }
          ]
        }
      }
    }
  },
  {
    "type": "mapgen",
    "om_terrain": [ "farm_crops_se" ],
    "method": "json",
    "weight": 333,
    "object": {
      "rows": [
        ",,',,',,',,',,',,',,'s[s",
        ",,',,',,',,',,',,',,'s[s",
        ",,',,',,',,',,',,',,'s[s",
        ",,',,',,',,',,',,',,'s[s",
        ",,',,',,',,',,',,',,'s[s",
        ",,',,',,',,',,',,',,'s[s",
        ",,',,',,',,',,',,',,'s[s",
        ",,',,',,',,',,',,',,'s[s",
        ",,',,',,',,',,',,',,'s[s",
        ",,',,',,',,',,',,',,'s[s",
        ",,',,',,',,',,',,',,'s[s",
        ",,',,',,',,',,',,',,'s[s",
        ",,',,',,',,',,',,',,'s[s",
        ",,',,',,',,',,',,',,'s[s",
        ",,',,',,',,',,',,',,'s[s",
        ",,',,',,',,',,',,',,'s[s",
        ",,',,',,',,',,',,',,'s[s",
        ",,',,',,',,',,',,',,'s[s",
        ",,',,',,',,',,',,',,'s[s",
        ",,',,',,',,',,',,',,'s[s",
        ",,',,',,',,',,',,',,'s[s",
        "'''''''''''''''''''''s[s",
        "[[[[[[[[[[[[[[[[[[[[[[[s",
        "ssssssssssssssssssssssss"
      ],
      "terrain": {
        "s": [ "t_grass", "t_grass", "t_grass", "t_tree" ],
        "'": [ "t_dirt", "t_grass" ],
        ",": [ "t_dirtmound", "t_dirt" ],
        "z": "t_shrub",
        "^": "t_tree",
        "[": "t_fence_barbed",
        "_": "t_pavement"
      },
      "mapping": {
        ",": {
          "item": [
            { "item": "wheat", "chance": [ 1, 300 ] },
            { "item": "seed_wheat", "chance": [ 1, 300 ] },
            { "item": "straw_pile", "chance": [ 1, 300 ] },
            { "item": "withered", "chance": [ 1, 100 ] }
          ]
        }
      }
    }
  },
  {
    "type": "mapgen",
    "om_terrain": [ "farm_drive_sw" ],
    "method": "json",
    "weight": 333,
    "object": {
      "rows": [
        "',,',,',,',,',,',,',,'s_",
        "',,',,',,',,',,',,',,'s_",
        "',,',,',,',,',,',,',,'s_",
        "',,',,',,',,',,',,',,'s_",
        "',,',,',,',,',,',,',,'s_",
        "',,',,',,',,',,',,',,'s_",
        "',,',,',,',,',,',,',,'s_",
        "',,',,',,',,',,',,',,'s_",
        "',,',,',,',,',,',,',,'s_",
        "',,',,',,',,',,',,',,'s_",
        "',,',,',,',,',,',,',,'s_",
        "',,',,',,',,',,',,',,'s_",
        "',,',,',,',,',,',,',,'s_",
        "',,',,',,',,',,',,',,''_",
        "',,',,',,',,',,',,',,''_",
        "',,',,',,',,',,',,',,''_",
        "',,',,',,',,',,',,',,''_",
        "',,',,',,',,',,',,',,''_",
        "',,',,',,',,',,',,',,''_",
        "',,',,',,',,',,',,',,''_",
        "',,',,',,',,',,',,',,''_",
        "'''''''''''''''''''''''_",
        "[[[[[[[[[[[[[[[[[[[[[[#+",
        "sssssssssssssssssssssss_"
      ],
      "terrain": {
        "s": [ "t_grass", "t_grass", "t_grass", "t_tree", "t_shrub" ],
        "'": [ "t_dirt", "t_grass" ],
        ",": [ "t_dirtmound", "t_dirt" ],
        "z": "t_shrub",
        "#": "t_palisade",
        "+": "t_palisade_gate",
        "&": "t_palisade_pulley",
        "^": "t_tree",
        "[": "t_fence_barbed",
        "_": "t_pavement"
      },
      "mapping": {
        ",": {
          "item": [
            { "item": "wheat", "chance": [ 1, 300 ] },
            { "item": "seed_wheat", "chance": [ 1, 300 ] },
            { "item": "straw_pile", "chance": [ 1, 300 ] },
            { "item": "withered", "chance": [ 1, 100 ] }
          ]
        }
      }
    }
  },
  {
    "type": "mapgen",
    "om_terrain": [ "farm_crops_sw" ],
    "method": "json",
    "weight": 333,
    "object": {
      "rows": [
        "s[s',,',,',,',,',,',,',,",
        "s[s',,',,',,',,',,',,',,",
        "s[s',,',,',,',,',,',,',,",
        "s[s',,',,',,',,',,',,',,",
        "s[s',,',,',,',,',,',,',,",
        "s[s',,',,',,',,',,',,',,",
        "s[s',,',,',,',,',,',,',,",
        "s[s',,',,',,',,',,',,',,",
        "s[s',,',,',,',,',,',,',,",
        "s[s',,',,',,',,',,',,',,",
        "s[s',,',,',,',,',,',,',,",
        "s[s',,',,',,',,',,',,',,",
        "s[s',,',,',,',,',,',,',,",
        "s[s',,',,',,',,',,',,',,",
        "s[s',,',,',,',,',,',,',,",
        "s[s',,',,',,',,',,',,',,",
        "s[s',,',,',,',,',,',,',,",
        "s[s',,',,',,',,',,',,',,",
        "s[s',,',,',,',,',,',,',,",
        "s[s',,',,',,',,',,',,',,",
        "s[s',,',,',,',,',,',,',,",
        "s[s'''''''''''''''''''''",
        "s[[[[[[[[[[[[[[[[[[[[[[[",
        "ssssssssssssssssssssssss"
      ],
      "terrain": {
        "s": [ "t_grass", "t_grass", "t_grass", "t_tree", "t_shrub" ],
        "'": [ "t_dirt", "t_grass" ],
        ",": [ "t_dirtmound", "t_dirt" ],
        "z": "t_shrub",
        "^": "t_tree",
        "[": "t_fence_barbed",
        "_": "t_pavement"
      },
      "mapping": {
        ",": {
          "item": [
            { "item": "wheat", "chance": [ 1, 240 ] },
            { "item": "seed_wheat", "chance": [ 1, 240 ] },
            { "item": "straw_pile", "chance": [ 1, 240 ] },
            { "item": "withered", "chance": [ 1, 60 ] }
          ]
        }
      }
    }
  },
  {
    "type": "mapgen",
    "om_terrain": [ "farm_31" ],
    "method": "json",
    "weight": 333,
    "object": {
      "rows": [
        "''''''''''''''''''''''''",
        "''''''''''''''''''''''''",
        "''''''''''''''''''''''''",
        "''''''''''''''''''''''''",
        "________________________",
        "________________________",
        "________________________",
        "________________________",
        "________________________",
        "________________________",
        "________________________",
        ",,,_,,,_,,,_,,,_,,,_,,,_",
        ",,,_,,,_,,,_,,,_,,,_,,,_",
        "________________________",
        "________________________",
        "________________________",
        "________________________",
        "________________________",
        "________________________",
        "________________________",
        "''''''''''''''''''''''''",
        "''''''''''''''''''''''''",
        "''''''''''''''''''''''''",
        "''''''''''''''''''''''''"
      ],
      "terrain": {
        "'": [ "t_dirt", "t_grass" ],
        "z": "t_shrub",
        "#": "t_palisade",
        "+": "t_palisade_gate",
        "&": "t_palisade_pulley",
        "^": "t_tree",
        "[": "t_fence_barbed",
        "_": "t_pavement",
        ",": "t_pavement_y"
      }
    }
  },
  {
    "type": "mapgen",
    "om_terrain": [ "farm_32" ],
    "method": "json",
    "weight": 333,
    "object": {
      "rows": [
        "'''''''''''''''''''''''_",
        "'''''''''''''''''''''''_",
        "'''''''''''''''''''''''_",
        "'''''''''''''''''''''''_",
        "________________________",
        "________________________",
        "________________________",
        "________________________",
        "________________________",
        "________________________",
        "________________________",
        ",,,_,,,_,,,_,,,_,,,_,,,_",
        ",,,_,,,_,,,_,,,_,,,_,,,_",
        "________________________",
        "________________________",
        "________________________",
        "________________________",
        "________________________",
        "________________________",
        "________________________",
        "''''''''''''''''''''''''",
        "''''''''''''''''''''''''",
        "''''''''''''''''''''''''",
        "''''''''''''''''''''''''"
      ],
      "terrain": {
        "'": [ "t_dirt", "t_grass" ],
        "z": "t_shrub",
        "#": "t_palisade",
        "+": "t_palisade_gate",
        "&": "t_palisade_pulley",
        "^": "t_tree",
        "[": "t_fence_barbed",
        "_": "t_pavement",
        ",": "t_pavement_y"
      }
    }
  },
  {
    "type": "mapgen",
    "om_terrain": [ "farm_33" ],
    "method": "json",
    "weight": 333,
    "object": {
      "rows": [
        "_______'''''''''''''''''",
        "_______'''''''''''''''''",
        "_______'''''''''''''''''",
        "_______'''''''''''''''''",
        "________________________",
        "________________________",
        "________________________",
        "________________________",
        "________________________",
        "________________________",
        "________________________",
        ",,,_,,,_,,,_,,,_,,,_,,,_",
        ",,,_,,,_,,,_,,,_,,,_,,,_",
        "________________________",
        "________________________",
        "________________________",
        "________________________",
        "________________________",
        "________________________",
        "________________________",
        "''''''''''''''''''''''''",
        "''''''''''''''''''''''''",
        "''''''''''''''''''''''''",
        "''''''''''''''''''''''''"
      ],
      "terrain": {
        "'": [ "t_dirt", "t_grass" ],
        "z": "t_shrub",
        "#": "t_palisade",
        "+": "t_palisade_gate",
        "&": "t_palisade_pulley",
        "^": "t_tree",
        "[": "t_fence_barbed",
        "_": "t_pavement",
        ",": "t_pavement_y"
      }
    }
  },
  {
    "type": "mapgen",
    "om_terrain": "farm_wine_cellar",
    "method": "json",
    "weight": 100,
    "object": {
      "fill_ter": "t_rock_floor",
      "rows": [
        "########################",
        "########################",
        "##  DDDDDDD X1llXX    ##",
        "##K                  K##",
        "##T                  T##",
        "##K   K1K      K1K   K##",
        "##T                  T##",
        "##K   KTK      KTK   K##",
        "##T                  T##",
        "##K   K1K      K1K   K##",
        "##T  DDDDDDD         ###",
        "##K              XX#####",
        "##  DDDDDDDDD    XX#####",
        "#############    #######",
        "##333#333TwW#++#########",
        "##83 x      #  #########",
        "##333######+#  + <######",
        "###########=#  #########",
        "#^ BB^BB^BB #+##########",
        "#             SSS#######",
        "#T cTTc     A   S#d#####",
        "#  cTTc          + #####",
        "#^       kFFC&kkC# bb###",
        "########################"
      ],
      "terrain": {
        " ": "t_rock_floor",
        "#": "t_rock",
        "1": "t_little_column",
        "+": [ "t_door_c", "t_door_c", "t_door_o" ],
        "x": "t_door_bar_c",
        "<": "t_stairs_up"
      },
      "furniture": {
        "8": "f_shackle",
        "K": "f_standing_tank",
        "l": "f_clay_kiln",
        "3": [ "f_hay", "f_hay", "f_hay", "f_hay", "f_null" ],
        "=": "f_large_canvas_wall",
        "X": "f_crate_o",
        "B": "f_bookcase",
        "^": "f_indoor_plant",
        "c": "f_chair",
        "T": "f_table",
        "b": "f_bed",
        "d": "f_dresser",
        "S": "f_sofa",
        "A": "f_armchair",
        "D": "f_rack",
        "k": "f_counter",
        "F": "f_fridge",
        "C": "f_cupboard",
        "&": "f_sink",
        "w": "f_washer",
        "W": "f_dryer"
      },
      "mapping": {
        "D": {
          "items": [
            { "item": "wines_worthy", "chance": [ 12 ] },
            { "item": "alcohol", "chance": [ 8 ] },
            { "item": "trash_cart", "chance": [ 4 ] }
          ]
        },
        "X": {
          "items": [
            { "item": "stash_wood", "chance": [ 35 ] },
            { "item": "stash_food", "chance": [ 20 ] },
            { "item": "stash_drugs", "chance": [ 15 ] },
            { "item": "tools_common", "chance": [ 10 ] }
          ]
        },
        "B": { "items": [ { "item": "homebooks", "chance": [ 20 ] }, { "item": "bookstore_misc", "chance": [ 15 ] } ] },
        "d": { "items": { "item": "dresser", "chance": [ 60 ] } },
        "k": { "items": { "item": "kitchen", "chance": [ 15 ] } },
        "W": { "items": { "item": "allclothes", "chance": [ 25 ] } },
        "w": { "items": { "item": "allclothes", "chance": [ 25 ] } }
      }
    }
  }
]
