[
  {
    "type": "item_group",
    "id": "kennel_dog",
    "items": [ [ "blanket", 10 ], [ "dogfood", 10 ] ]
  },
  {
    "type": "mapgen",
    "om_terrain": [ "police_hub_00" ],
    "method": "json",
    "weight": 100,
    "object": {
      "fill_ter": "t_carpet_green",
      "rows": [
        "::::::::::::::::::::::::",
        "::::::::::::::::::::::::",
        "::::::::::::::::::::::::",
        "::::::::::::::::::::::::",
        "::::::::::::::::::::::::",
        "::::::::::::::::::::::::",
        "::::::::::::::::::::::::",
        "::::::::::::::::::------",
        ":::::::::::::::---------",
        ":::::::::::-----RRR..C.l",
        ":::::::::---........DDtl",
        ":::::-----RR lllll......",
        ":::---..................",
        "::----lll.RR.lllll.^-++-",
        "::-_________________-   ",
        "::-_LLBBc...........+   ",
        "::-_L  d ...........+   ",
        "::-_L cd .||||..|||_-   ",
        "::-_     .|,.x..x.,_-+--",
        "::-_......||||..|||_-..P",
        "::-_|x|x|x|,.x..x.,_--+-",
        ":--_|.|.|.||||..|||_-...",
        ":--_|,|,|,|,.x..x.,_-...",
        ":--_________________-..-"
      ],
      "terrain": {
        " ": "t_carpet_green",
        "-": "t_brick_wall",
        "_": "t_wall",
        "+": [
          "t_door_metal_c",
          "t_door_metal_c",
          "t_door_metal_c",
          "t_door_metal_c",
          "t_door_metal_c",
          "t_door_metal_c",
          "t_door_metal_c",
          "t_door_metal_c",
          "t_door_metal_c",
          "t_door_metal_o"
        ],
        ".": "t_thconc_floor",
        ",": "t_thconc_floor",
        "l": "t_thconc_floor",
        "C": "t_thconc_floor",
        "R": "t_thconc_floor",
        "D": "t_thconc_floor",
        "t": "t_console_broken",
        ":": [ "t_grass", "t_grass", "t_grass", "t_grass", "t_grass", "t_grass", "t_grass", "t_grass", "t_dirt", "t_tree" ],
        "|": "t_chainfence_v",
        "x": "t_chaingate_c"
      },
      "furniture": {
        "d": "f_desk",
        "B": "f_bookcase",
        "D": "f_desk",
        "C": "f_chair",
        "c": "f_chair",
        "R": "f_rack",
        "r": "f_rack",
        "l": "f_locker",
        "L": "f_locker",
        "P": "f_sign"
      },
      "mapping": {
        "B": { "items": [ { "item": "novels", "chance": 50 }, { "item": "textbooks", "chance": 10 } ] },
        "L": {
          "items": [
            { "item": "vet_softdrug", "chance": 40 },
            { "item": "vet_hardrug", "chance": 20 },
            { "item": "vet_utility", "chance": 40 }
          ]
        },
        "l": { "items": { "item": "cop_evidence", "chance": 25 } },
        "D": { "items": { "item": "office", "chance": 75 } },
        "d": { "items": { "item": "office", "chance": 50 } },
        "R": { "items": { "item": "contraband", "chance": 20 } },
        ",": { "items": { "item": "kennel_dog", "chance": 35 } }
      },
      "place_monsters": [
        { "monster": "GROUP_POLICE", "chance": 7, "x": [ 1, 22 ], "y": [ 1, 22 ] },
        { "monster": "GROUP_PLAIN", "chance": 7, "x": [ 1, 22 ], "y": [ 1, 22 ] },
        { "monster": "GROUP_ROBOT", "chance": 9, "x": [ 1, 22 ], "y": [ 1, 22 ] },
        { "monster": "GROUP_DOGS", "chance": 3, "x": [ 1, 22 ], "y": [ 1, 22 ] },
        { "monster": "GROUP_DOGS", "chance": 3, "x": [ 1, 22 ], "y": [ 1, 22 ] }
      ]
    }
  },
  {
    "type": "mapgen",
    "om_terrain": [ "police_hub_01" ],
    "method": "json",
    "weight": 100,
    "object": {
      "fill_ter": "t_carpet_green",
      "rows": [
        "::::::::::::::::::::::::",
        "::::::::::--------------",
        ":::::::::--l._____..____",
        ":::::::----l._CTC|..|CTC",
        ":::::---ll-r._...+..+...",
        ":::---B.C.-_+_____..____",
        "::---C..dd-.._CTC|..|CTC",
        "---|......+.._...+..+...",
        "-&s|......-.._____..____",
        "-..X...|||-..K_.....|CTC",
        "-b.|...|.b-...+.....+...",
        "-b.|...X.b-.._____..____",
        "-b.|...|.b-.._...+..+...",
        "-bb|...|&s-.._CTC|..|CTC",
        "----+-+----++_____++____",
        "+                     + ",
        "-^                    _ ",
        "+                     + ",
        "--++-+--------+---------",
        "-...-.A%-LLL ^  L L L L ",
        "-...+..%-L      c c c c ",
        "+...+...-L      t t d d ",
        "-...-ll.-LLL            ",
        "--++-----LLL            "
      ],
      "terrain": {
        " ": "t_carpet_green",
        "-": "t_brick_wall",
        "_": "t_wall",
        "|": "t_bars",
        "+": [
          "t_door_metal_c",
          "t_door_metal_c",
          "t_door_metal_c",
          "t_door_metal_c",
          "t_door_metal_c",
          "t_door_metal_c",
          "t_door_metal_c",
          "t_door_metal_c",
          "t_door_metal_c",
          "t_door_metal_o"
        ],
        ".": "t_thconc_floor",
        "C": "t_thconc_floor",
        "T": "t_thconc_floor",
        "B": "t_thconc_floor",
        "l": "t_thconc_floor",
        "b": "t_thconc_floor",
        "d": "t_thconc_floor",
        "s": "t_thconc_floor",
        "&": "t_thconc_floor",
        ":": [ "t_grass", "t_grass", "t_grass", "t_grass", "t_grass", "t_grass", "t_grass", "t_grass", "t_dirt", "t_tree" ],
        "x": "t_door_bar_c",
        "X": "t_door_bar_locked",
        "t": "t_console_broken"
      },
      "furniture": {
        "D": "f_desk",
        "d": "f_desk",
        "B": "f_bookcase",
        "b": "f_bench",
        "C": "f_chair",
        "c": "f_chair",
        "r": "f_rack",
        "l": "f_locker",
        "L": "f_locker",
        "T": "f_table",
        "K": "f_desk",
        "s": "f_sink",
        "&": "f_toilet",
        "%": "f_dumpster",
        "^": "f_indoor_plant",
        "A": "f_robotic_arm"
      },
      "mapping": {
        "B": { "items": [ { "item": "novels", "chance": 50 }, { "item": "textbooks", "chance": 10 } ] },
        "L": { "items": [ { "item": "cubical_office", "chance": 40 } ] },
        "l": { "items": { "item": "cop_evidence", "chance": 20 } },
        "d": { "items": { "item": "office", "chance": 50 } }
      },
      "place_monsters": [
        { "monster": "GROUP_POLICE", "chance": 4, "x": [ 1, 22 ], "y": [ 1, 22 ] },
        { "monster": "GROUP_PLAIN", "chance": 3, "x": [ 1, 22 ], "y": [ 1, 22 ] },
        { "monster": "GROUP_ROBOT", "chance": 9, "x": [ 1, 22 ], "y": [ 1, 22 ] }
      ]
    }
  },
  {
    "type": "mapgen",
    "om_terrain": [ "police_hub_02" ],
    "method": "json",
    "weight": 100,
    "object": {
      "fill_ter": "t_carpet_green",
      "rows": [
        "::::::::::::::::::::::::",
        "-------------:::::::::::",
        "============--::::::::::",
        "_===OOOOOO===--:::::::::",
        "_==OOOO.OOOO==--::::::::",
        "_=m.....O....==--:::::::",
        "==A.O........E==-:::::::",
        "=mm.O..,,g,,..,=--::::::",
        "=mm.O..,,E,,..,==-::::::",
        "==A.O.C,,G,,...T=--:::::",
        "_=m....,,E,,...T==--::::",
        "_=R............CD=---:::",
        "_==..............===-:::",
        "_===%%lllTllmm.....=--::",
        "___============XS=x=--::",
        "                 F  r--:",
        "                 fc  L-:",
        "                 Ft  L-:",
        "----------+--+-+-------:",
        "L s L L L   - ^  +;M__-:",
        "c   c c c  ^-   __;;+&-:",
        "t t t d d   -   _];;__-:",
        "            -   _];;+&-:",
        "           B-   -------:"
      ],
      "terrain": {
        " ": "t_carpet_green",
        "-": "t_brick_wall",
        "_": "t_wall",
        ";": "t_linoleum_gray",
        "&": "t_linoleum_gray",
        "]": "t_linoleum_gray",
        "M": "t_linoleum_gray",
        "+": [
          "t_door_metal_c",
          "t_door_metal_c",
          "t_door_metal_c",
          "t_door_metal_c",
          "t_door_metal_c",
          "t_door_metal_c",
          "t_door_metal_c",
          "t_door_metal_c",
          "t_door_metal_c",
          "t_door_metal_o"
        ],
        "C": "t_thconc_floor",
        "=": "t_strconc_wall",
        ".": "t_thconc_floor",
        "G": "t_thconc_floor",
        "O": "t_thconc_floor",
        "A": "t_thconc_floor",
        "T": "t_thconc_floor",
        "l": "t_thconc_floor",
        ",": "t_metal_floor",
        "g": "t_metal_floor",
        ":": [ "t_grass", "t_grass", "t_grass", "t_grass", "t_grass", "t_grass", "t_grass", "t_grass", "t_dirt", "t_tree" ],
        "X": "t_door_metal_locked",
        "x": "t_door_metal_c",
        "%": "t_recycler",
        "s": "t_sai_box_damaged",
        "t": "t_console_broken",
        "S": "t_card_science",
        "E": "t_machinery_electronic",
        "m": "t_machinery_old",
        "F": "t_bars",
        "f": "t_bars"
      },
      "furniture": {
        "d": "f_desk",
        "D": "f_desk",
        "B": "f_bookcase",
        "C": "f_chair",
        "c": "f_chair",
        "r": "f_rack",
        "L": "f_locker",
        "l": "f_locker",
        "T": "f_table",
        "&": "f_toilet",
        "]": "f_sink",
        "^": "f_indoor_plant",
        "M": "f_bigmirror",
        "O": [ "f_crate_c", "f_crate_c", "f_crate_c", "f_crate_c", "f_crate_c", "f_crate_c", "f_crate_c", "f_crate_o" ],
        "A": "f_robotic_arm"
      },
      "mapping": {
        "B": { "items": [ { "item": "novels", "chance": 50 }, { "item": "textbooks", "chance": 10 } ] },
        "L": { "items": [ { "item": "cubical_office", "chance": 40 } ] },
        "l": { "items": { "item": "radio", "chance": 25 } },
        "D": { "items": { "item": "electronics", "chance": 75 } },
        "d": { "items": { "item": "office", "chance": 50 } },
        "r": { "items": { "item": "electronics", "chance": 40 } },
        "O": { "items": [ { "item": "electronics", "chance": 20 }, { "item": "robots", "chance": 25 } ] }
      },
      "monster": { "G": { "monster": "mon_generator_SCINET" }, "g": { "monster": "mon_cyborg_guard" } },
      "place_monsters": [
        { "monster": "GROUP_POLICE", "chance": 7, "x": [ 1, 22 ], "y": [ 1, 22 ] },
        { "monster": "GROUP_PLAIN", "chance": 7, "x": [ 1, 22 ], "y": [ 1, 22 ] },
        { "monster": "GROUP_ROBOT", "chance": 3, "x": [ 1, 22 ], "y": [ 1, 22 ] },
        { "monster": "GROUP_ROBOT", "chance": 3, "x": [ 1, 22 ], "y": [ 1, 22 ] }
      ]
    }
  },
  {
    "type": "mapgen",
    "om_terrain": [ "police_hub_10" ],
    "method": "json",
    "weight": 100,
    "object": {
      "fill_ter": "t_pavement",
      "rows": [
        ":|-------------------..-",
        ":|   =      =      =-++-",
        ":|   =      =      = ,, ",
        ":|   =      =      = ,, ",
        ":|   =      =      = ,, ",
        ":|   =      =      = ,, ",
        ":|                      ",
        ":|                      ",
        ":|                      ",
        ":|                      ",
        ":|                      ",
        ":|,,,                   ",
        ":||;|                   ",
        ":|,,x8888888|,,*******  ",
        ":|,,|       |,,*******  ",
        ":|,,|       |,,*******  ",
        ":|,,|       |,,*******  ",
        ":|,,|       |,,*******  ",
        ":|,,|       |,/*******  ",
        ":||;|       |,C*******  ",
        ":|,,|       |,,******* -",
        ":|,,x       |-----------",
        ":|||88888888||||||||||||",
        "::::::::::::::::::::::::"
      ],
      "terrain": {
        "-": "t_brick_wall",
        ".": "t_floor",
        "=": "t_pavement_y",
        "l": "t_utility_light",
        "|": "t_chainfence_v",
        ";": "t_chaingate_l",
        "8": "t_chaingate_c",
        "x": [ "t_gates_mech_control", "t_gates_mech_control", "t_gates_mech_control", "t_gates_mech_control", "t_chainfence_posts" ],
        ":": [ "t_grass", "t_grass", "t_grass", "t_grass", "t_grass", "t_grass", "t_grass", "t_grass", "t_dirt", "t_tree" ],
        "+": [ "t_door_metal_c", "t_door_metal_locked", "t_door_metal_locked", "t_door_metal_locked" ],
        ",": "t_sidewalk",
        "*": "t_elevator",
        "C": "t_elevator_control_off",
        "/": "t_support_s"
      },
      "furniture": { "f": "f_rack" },
      "mapping": { "B": { "items": { "item": "trash", "chance": 1 } } },
      "place_monsters": [
        { "monster": "GROUP_POLICE", "chance": 7, "x": [ 1, 22 ], "y": [ 1, 22 ] },
        { "monster": "GROUP_PLAIN", "chance": 7, "x": [ 1, 22 ], "y": [ 1, 22 ] },
        { "monster": "GROUP_ROBOT", "chance": 9, "x": [ 1, 22 ], "y": [ 1, 22 ] }
      ]
    }
  },
  {
    "type": "mapgen",
    "om_terrain": [ "police_hub_11" ],
    "method": "json",
    "weight": 100,
    "object": {
      "fill_ter": "t_carpet_green",
      "rows": [
        "--..-----L   td         ",
        "-.......-L   Cd  Cdd  dd",
        "-^......-LLL  d   dC  Cd",
        "-_++__..-------         ",
        "=...>_..+  BBB-         ",
        "=...>_++-L    -   dC  Cd",
        "------..-L    -  Cdd  dd",
        "-&;-r-..fC    -         ",
        "-s;-;-..-   CdF         ",
        "--+-+-++-FFffF------++--",
        "-..............+        ",
        "-..............+        ",
        "-.............._        ",
        "-.c.c..........__+______",
        "-.c.c...===...._p    _p ",
        "-.c.c...=N=..==_   d _  ",
        "-.c.c...=D=..=D_C  dC_B ",
        "-.c.c.TV===++==-     _B ",
        "-.....---#:,,:#-==BBB_B ",
        "-.c.==-##::,,::##---__B ",
        "-P===##::::,,::::##---  ",
        "-==###::::,,,:::::###---",
        "-###,,,,,,,,,:::n:::###-",
        "::::,,,,,,,,::::::::::::"
      ],
      "terrain": {
        " ": "t_carpet_green",
        "-": "t_brick_wall",
        "_": "t_wall",
        ">": "t_stairs_down",
        "+": [
          "t_door_metal_c",
          "t_door_metal_c",
          "t_door_metal_c",
          "t_door_metal_c",
          "t_door_metal_c",
          "t_door_metal_c",
          "t_door_metal_c",
          "t_door_metal_c",
          "t_door_metal_c",
          "t_door_metal_o"
        ],
        "=": [
          "t_reinforced_glass_shutter_open",
          "t_reinforced_glass_shutter_open",
          "t_reinforced_glass_shutter_open",
          "t_reinforced_glass_shutter"
        ],
        ":": [ "t_grass", "t_grass", "t_grass", "t_grass", "t_grass", "t_grass", "t_grass", "t_grass", "t_dirt", "t_tree" ],
        "n": "t_grass",
        ",": "t_sidewalk",
        "F": "t_bars",
        "f": "t_bars"
      },
      "furniture": {
        "F": "f_counter",
        "f": "f_desk",
        "c": "f_chair",
        "C": "f_chair",
        "B": "f_bookcase",
        "S": "f_statue",
        "N": "f_slab",
        "n": "f_slab",
        "L": "f_locker",
        "r": "f_rack",
        "T": "f_table",
        "d": "f_desk",
        "D": "f_displaycase",
        "V": "f_vending_c",
        "p": "f_indoor_plant",
        "s": "f_sink",
        "&": "f_toilet",
        "P": "f_sign"
      },
      "mapping": {
        "B": { "items": [ { "item": "novels", "chance": 50 }, { "item": "textbooks", "chance": 10 } ] },
        "L": { "items": [ { "item": "cubical_office", "chance": 40 } ] },
        "r": { "items": { "item": "cleaning", "chance": 95 } },
        "T": { "items": { "item": "waitingroom", "chance": 30 } },
        "D": { "items": { "item": "prison_armor", "chance": 90 } },
        "d": { "items": { "item": "office", "chance": 50 } },
        "F": { "items": { "item": "office", "chance": 15 } },
        "f": { "items": { "item": "office", "chance": 15 } }
      },
      "place_monsters": [
        { "monster": "GROUP_POLICE", "chance": 7, "x": [ 1, 22 ], "y": [ 1, 22 ] },
        { "monster": "GROUP_PLAIN", "chance": 7, "x": [ 1, 22 ], "y": [ 1, 22 ] },
        { "monster": "GROUP_ROBOT", "chance": 9, "x": [ 1, 22 ], "y": [ 1, 22 ] }
      ]
    }
  },
  {
    "type": "mapgen",
    "om_terrain": [ "police_hub_12" ],
    "method": "json",
    "weight": 100,
    "object": {
      "fill_ter": "t_carpet_green",
      "rows": [
        "           B-   -l.l.l-:",
        "  dd  ddc  B-   -l.l.l-:",
        "  dc  cd   B-   -l.l.l-:",
        "           S-   -l.l.l-:",
        "           B-   -l.l.l-:",
        "  dc  cdc  B-   -l.l.l-:",
        "  dd  dd   B-   X....D-:",
        "            -   M------:",
        "           ^-    +;;;C-:",
        "---------++--    -k;;s-:",
        "       +        n-K;;s-:",
        "       +        S-b;;r-:",
        "       ____+_____--;;r-:",
        "____++__LLL;LLL;;s-;;r-:",
        "       _Lbb;bbb;;s-kk--:",
        " c c   _;;;;;;;;;s----::",
        "cTTTc B_++_+_+_C----::::",
        "cTTTc B_;;_;_&----::::::",
        "cTTTc B_[[_&----::::::::",
        "cTTTc B_[[----::::::::;:",
        "  c    _----::::::::::::",
        "      ^---::::::::::::::",
        "=====----:::::::::::::::",
        "::::::::::::::::::::::::"
      ],
      "terrain": {
        " ": "t_carpet_green",
        ";": "t_linoleum_gray",
        "r": "t_linoleum_gray",
        "L": "t_linoleum_gray",
        "k": "t_linoleum_gray",
        "K": "t_linoleum_gray",
        "C": "t_linoleum_gray",
        "b": "t_linoleum_gray",
        "s": "t_linoleum_gray",
        "&": "t_linoleum_gray",
        "[": "t_linoleum_gray",
        "-": "t_brick_wall",
        "_": "t_wall",
        "+": [
          "t_door_metal_c",
          "t_door_metal_c",
          "t_door_metal_c",
          "t_door_metal_c",
          "t_door_metal_c",
          "t_door_metal_c",
          "t_door_metal_c",
          "t_door_metal_c",
          "t_door_metal_c",
          "t_door_metal_o"
        ],
        ":": [ "t_grass", "t_grass", "t_grass", "t_grass", "t_grass", "t_grass", "t_grass", "t_grass", "t_dirt", "t_tree" ],
        "M": "t_card_military",
        "X": "t_door_metal_locked",
        "=": [
          "t_reinforced_glass_shutter_open",
          "t_reinforced_glass_shutter_open",
          "t_reinforced_glass_shutter_open",
          "t_reinforced_glass_shutter"
        ],
        ",": "t_sidewalk"
      },
      "furniture": {
        "c": "f_chair",
        "T": "f_table",
        "B": "f_bookcase",
        "S": "f_statue",
        "n": "f_slab",
        "K": "f_desk",
        "d": "f_desk",
        "D": "f_desk",
        "C": "f_counter",
        "r": "f_rack",
        "b": "f_bench",
        "k": "f_locker",
        "l": "f_locker",
        "L": "f_locker",
        "[": "f_shower",
        "s": "f_sink",
        "&": "f_toilet"
      },
      "mapping": {
        "B": { "items": [ { "item": "novels", "chance": 50 }, { "item": "textbooks", "chance": 10 } ] },
        "L": { "items": [ { "item": "gym", "chance": 35 }, { "item": "lab_dorm", "chance": 10 } ] },
        "l": {
          "items": [
            { "item": "guns_pistol_common", "chance": 7 },
            { "item": "guns_pistol_rare", "chance": 3 },
            { "item": "guns_pistol_common", "chance": 7 },
            { "item": "guns_shotgun_rare", "chance": 3 },
            { "item": "guns_rifle_common", "chance": 7 },
            { "item": "guns_rifle_rare", "chance": 3 },
            { "item": "mags_pistol_rare", "chance": 5 },
            { "item": "mags_shotgun_rare", "chance": 5 },
            { "item": "mags_rifle_rare", "chance": 5 },
            { "item": "ammo_pistol_common", "chance": 9 },
            { "item": "ammo_pistol_rare", "chance": 3 },
            { "item": "ammo_shotgun_common", "chance": 9 },
            { "item": "ammo_shotgun_rare", "chance": 3 },
            { "item": "ammo_rifle_common", "chance": 9 },
            { "item": "ammo_rifle_rare", "chance": 3 }
          ]
        },
        "T": { "items": { "item": "waitingroom", "chance": 30 } },
        "D": { "items": { "item": "office", "chance": 95 } },
        "d": { "items": { "item": "office", "chance": 50 } },
        "F": { "items": { "item": "office", "chance": 15 } },
        "f": { "items": { "item": "office", "chance": 15 } }
      },
      "place_monsters": [
        { "monster": "GROUP_POLICE", "chance": 7, "x": [ 1, 22 ], "y": [ 1, 22 ] },
        { "monster": "GROUP_PLAIN", "chance": 7, "x": [ 1, 22 ], "y": [ 1, 22 ] },
        { "monster": "GROUP_ROBOT", "chance": 5, "x": [ 1, 22 ], "y": [ 1, 22 ] }
      ]
    }
  },
  {
    "type": "mapgen",
    "om_terrain": [ "police_hub_20" ],
    "method": "json",
    "weight": 100,
    "object": {
      "fill_ter": "t_grass",
      "rows": [
        "........................",
        "........................",
        "........................",
        "........................",
        "........................",
        ",====.......====,,====..",
        ",...............,,......",
        ",...............,,......",
        ",====...........,,......",
        ",...........====,,====..",
        ",...............,,......",
        ",====...........,,......",
        ",...............,,......",
        ",...........====,,====..",
        ",====...........,,......",
        ",...............,,......",
        ",...............,,......",
        ",====.......====,,====..",
        ",.......................",
        ",.......................",
        ",====...................",
        ",.......................",
        ",.......................",
        "::::...................."
      ],
      "terrain": {
        ":": [ "t_grass", "t_grass", "t_grass", "t_grass", "t_grass", "t_grass", "t_grass", "t_grass", "t_dirt", "t_tree" ],
        ".": "t_pavement",
        "=": "t_pavement_y",
        ",": "t_sidewalk"
      },
      "furniture": { "f": "f_rack" },
      "place_monsters": [
        { "monster": "GROUP_POLICE", "chance": 7, "x": [ 1, 22 ], "y": [ 1, 22 ] },
        { "monster": "GROUP_PLAIN", "chance": 7, "x": [ 1, 22 ], "y": [ 1, 22 ] }
      ]
    }
  },
  {
    "type": "mapgen",
    "om_terrain": [ "police_hub_21" ],
    "method": "json",
    "weight": 100,
    "object": {
      "fill_ter": "t_grass",
      "rows": [
        "....,,..................",
        "....,,..................",
        "....,,..................",
        "....,,..................",
        "....,,..................",
        "....,,====....====,,====",
        "....,,............,,....",
        "....,,............,,....",
        "....,,............,,....",
        "....,,====....====,,====",
        "....,,............,,....",
        "....,,............,,....",
        "....,,............,,....",
        "....,,====....====,,====",
        "....,,............,,....",
        "....,,............,,....",
        "....,,............,,....",
        "....,,====....====,,====",
        "........................",
        "........................",
        "........................",
        "........................",
        "........................",
        "........::::::::::::::::"
      ],
      "terrain": {
        ":": [ "t_grass", "t_grass", "t_grass", "t_grass", "t_grass", "t_grass", "t_grass", "t_grass", "t_dirt", "t_tree" ],
        ".": "t_pavement",
        "=": "t_pavement_y",
        ",": "t_sidewalk"
      },
      "furniture": { "f": "f_rack" },
      "place_monsters": [
        { "monster": "GROUP_POLICE", "chance": 7, "x": [ 1, 22 ], "y": [ 1, 22 ] },
        { "monster": "GROUP_PLAIN", "chance": 7, "x": [ 1, 22 ], "y": [ 1, 22 ] }
      ]
    }
  },
  {
    "type": "mapgen",
    "om_terrain": [ "police_hub_22" ],
    "method": "json",
    "weight": 100,
    "object": {
      "fill_ter": "t_grass",
      "rows": [
        "........................",
        "........................",
        "........................",
        "........................",
        "........................",
        ",====....====,,====.....",
        ",............,,.........",
        ",............,,.........",
        ",............,,.........",
        ",====....====,,====.....",
        ",............,,.........",
        ",............,,.........",
        ",............,,.........",
        ",====....====,,====.....",
        ",............,,.........",
        ",............,,.........",
        ",............,,.........",
        ",====....====,,====.....",
        "........................",
        "........................",
        "........................",
        "........................",
        "........................",
        "::::::::::::::::::::::::"
      ],
      "terrain": {
        ":": [ "t_grass", "t_grass", "t_grass", "t_grass", "t_grass", "t_grass", "t_grass", "t_grass", "t_dirt", "t_tree" ],
        ".": "t_pavement",
        "=": "t_pavement_y",
        ",": "t_sidewalk"
      },
      "furniture": { "f": "f_rack" },
      "place_monsters": [
        { "monster": "GROUP_POLICE", "chance": 7, "x": [ 1, 22 ], "y": [ 1, 22 ] },
        { "monster": "GROUP_PLAIN", "chance": 7, "x": [ 1, 22 ], "y": [ 1, 22 ] }
      ]
    }
  }
]
