[
	{
		"type" : "item_group",
		"subtype": "collection",
		"id": "default_succubi_clothes",
		"entries":
		[
			{ "group": "female_underwear_top", "prob": 50 },
			{ "group": "female_underwear_bottom", "prob": 70 },
			{ "group": "dresses", "prob": 20 },
			{ "group": "pants", "prob": 30 }
		]
	},
	{
		"type" : "item_group",
		"subtype": "collection",
		"id": "default_incubi_clothes",
		"entries":
		[
			{ "group": "male_underwear_top", "prob": 30 },
			{ "group": "male_underwear_bottom", "prob": 50 },
			{ "group": "shirts", "prob": 10 },
			{ "group": "pants", "prob": 20 }
		]
	},
	{
		"type" : "item_group",
		"subtype": "collection",
		"id": "default_cubi_items",
		"entries":
		[
			{ "item": "wrapped_condom", "prob": 50 },
			{ "group": "sex_lair", "prob": 30 },
			{ "group": "harddrugs", "prob": 10 }
		]
	},
	{
		"type" : "item_group",
		"subtype": "collection",
		"id": "default_cubi_rare_item",
		"entries":
		[
			{ "item": "ts_elixir" },
			{ "item": "holy_choker" }
		]
	},
	{
		"type" : "item_group",
		"subtype": "collection",
		"id": "incubi_hoplo_ammo",
		"entries":
		[
			{ "item": "flintlock_ammo", "prob": 55 },
			{ "item": "flintlock_shot", "prob": 40 },
			{ "item": "flintlock_ammo_magic", "prob": 5 }
		]
	},
	{
		"type" : "item_group",
		"subtype": "collection",
		"id": "default_succubi_death_drops",
		"entries":
		[
			{ "group": "default_succubi_clothes" },
			{ "group": "default_cubi_items", "prob": 50 },
			{ "group": "jewelry_front", "prob": 3 },
			{ "group": "default_cubi_rare_item", "prob": 1 }
		]
	},
	{
		"type" : "item_group",
		"subtype": "collection",
		"id": "succubi_sadist_death_drops",
		"entries":
		[
			{ "item": "bullwhip" },
			{ "item": "e_handcuffs" },
			{ "group": "default_succubi_clothes" },
			{ "group": "default_cubi_items", "prob": 50 },
			{ "group": "default_cubi_rare_item", "prob": 3 }
		]
	},
	{
		"type" : "item_group",
		"subtype": "collection",
		"id": "arch_succubi_death_drops",
		"entries":
		[
			{ "group": "default_succubi_clothes" },
			{ "group": "default_cubi_items", "prob": 50 },
			{ "group": "jewelry_front", "prob": 5 },
			{ "group": "default_cubi_rare_item", "prob": 3 }
		]
	},
	{
		"type" : "item_group",
		"subtype": "collection",
		"id": "greater_succubi_death_drops",
		"entries":
		[
			{ "group": "default_succubi_clothes" },
			{ "group": "default_cubi_items", "prob": 50 },
			{ "group": "jewelry_front", "prob": 10 },
			{ "group": "default_cubi_rare_item", "prob": 50 }
		]
	},
	{
		"type" : "item_group",
		"subtype": "collection",
		"id": "default_incubi_death_drops",
		"entries":
		[
			{ "group": "default_incubi_clothes" },
			{ "group": "default_cubi_items", "prob": 50 }
		]
	},
	{
		"type" : "item_group",
		"subtype": "collection",
		"id": "incubi_hoplophilia_death_drops",
		"entries":
		[
			{ "item": "rifle_flintlock" },
			{ "group": "incubi_hoplo_ammo" },
			{ "group": "default_incubi_clothes" },
			{ "group": "default_cubi_items", "prob": 50 },
			{ "group": "default_cubi_rare_item", "prob": 3 }
		]
	},
	{
		"type" : "item_group",
		"subtype": "collection",
		"id": "arch_incubi_death_drops",
		"entries":
		[
			{ "group": "default_incubi_clothes" },
			{ "group": "default_cubi_items", "prob": 50 },
			{ "group": "jewelry_front", "prob": 3 },
			{ "group": "default_cubi_rare_item", "prob": 3 }
		]
	},
	{
		"type" : "item_group",
		"subtype": "collection",
		"id": "greater_incubi_death_drops",
		"entries":
		[
			{ "group": "default_incubi_clothes" },
			{ "group": "default_cubi_items", "prob": 50 },
			{ "group": "jewelry_front", "prob": 5 },
			{ "group": "default_cubi_rare_item", "prob": 50 }
		]
	}
]
