[
	{
		"id": "mon_cambion_male",
		"type": "MONSTER",
		"name": "恶魔受胎",
		"name_plural": "恶魔受胎",
		"description": "他是人类与恶魔生出的混血儿。和你一样，穿着从某处收集来的武器和防护装备，在这地狱般的世界上流浪。",
		"default_faction": "fiend",
		"species": [ "FIEND", "MALE" ],
		"diff": 3,
		"size": "SMALL",
		"hp": 30,
		"speed": 85,
		"material": [ "flesh" ],
		"symbol": "@",
		"color": "cyan",
		"aggression": 85,
		"morale": 50,
		"melee_skill": 2,
		"melee_dice": 1,
		"melee_dice_sides": 2,
		"dodge": 3,
		"vision_day": 30,
		"vision_night": 20,
		"death_drops": {
			"subtype": "collection",
			"groups": [ [ "subway", 40 ], [ "sewer", 20 ], [ "trash", 5 ], [ "bedroom", 1 ], [ "dresser", 5 ], [ "ammo", 18 ] ]
		},
		"death_function": [ "NORMAL" ],
		"flags": [ "SEES", "HEARS", "SMELLS", "PATH_AVOID_DANGER_2", "WARM", "GRABS", "PUSH_MON", "BASHES", "GROUP_BASH", "CLIMBS", "HUMAN", "BONES" ]
	},
	{
		"id": "mon_cambion_female",
		"type": "MONSTER",
		"copy-from": "mon_cambion_male",
		"name": "恶魔受胎",
		"name_plural": "恶魔受胎",
		"description": "她是人类与恶魔生出的混血儿。和你一样，穿着从某处收集来的武器和防护装备，在这地狱般的世界上流浪。",
		"species": [ "FIEND", "FEMALE" ],
		"color": "pink"
	},


	{
		"id": "mon_lessor_cubi_base",
		"type": "MONSTER",
		"name": "lessor_cubiテンプレート",
		"name_plural": "lessor_cubiテンプレート",
		"description": "lessor_cubiテンプレート",
		"default_faction": "cubi",
		"species": [ "CUBI", "NETHER" ],
		"diff": 3,
		"size": "SMALL",
		"hp": 30,
		"speed": 85,
		"material": [ "flesh" ],
		"symbol": "d",
		"color": "pink",
		"aggression": 85,
		"morale": 50,
		"melee_skill": 2,
		"melee_dice": 1,
		"melee_dice_sides": 2,
		"dodge": 3,
		"vision_day": 30,
		"vision_night": 20,
		"special_attacks": [ [ "WIFE_U", 0 ], [ "SEDUCE", 3 ], [ "STRIP_U", 5 ] ],
		"death_function": [ "NORMAL" ],
		"flags": [ "SEES", "HEARS", "SMELLS", "PATH_AVOID_DANGER_1", "WARM", "GRABS", "PUSH_MON", "BASHES", "CLIMBS", "GROUP_MORALE", "GUILT", "HUMAN", "BONES", "GUILT" ]
	},
	{
		"id": "mon_cubi_base",
		"type": "MONSTER",
		"name": "cubiテンプレート",
		"name_plural": "cubiテンプレート",
		"description": "cubiテンプレート",
		"default_faction": "cubi",
		"species": [ "CUBI", "NETHER" ],
		"diff": 5,
		"size": "MEDIUM",
		"hp": 70,
		"speed": 95,
		"material": [ "flesh" ],
		"symbol": "d",
		"color": "pink",
		"aggression": 95,
		"morale": 80,
		"melee_skill": 3,
		"melee_dice": 1,
		"melee_dice_sides": 3,
		"armor_bash": 2,
		"armor_cut": 1,
		"armor_stab": 1,
		"dodge": 2,
		"vision_day": 30,
		"vision_night": 30,
		"special_attacks": [ [ "WIFE_U", 0 ], [ "SEDUCE", 2 ], [ "STRIP_U", 3 ], [ "THROW_KISS", 10 ] ],
		"death_function": [ "NORMAL" ],
		"flags": [ "SEES", "HEARS", "SMELLS", "PATH_AVOID_DANGER_1", "GRABS", "WARM", "PUSH_MON", "FLIES", "GROUP_MORALE", "HUMAN", "BONES" ]
	},

	{
		"id": "mon_lessor_succubi",
		"type": "MONSTER",
		"copy-from": "mon_lessor_cubi_base",
		"name": "下位魅魔",
		"name_plural": "下位魅魔",
		"description": "让男人堕落的恶魔，那就是魅魔。其中，属于下位的她们，外表看起来是非常普通的孩子，但是她们的眼睛里确实充满了欲望。",
		"default_faction": "cubi",
		"species": [ "CUBI", "NETHER", "FEMALE" ],
		"color": "pink",
		"death_drops": "default_succubi_death_drops",
		"upgrades": { "half_life": 7, "into": "mon_succubi" }
	},
	{
		"id": "mon_succubi",
		"type": "MONSTER",
		"copy-from": "mon_cubi_base",
		"name": "魅魔",
		"name_plural": "魅魔",
		"description": "让男人堕落的恶魔，那就是魅魔。据说它让人们做淫秽的梦并吸收精气，但在这个世界里魅魔似乎更加奔放的生活着。",
		"species": [ "CUBI", "NETHER", "FEMALE" ],
		"color": "pink",
		"death_drops": "default_succubi_death_drops",
		"upgrades": { "half_life": 14, "into_group": "GROUP_SUCCUBI_UPGRADE" }
	},
	{
		"id": "mon_succubi_sadist",
		"type": "MONSTER",
		"name": "魅魔施虐狂",
		"name_plural": "魅魔施虐狂",
		"description": "让男人堕落的恶魔，那就是魅魔。但是她拿着鞭子向你露出残虐的微笑。",
		"default_faction": "cubi",
		"species": [ "CUBI", "NETHER", "FEMALE" ],
		"diff": 16,
		"size": "MEDIUM",
		"hp": 120,
		"speed": 110,
		"material": [ "flesh" ],
		"symbol": "d",
		"color": "brown_red",
		"aggression": 95,
		"morale": 90,
		"//" : "ガチ戦闘ビルド。レザージャケットを着た上位ゾンビくらいの強さが理想。",
		"melee_skill": 5,
		"melee_dice": 3,
		"melee_dice_sides": 4,
		"melee_cut": 3,
		"armor_bash": 7,
		"armor_cut": 5,
		"armor_stab": 5,
		"armor_acid": 9,
		"attack_effs": [
			{ "id": "corrupt", "duration": 25 }
		],
		"dodge": 4,
		"vision_day": 30,
		"vision_night": 30,
		"special_attacks": [ [ "WIFE_U", 0 ], [ "STRIP_U", 10 ], [ "TAZER", 10 ],
			{
				"type": "gun",
				"cooldown": 5,
				"move_cost": 100,
				"gun_type": "fake_whip",
				"fake_skills": [ [ "gun", 8 ], [ "rifle", 8 ] ],
				"fake_dex": 8,
				"fake_per": 8,
				"require_targeting_player": false,
				"description": "%1$s甩了下鞭子！",
				"ranges": [ [ 1, 3, "DEFAULT" ] ]
			}
		],
		"death_drops": "succubi_sadist_death_drops",
		"death_function": [ "NORMAL" ],
		"flags": [ "SEES", "HEARS", "SMELLS", "PATH_AVOID_DANGER_1", "GRABS", "WARM", "PUSH_MON", "FLIES", "FIREPROOF", "GROUP_MORALE", "REGEN_MORALE", "HUMAN", "BONES" ]
	},
	{
		"id": "mon_succubi_somnophilia",
		"type": "MONSTER",
		"//" : "ソムノフィリア：眠っていたり意識の無い状態の相手との行為を好む。",
		"name": "昏睡魅魔",
		"name_plural": "昏睡魅魔",
		"description": "让男人堕落的恶魔，那就是魅魔。据说它让人们做淫秽的梦并吸收精气、但她特别喜欢做这种事。。",
		"default_faction": "cubi",
		"species": [ "CUBI", "NETHER", "FEMALE" ],
		"diff": 16,
		"size": "MEDIUM",
		"hp": 100,
		"speed": 100,
		"material": [ "flesh" ],
		"symbol": "d",
		"color": "blue_red",
		"aggression": 95,
		"morale": 80,
		"//" : "魔法職。近接攻撃は一切行わず眠らせることに特化。",
		"melee_skill": 4,
		"melee_dice": 0,
		"melee_dice_sides": 1,
		"armor_bash": 5,
		"armor_cut": 3,
		"armor_stab": 3,
		"armor_acid": 5,
		"dodge": 2,
		"vision_day": 30,
		"vision_night": 40,
		"special_attacks": [ [ "SEDUCE", 7 ], [ "SLEEP", 3 ], [ "STRIP_U", 7 ], [ "WIFE_U", 0 ] ],
		"death_drops": "arch_succubi_death_drops",
		"death_function": [ "NORMAL" ],
		"flags": [ "SEES", "HEARS", "SMELLS", "PATH_AVOID_DANGER_1", "WARM", "PUSH_MON", "FLIES", "FIREPROOF", "GROUP_MORALE", "REGEN_MORALE", "HUMAN", "BONES" ]
	},
	{
		"id": "mon_succubi_exhibitionism",
		"type": "MONSTER",
		"//" : "エキシビショニズム：露出。",
		"name": "暴露狂魅魔",
		"name_plural": "暴露狂魅魔",
		"description": "让男人堕落的恶魔，那就是魅魔。据说它让人们做淫秽的梦并吸收精气、但是她似乎更喜欢展示她的裸体。",
		"default_faction": "cubi",
		"species": [ "CUBI", "NETHER", "FEMALE" ],
		"diff": 16,
		"size": "MEDIUM",
		"hp": 100,
		"speed": 100,
		"material": [ "flesh" ],
		"symbol": "d",
		"color": "white_red",
		"aggression": 95,
		"morale": 80,
		"melee_skill": 4,
		"melee_dice": 2,
		"melee_dice_sides": 6,
		"dodge": 3,
		"vision_day": 30,
		"vision_night": 30,
		"special_attacks": [ [ "SEDUCE", 5 ], [ "EXPOSE", 30 ], [ "WIFE_U", 0 ] ],
		"death_drops": "arch_succubi_death_drops",
		"death_function": [ "NORMAL" ],
		"flags": [ "SEES", "HEARS", "SMELLS", "PATH_AVOID_DANGER_1", "GRABS", "WARM", "PUSH_MON", "FLIES", "FIREPROOF", "GROUP_MORALE", "REGEN_MORALE", "HUMAN", "BONES" ]
	},
	{
		"id": "mon_succubi_lactophilia",
		"type": "MONSTER",
		"//" : "ラクトフィリア：母乳。",
		"name": "巨乳魅魔",
		"name_plural": "巨乳魅魔",
		"description": "让男人堕落的恶魔，那就是魅魔。不过即使考虑到是梦魔，她的胸部也过分的大、并且身体的前面也总是被自己的奶淋湿。",
		"default_faction": "cubi",
		"species": [ "CUBI", "NETHER", "FEMALE" ],
		"diff": 5,
		"size": "MEDIUM",
		"hp": 100,
		"speed": 95,
		"material": [ "flesh" ],
		"symbol": "d",
		"color": "pink_white",
		"aggression": 50,
		"morale": 80,
		"//" : "戦闘能力は普通のサキュバスとさほど変わらないが、超実力主義である夢魔達の中で*超*豊満な胸を持っているという理由だけでArchの座に祭り上げられてしまったが本人はよくわかっていない天然系おっとりMILFタイプ。　　まで妄想した",
		"melee_skill": 3,
		"melee_dice": 1,
		"melee_dice_sides": 3,
		"armor_bash": 8,
		"armor_cut": 1,
		"armor_stab": 1,
		"dodge": 2,
		"starting_ammo": { "milk": 8 },
		"vision_day": 30,
		"vision_night": 30,
		"special_attacks": [ [ "WIFE_U", 0 ], [ "SEDUCE", 2 ], [ "STRIP_U", 3 ], [ "THROW_KISS", 7 ] ],
		"death_drops": "arch_succubi_death_drops",
		"death_function": [ "NORMAL" ],
		"flags": [ "SEES", "HEARS", "SMELLS", "PATH_AVOID_DANGER_1", "GRABS", "WARM", "PUSH_MON", "FLIES", "FIREPROOF", "GROUP_MORALE", "REGEN_MORALE", "HUMAN", "BONES", "MILKABLE" ]
	},
	{
		"id": "mon_greater_succubi",
		"type": "MONSTER",
		"name": "上位魅魔",
		"name_plural": "上位魅魔",
		"description": "让男人堕落的恶魔，那就是魅魔。而属于上位的她，具有比下位的同属们强大无数倍的魔力和身体。不要被那个淫靡的外表欺骗！一旦爱上了她，就会立刻失去自己的身心。",
		"default_faction": "cubi",
		"species": [ "CUBI", "NETHER", "FEMALE" ],
		"diff": 50,
		"size": "MEDIUM",
		"hp": 240,
		"speed": 110,
		"material": [ "flesh" ],
		"symbol": "D",
		"color": "red",
		"aggression": 90,
		"morale": 100,
		"melee_skill": 6,
		"melee_dice": 2,
		"melee_dice_sides": 8,
		"dodge": 2,
		"starting_ammo": { "milk": 1 },
		"vision_day": 30,
		"vision_night": 40,
		"special_attacks": [ [ "SEDUCE", 5 ], [ "STRIP_U", 2 ], [ "WIFE_U", 0 ], [ "LOVE_FLAME", 40 ], [ "UPGRADE", 20 ] ],
		"death_drops": "greater_succubi_death_drops",
		"death_function": [ "NORMAL" ],
		"flags": [ "SEES", "HEARS", "SMELLS", "PATH_AVOID_DANGER_2", "GRABS", "WARM", "NIGHT_INVISIBILITY", "REGENERATES_IN_DARK", "PUSH_MON", "FLIES", "FIREPROOF", "REGEN_MORALE", "HUMAN", "BONES", "MILKABLE" ]
	},


	{
		"id": "mon_lessor_incubi",
		"type": "MONSTER",
		"copy-from": "mon_lessor_cubi_base",
		"name": "下位梦魇",
		"name_plural": "下位梦魇",
		"description": "让女人堕落的恶魔、就是梦魇。其中，属于下位的他们，外表看起来是非常普通的孩子，但是他们的眼睛里确实充满了欲望。",
		"species": [ "CUBI", "NETHER", "MALE" ],
		"color": "cyan",
		"death_drops": "default_incubi_death_drops",
		"upgrades": { "half_life": 7, "into": "mon_incubi" }
	},
	{
		"id": "mon_incubi",
		"type": "MONSTER",
		"copy-from": "mon_cubi_base",
		"name": "梦魇",
		"name_plural": "梦魇",
		"description": "让女人堕落的恶魔、就是梦魇。有人说，他们会让人做淫荡的梦,并在梦里变成年轻男人的样子来诱惑、但在这个世界上他们似乎采取了更直接的行动。",
		"species": [ "CUBI", "NETHER", "MALE" ],
		"color": "cyan",
		"death_drops": "default_incubi_death_drops",
		"upgrades": { "half_life": 14, "into_group": "GROUP_INCUBI_UPGRADE" }
	},
	{
		"id": "mon_incubi_sthenolagnia",
		"type": "MONSTER",
		"//" : "ステノラグニア：筋肉を愛する。",
		"name": "肌肉梦魇",
		"name_plural": "肌肉梦魇",
		"description": "让女人堕落的恶魔、就是梦魇。其中他最自豪的是他的肉体之美(尤其是肌肉)。",
		"default_faction": "cubi",
		"species": [ "CUBI", "NETHER", "MALE" ],
		"diff": 16,
		"size": "MEDIUM",
		"hp": 140,
		"speed": 110,
		"material": [ "flesh" ],
		"symbol": "d",
		"color": "blue_yellow",
		"aggression": 95,
		"morale": 90,
		"melee_skill": 5,
		"melee_dice": 3,
		"melee_dice_sides": 6,
		"armor_bash": 7,
		"armor_cut": 5,
		"armor_stab": 5,
		"armor_acid": 9,
		"dodge": 4,
		"vision_day": 30,
		"vision_night": 30,
		"special_attacks": [ [ "SEDUCE", 5 ], [ "STRIP_U", 3 ], [ "FLESH_GOLEM", 15 ], [ "GRAB_DRAG", 10 ], [ "WIFE_U", 0 ] ],
		"death_drops": "arch_incubi_death_drops",
		"death_function": [ "NORMAL" ],
		"flags": [ "SEES", "HEARS", "SMELLS", "PATH_AVOID_DANGER_1", "LOUDMOVES", "GRABS", "WARM", "PUSH_MON", "FLIES", "BASHES", "DESTROYS", "FIREPROOF", "GROUP_MORALE", "REGEN_MORALE", "HUMAN", "BONES" ]
	},
	{
		"id": "mon_incubi_phalloplas",
		"type": "MONSTER",
		"//" : "ファロプラス：男性のモノに色々埋め込んだり注入したりする。",
		"name": "生化梦魇",
		"name_plural": "生化梦魇",
		"description": "让女人堕落的恶魔、就是梦魇。而他也倾注了对自己的肉体…嗯，倾注了对特定部位进行改造的热情。人类的CBM技术在他的眼中是新的玩具。",
		"default_faction": "cubi",
		"species": [ "CUBI", "NETHER", "MALE" ],
		"diff": 16,
		"size": "MEDIUM",
		"hp": 100,
		"speed": 100,
		"material": [ "flesh" ],
		"symbol": "d",
		"color": "blue_green",
		"aggression": 95,
		"morale": 80,
		"melee_skill": 3,
		"melee_dice": 2,
		"melee_dice_sides": 4,
		"dodge": 2,
		"vision_day": 30,
		"vision_night": 30,
		"special_attacks": [ [ "SEDUCE", 5 ], [ "THROW_KISS", 15 ], [ "STRIP_U", 7 ], [ "WIFE_U", 0 ] ],
		"death_drops": "arch_incubi_death_drops",
		"death_function": [ "NORMAL" ],
		"flags": [ "SEES", "HEARS", "SMELLS", "PATH_AVOID_DANGER_1", "GRABS", "WARM", "PUSH_MON", "FLIES", "FIREPROOF", "GROUP_MORALE", "REGEN_MORALE", "HUMAN", "BONES", "ELECTRIC", "CBM_CIV" ]
	},
	{
		"id": "mon_incubi_hoplophilia",
		"type": "MONSTER",
		"//" : "ホプロフィリア：銃を愛する。恐怖症はあっても性愛は無いと思うんだけど、まあ表現ということで...",
		"name": "梦魇射手",
		"name_plural": "梦魇射手",
		"description": "让女人堕落的恶魔、就是梦魇。但是他有一把老式的燧发步枪，无论到哪都摆出轻松的表情，不管是谁他都不在乎。",
		"default_faction": "cubi",
		"species": [ "CUBI", "NETHER", "MALE" ],
		"diff": 32,
		"size": "MEDIUM",
		"hp": 120,
		"speed": 100,
		"material": [ "flesh" ],
		"symbol": "d",
		"color": "blue_white",
		"aggression": 95,
		"morale": 90,
		"melee_skill": 5,
		"melee_dice": 2,
		"melee_dice_sides": 4,
		"armor_bash": 2,
		"armor_cut": 1,
		"armor_stab": 1,
		"dodge": 3,
		"vision_day": 30,
		"vision_night": 30,
		"starting_ammo": { "flintlock_ammo" : 24, "flintlock_ammo_magic" : 6 },
		"special_attacks": [ [ "WIFE_U", 0 ], [ "SEDUCE", 2 ], [ "STRIP_U", 3 ], [ "THROW_KISS", 10 ],
			{
				"type": "gun",
				"cooldown": 5,
				"move_cost": 1200,
				"targeting_cost": 250,
				"gun_type": "rifle_flintlock",
				"ammo_type": "flintlock_ammo_magic",
				"max_ammo" : 6,
				"fake_skills": [ [ "gun", 4 ], [ "rifle", 4 ] ],
				"fake_dex": 8,
				"fake_per": 12,
				"require_targeting_player": true,
				"//" : "ウェーバーの「魔弾の射手」の一説から適当に抜き出し。「6発は必中、7発目は...」という意味。まあドイツ語はさっぱりだがな！",
				"targeting_sound": "「Sechse treffen, sieben...」",
				"targeting_volume": 30,
				"description": "Dōn！",
				"no_ammo_sound": "Kachi~tsu！",
				"ranges": [ [ 2, 12, "DEFAULT" ] ]
			},
			{
				"type": "gun",
				"cooldown": 2,
				"move_cost": 1200,
				"targeting_cost": 250,
				"gun_type": "rifle_flintlock",
				"ammo_type": "flintlock_ammo",
				"max_ammo" : 24,
				"fake_skills": [ [ "gun", 2 ], [ "rifle", 2 ] ],
				"fake_dex": 6,
				"fake_per": 8,
				"require_targeting_player": true,
				"//" : "ウェーバーの「魔弾の射手」の一説から適当に抜き出し。「ダイヤのクイーンの名にかけて撃て！は、は！」という意味。まあドイツ語はさっぱりだがな！",
				"targeting_sound": "「Schiess in schellobers Namen! Ha, ha!」",
				"targeting_volume": 40,
				"description": "Dōn！",
				"no_ammo_sound": "Kachi~tsu！",
				"ranges": [ [ 2, 12, "DEFAULT" ] ]
			}
		],
		"death_drops": "incubi_hoplophilia_death_drops",
		"death_function": [ "NORMAL" ],
		"flags": [ "SEES", "HEARS", "SMELLS", "PATH_AVOID_DANGER_1", "GRABS", "WARM", "PUSH_MON", "FLIES", "FIREPROOF", "GROUP_MORALE", "REGEN_MORALE", "HUMAN", "BONES", "INTERIOR_AMMO", "PRIORITIZE_TARGETS" ]
	},
	{
		"id": "mon_greater_incubi",
		"type": "MONSTER",
		"copy-from": "mon_greater_succubi",
		"name": "上位梦魇",
		"name_plural": "上位梦魇",
		"description": "让女人堕落的恶魔、就是梦魇。而属于上位的他，具有比下位的同属们强大无数倍的魔力和身体。不要被那个淫靡的外表欺骗！一旦爱上了他，就会立刻失去自己的身心。",
		"species": [ "CUBI", "NETHER", "MALE" ],
		"color": "blue",
		"death_drops": "default_incubi_death_drops"
	},

	{
		"id": "mon_hentai_vinebeast",
		"type": "MONSTER",
		"copy-from": "mon_vinebeast",
		"name": "触手の怪物",
		"description": "(※未実装)",
		"default_faction": "triffid",
		"species": [ "PLANT", "HERM" ],
		"material": [ "veggy" ],
		"color": "light_green"
	},
	{
		"id": "mon_hentai_tentaclebeast",
		"type": "MONSTER",
		"copy-from": "mon_vinebeast",
		"name": "触手の怪物",
		"description": "(※未実装)",
		"default_faction": "triffid",
		"species": [ "PLANT", "HERM" ],
		"material": [ "veggy" ],
		"color": "pink"
	}
]
