[
	{
		"type":"monstergroup",
		"name" : "GROUP_SUCCUBI_UPGRADE",
		"default" : "mon_null",
		"monsters" : [
			{ "monster" : "mon_succubi_sadist", "freq" : 30, "cost_multiplier" : 10 },
			{ "monster" : "mon_succubi_somnophilia", "freq" : 30, "cost_multiplier" : 10 },
			{ "monster" : "mon_succubi_exhibitionism", "freq" : 30, "cost_multiplier" : 10 },
			{ "monster" : "mon_succubi_lactophilia", "freq" : 10, "cost_multiplier" : 10 }
		]
	},
	{
		"type":"monstergroup",
		"name" : "GROUP_INCUBI_UPGRADE",
		"default" : "mon_null",
		"monsters" : [
			{ "monster" : "mon_incubi_sthenolagnia", "freq" : 40, "cost_multiplier" : 0 },
			{ "monster" : "mon_incubi_phalloplas", "freq" : 40, "cost_multiplier" : 0 },
			{ "monster" : "mon_incubi_hoplophilia", "freq" : 20, "cost_multiplier" : 0 }
		]
	},
	{
		"type":"monstergroup",
		"name" : "GROUP_FOREST",
		"default" : "mon_null",
		"monsters" : [
			{ "monster" : "mon_lessor_succubi", "freq" : 10, "cost_multiplier" : 10, "pack_size" : [1,3] },
			{ "monster" : "mon_lessor_succubi", "freq" : 30, "cost_multiplier" : 30, "pack_size" : [3,10], "conditions" : ["DUSK", "NIGHT"] },
			{ "monster" : "mon_succubi", "freq" : 10, "cost_multiplier" : 5, "pack_size" : [1,2] },
			{ "monster" : "mon_succubi", "freq" : 30, "cost_multiplier" : 15, "pack_size" : [2,10], "conditions" : ["DUSK", "NIGHT"] },
			{ "monster" : "mon_succubi_sadist", "freq" : 5, "cost_multiplier" : 5 },
			{ "monster" : "mon_succubi_sadist", "freq" : 25, "cost_multiplier" : 20, "pack_size" : [1,3], "conditions" : ["DUSK", "NIGHT"] },
			{ "monster" : "mon_succubi_somnophilia", "freq" : 50, "cost_multiplier" : 50, "conditions" : ["DUSK", "NIGHT"] },
			{ "monster" : "mon_succubi_exhibitionism", "freq" : 5, "cost_multiplier" : 5 },
			{ "monster" : "mon_succubi_exhibitionism", "freq" : 25, "cost_multiplier" : 20, "pack_size" : [1,3], "conditions" : ["DUSK", "NIGHT"] },
			{ "monster" : "mon_succubi_lactophilia", "freq" : 3, "cost_multiplier" : 5 },
			{ "monster" : "mon_succubi_lactophilia", "freq" : 10, "cost_multiplier" : 20, "pack_size" : [1,3], "conditions" : ["DUSK", "NIGHT"] },
			{ "monster" : "mon_greater_succubi", "freq" : 1, "cost_multiplier" : 50 },
			{ "monster" : "mon_greater_succubi", "freq" : 3, "cost_multiplier" : 50, "conditions" : ["DUSK", "NIGHT"] },

			{ "monster" : "mon_lessor_incubi", "freq" : 10, "cost_multiplier" : 10, "pack_size" : [1,3] },
			{ "monster" : "mon_lessor_incubi", "freq" : 30, "cost_multiplier" : 30, "pack_size" : [3,10], "conditions" : ["DUSK", "NIGHT"] },
			{ "monster" : "mon_incubi", "freq" : 10, "cost_multiplier" : 5, "pack_size" : [1,2] },
			{ "monster" : "mon_incubi", "freq" : 30, "cost_multiplier" : 15, "pack_size" : [2,10], "conditions" : ["DUSK", "NIGHT"] },
			{ "monster" : "mon_incubi_sthenolagnia", "freq" : 5, "cost_multiplier" : 5 },
			{ "monster" : "mon_incubi_sthenolagnia", "freq" : 25, "cost_multiplier" : 20, "pack_size" : [1,3], "conditions" : ["DUSK", "NIGHT"] },
			{ "monster" : "mon_incubi_phalloplas", "freq" : 5, "cost_multiplier" : 5 },
			{ "monster" : "mon_incubi_phalloplas", "freq" : 25, "cost_multiplier" : 20, "pack_size" : [1,3], "conditions" : ["DUSK", "NIGHT"] },
			{ "monster" : "mon_incubi_hoplophilia", "freq" : 5, "cost_multiplier" : 5 },
			{ "monster" : "mon_incubi_hoplophilia", "freq" : 25, "cost_multiplier" : 20, "pack_size" : [1,3], "conditions" : ["DUSK", "NIGHT"] },
			{ "monster" : "mon_greater_incubi", "freq" : 1, "cost_multiplier" : 50 },
			{ "monster" : "mon_greater_incubi", "freq" : 3, "cost_multiplier" : 50, "conditions" : ["DUSK", "NIGHT"] }
		]
	},
	{
		"type":"monstergroup",
		"name" : "GROUP_CAVE",
		"default" : "mon_null",
		"monsters" : [
			{ "monster" : "mon_lessor_succubi", "freq" : 100, "cost_multiplier" : 20, "pack_size" : [5,10] },
			{ "monster" : "mon_succubi", "freq" : 100, "cost_multiplier" : 10, "pack_size" : [5,10] },
			{ "monster" : "mon_lessor_incubi", "freq" : 100, "cost_multiplier" : 20, "pack_size" : [5,10] },
			{ "monster" : "mon_incubi", "freq" : 100, "cost_multiplier" : 10, "pack_size" : [5,10] }
		]
	},
	{
		"type":"monstergroup",
		"name" : "GROUP_LAB",
		"default" : "mon_zombie_scientist",
		"monsters" : [
			{ "monster" : "mon_lessor_succubi", "freq" : 5, "cost_multiplier" : 10, "pack_size" : [1,5] },
			{ "monster" : "mon_succubi", "freq" : 5, "cost_multiplier" : 5, "pack_size" : [1,3] },
			{ "monster" : "mon_lessor_incubi", "freq" : 5, "cost_multiplier" : 10, "pack_size" : [1,5] },
			{ "monster" : "mon_incubi", "freq" : 5, "cost_multiplier" : 5, "pack_size" : [1,3] }
		]
	},
	{
		"type":"monstergroup",
		"name" : "GROUP_HOUSE",
		"default" : "mon_zombie",
		"monsters" : [
			{ "monster" : "mon_lessor_succubi", "freq" : 30, "cost_multiplier" : 5 },
			{ "monster" : "mon_succubi", "freq" : 20, "cost_multiplier" : 3 },
			{ "monster" : "mon_lessor_incubi", "freq" : 30, "cost_multiplier" : 5 },
			{ "monster" : "mon_incubi", "freq" : 20, "cost_multiplier" : 3 }
		]
	},
	{
		"type":"monstergroup",
		"name" : "GROUP_MANSION",
		"default" : "mon_zombie",
		"monsters" : [
			{ "monster" : "mon_lessor_succubi", "freq" : 30, "cost_multiplier" : 5 },
			{ "monster" : "mon_succubi", "freq" : 30, "cost_multiplier" : 3 },
			{ "monster" : "mon_lessor_incubi", "freq" : 30, "cost_multiplier" : 5 },
			{ "monster" : "mon_incubi", "freq" : 30, "cost_multiplier" : 3 }
		]
	}
]
