[
	{
		"id": "mon_zombie_bloodcompact",
		"type": "MONSTER",
		"name": "blood compact zombie",
		"description": "From the old graveyard it arises. This zombie's age cause its blood to solidify into thick, rock-like armor, but somehow maintains natural speed. With odd-looking teeth lining and stony claws, its threat is impeccable.",
		"default_faction": "zombie",
		"species": [
			"ZOMBIE",
			"ELDERZED"
		],
		"size": "MEDIUM",
		"hp": 185,
		"bodytype": "human",
		"speed": 85,
		"material": [
			"flesh"
		],
		"symbol": "B",
		"color": "red",
		"aggression": 100,
		"morale": 100,
		"melee_skill": 4,
		"melee_dice": 2,
		"melee_dice_sides": 4,
		"melee_cut": 3,
		"armor_bash": 10,
		"armor_cut": 8,
		"vision_day": 30,
		"vision_night": 4,
		"harvest": "zombie",
		"special_attacks": [
			{
				"type": "bite",
				"cooldown": 10
			},
			[
				"GRAB",
				6
			]
		],
		"death_drops": "elderzombie",
		"death_function": [
			"NORMAL"
		],
		"upgrades": {
			"half_life": 6,
			"into_group": "GROUP_CRYPTIES_UPGRADE"
		},
		"flags": [
			"SEES",
			"HEARS",
			"SMELLS",
			"STUMBLES",
			"WARM",
			"BASHES",
			"GROUP_BASH",
			"POISON",
			"NO_BREATHE",
			"REVIVES",
			"BONES"
		]
	},
	{
		"id": "mon_zombie_blooddefused",
		"type": "MONSTER",
		"name": "blood defused zombie",
		"description": "This hollowed zombie's blood melts away and cause a minor mutation, such as long claws and immensive fangs. Lackness of weight provides swiftness and good reflexes, but in most cases, its fragility makes them easy to take down.",
		"default_faction": "zombie",
		"species": [
			"ZOMBIE",
			"ELDERZED"
		],
		"bodytype": "human",
		"size": "MEDIUM",
		"hp": 85,
		"speed": 135,
		"material": [
			"flesh"
		],
		"symbol": "B",
		"color": "white",
		"aggression": 100,
		"morale": 100,
		"melee_skill": 5,
		"melee_dice": 2,
		"melee_dice_sides": 4,
		"melee_cut": 4,
		"armor_bash": 2,
		"armor_cut": 2,
		"vision_day": 35,
		"harvest": "zombie",
		"vision_night": 5,
		"special_attacks": [
			{
				"type": "bite",
				"cooldown": 6
			},
			[
				"GRAB",
				9
			]
		],
		"death_drops": "elderzombie",
		"death_function": [
			"NORMAL"
		],
		"upgrades": {
			"half_life": 6,
			"into_group": "GROUP_CRYPTIES_DEFUSEDUPGRADE"
		},
		"flags": [
			"SEES",
			"HEARS",
			"SMELLS",
			"WARM",
			"BASHES",
			"GROUP_BASH",
			"POISON",
			"NO_BREATHE",
			"REVIVES",
			"BONES",
			"BLEED"
		]
	},
	{
		"id": "mon_zombie_bloodinfused",
		"type": "MONSTER",
		"name": "blood infused zombie",
		"description": "This zombie's blood was once compact, but now it soaks and caused to mutate into a dangerous oversized bone plates and spikes, leaving its fleshy skin saggy. The bone scythes on its hands are symmetrical as a pair while its sharpened teeth potrudes from its jaw, but despite fearsome looks, its weight causes it to stumble... often.",
		"default_faction": "zombie",
		"species": [
			"ZOMBIE",
			"ELDERZED"
		],
		"bodytype": "human",
		"size": "MEDIUM",
		"hp": 265,
		"speed": 65,
		"material": [
			"flesh"
		],
		"symbol": "B",
		"color": "black",
		"aggression": 100,
		"morale": 100,
		"melee_skill": 4,
		"melee_dice": 4,
		"melee_dice_sides": 4,
		"melee_cut": 4,
		"armor_bash": 14,
		"armor_cut": 10,
		"vision_day": 13,
		"harvest": "zombie",
		"vision_night": 3,
		"special_attacks": [
			{
				"type": "bite",
				"cooldown": 9
			},
			[
				"GRAB",
				7
			]
		],
		"death_drops": "elderzombie",
		"death_function": [
			"NORMAL"
		],
		"upgrades": {
			"half_life": 6,
			"into_group": "GROUP_CRYPTIES_INFUSEDUPGRADE"
		},
		"flags": [
			"SEES",
			"HEARS",
			"SMELLS",
			"STUMBLES",
			"WARM",
			"BASHES",
			"GROUP_BASH",
			"POISON",
			"NO_BREATHE",
			"REVIVES",
			"BONES",
			"BLEED"
		]
	},
	{
		"id": "mon_zombie_bonetitan",
		"type": "MONSTER",
		"name": "bone titan zombie",
		"description": "An enlarged skeleton mutant with extremely thick bone platings around its body. You see it walks slowly from carrying itself up.",
		"default_faction": "zombie",
		"species": [
			"ZOMBIE",
			"ELDERZED"
		],
		"bodytype": "human",
		"size": "LARGE",
		"hp": 355,
		"speed": 60,
		"material": [
			"flesh"
		],
		"symbol": "B",
		"color": "black_magenta",
		"aggression": 100,
		"morale": 100,
		"melee_skill": 5,
		"melee_dice": 5,
		"melee_dice_sides": 5,
		"melee_cut": 5,
		"armor_bash": 15,
		"armor_cut": 16,
		"harvest": "zombie",
		"vision_day": 35,
		"vision_night": 5,
		"special_attacks": [
			[
				"heavygrab",
				20
			],
			[
				"GRAB",
				10
			]
		],
		"death_drops": "default_zombie_death_drops",
		"death_function": [
			"NORMAL"
		],
		"flags": [
			"SEES",
			"HEARS",
			"SMELLS",
			"STUMBLES",
			"WARM",
			"BASHES",
			"GROUP_BASH",
			"POISON",
			"NO_BREATHE",
			"REVIVES",
			"BONES",
			"BLEED"
		]
	},
	{
		"id": "mon_zombie_bonewraith",
		"type": "MONSTER",
		"name": "bone wraith zombie",
		"description": "A skeleton mutant with symmetrical slender thin bone growth on its back, similar to spider's, but appears to be unused in its movement. Being almost weightless, it has greater reflexes and running speed than the average human can acquire.",
		"default_faction": "zombie",
		"species": [
			"ZOMBIE",
			"ELDERZED"
		],
		"bodytype": "human",
		"size": "MEDIUM",
		"hp": 105,
		"speed": 145,
		"material": [
			"flesh"
		],
		"symbol": "B",
		"color": "white_magenta",
		"aggression": 100,
		"morale": 100,
		"melee_skill": 6,
		"melee_dice": 2,
		"melee_dice_sides": 4,
		"melee_cut": 6,
		"armor_bash": 2,
		"armor_cut": 2,
		"harvest": "zombie",
		"vision_day": 35,
		"vision_night": 5,
		"special_attacks": [
			[
				"tentaclebones",
				10
			],
			[
				"GRAB",
				10
			]
		],
		"death_drops": "default_zombie_death_drops",
		"death_function": [
			"NORMAL"
		],
		"flags": [
			"SEES",
			"HEARS",
			"SMELLS",
			"WARM",
			"BASHES",
			"GROUP_BASH",
			"POISON",
			"NO_BREATHE",
			"REVIVES",
			"BONES",
			"BLEED"
		]
	}
]