[
  {
    "result": "bearing",
    "type": "recipe",
    "id_suffix": "alt_creation",
    "category": "CC_AMMO",
    "subcategory": "CSC_AMMO_OTHER",
    "skill_used": "fabrication",
    "difficulty": 3,
    "time": 10000,
    "autolearn": true,
    "book_learn": [ [ "recipe_surv", 2 ] ],
    "//": "Doesn't use c_metal_molding_standard because metal and charcoal usage is non-standard.",
    "qualities": [ { "id": "HAMMER", "level": 2 } ],
    "tools": [
      [ [ "can_forge", -1 ] ],
      [
        [ "material_sand", -1 ],
        [ "clay_lump", -1 ]
      ],
      [
        [ "bearing", -1 ],
        [ "marble", -1 ]
      ]
    ],
    "components": [
      [ [ "scrap", 1 ] ],
      [ [ "charcoal", 30 ], [ "charcoal", 30 ] ]
    ]
  },
  {
    "result": "surcan",
    "type": "recipe",
    "category": "CC_NONCRAFT",
    "subcategory": "CSC_NONCRAFT",
    "skill_used": "none",
    "difficulty": 0,
    "time": 60,
    "reversible": true,
    "autolearn": true,
    "components": [
      [ [ "knife_swissarmy", 1 ] ],
      [ [ "mask_dust", 1 ] ],
      [ [ "sewing_kit", 1 ] ],
      [ [ "aluminum_foil", 1 ] ],
      [ [ "ref_lighter", 1 ] ],
      [ [ "string_6", 20 ] ],
      [ [ "1st_aid", 1 ] ],
      [ [ "pur_tablets", 1 ] ],
      [ [ "wild_herbs", 1 ] ],
      [ [ "caff_gum", 1 ] ],
      [ [ "fishing_hook_basic", 2 ] ],
      [ [ "gloves_medical", 1 ] ],
      [ [ "bandana", 1 ] ],
      [ [ "ear_plugs", 1 ] ],
      [ [ "paper", 1 ] ],
      [ [ "can_food_unsealed", 2 ] ]
    ],
    "flags": [ "BLIND_EASY" ]
  },
  {
    "result": "can_forge",
    "type": "recipe",
    "category": "CC_OTHER",
    "subcategory": "CSC_OTHER_TOOLS",
    "skill_used": "fabrication",
    "difficulty": 2,
    "time": 45000,
    "autolearn": true,
    "book_learn": [ [ "recipe_surv", 1 ] ],
    "using": [ [ "surface_heat", 50 ] ],
    "qualities": [ { "id": "CUT", "level": 1 }, { "id": "HAMMER", "level": 2 } ],
    "components":
    [
      [
        [ "metal_tank_little", 1 ],
        [ "sheet_metal_small", 4 ],
        [ "can_food_unsealed", 6 ],
        [ "can_drink_unsealed", 6 ],
        [ "scrap", 12 ]
      ],
      [
        [ "clay_lump", 2 ],
        [ "pebble", 20 ],
        [ "material_limestone", 100 ],
        [ "material_sand", 100 ]
      ],
      [
        [ "cu_pipe", 1 ],
        [ "pipe", 1 ],
        [ "clay_lump", 1 ]
      ]
    ]
  },
  {
    "result": "molded_hammer",
    "type": "recipe",
    "category": "CC_OTHER",
    "subcategory": "CSC_OTHER_TOOLS",
    "skill_used": "fabrication",
    "difficulty": 4,
    "skills_required": [ [ "survival", 1 ] ],
    "time": 20000,
    "autolearn": true,
    "book_learn": [ [ "recipe_surv", 3 ] ],
    "using": [ [ "c_metal_molding_standard", 2 ] ],
    "tools": [ [ [ "primitive_hammer", -1 ], [ "makeshift_hammer", -1 ] ] ]
  },
  {
    "result": "molded_axe",
    "type": "recipe",
    "category": "CC_OTHER",
    "subcategory": "CSC_OTHER_TOOLS",
    "skill_used": "fabrication",
    "difficulty": 6,
    "skills_required": [ [ "survival", 1 ] ],
    "time": 100000,
    "autolearn": true,
    "book_learn": [ [ "recipe_surv", 5 ] ],
    "using": [ [ "c_metal_molding_standard", 10 ] ],
    "tools": [ [ [ "primitive_axe", -1 ], [ "copper_ax", -1 ] ] ]
  },
  {
    "result": "molded_knife",
    "type": "recipe",
    "category": "CC_OTHER",
    "subcategory": "CSC_OTHER_TOOLS",
    "skill_used": "fabrication",
    "difficulty": 4,
    "skills_required": [ [ "survival", 1 ] ],
    "time": 10000,
    "autolearn": true,
    "book_learn": [ [ "recipe_surv", 3 ] ],
    "using": [ [ "c_metal_molding_standard", 1 ] ],
    "tools": [ [ [ "primitive_knife", -1 ], [ "makeshift_knife", -1 ], [ "copper_knife", -1 ] ] ]
  },
  {
    "result": "molded_shovel",
    "type": "recipe",
    "category": "CC_OTHER",
    "subcategory": "CSC_OTHER_TOOLS",
    "skill_used": "fabrication",
    "difficulty": 4,
    "skills_required": [ [ "survival", 1 ] ],
    "time": 140000,
    "autolearn": true,
    "book_learn": [ [ "recipe_surv", 3 ] ],
    "using": [ [ "c_metal_molding_standard", 14 ] ],
    "tools": [ [ [ "primitive_shovel", -1 ] ] ]
  },
  {
    "result": "molded_pot",
    "type": "recipe",
    "category": "CC_OTHER",
    "subcategory": "CSC_OTHER_TOOLS",
    "skill_used": "fabrication",
    "difficulty": 2,
    "skills_required": [ [ "survival", 1 ] ],
    "time": 20000,
    "reversible": false,
    "autolearn": true,
    "book_learn": [ [ "recipe_surv", 1 ] ],
    "using": [ [ "c_metal_molding_standard", 2 ] ],
    "tools": [ [ [ "rock_pot", -1 ] ] ]
  },
  {
    "result": "charcoal",
    "type": "recipe",
    "id_suffix": "simple",
    "category": "CC_OTHER",
    "subcategory": "CSC_OTHER_MATERIALS",
    "skill_used": "survival",
    "difficulty": 2,
    "time": 20000,
    "autolearn": true,
    "book_learn": [ [ "recipe_surv", 1 ] ],
    "charges": 10,
    "tools": [ [ [ "surface_heat", 10, "LIST" ] ], [ [ "can_food_unsealed", -1 ], [ "can_drink_unsealed", -1 ] ] ],
    "components": [ [ [ "splinter", 2 ], [ "bone_human", 2 ], [ "bone_tainted", 2 ], [ "pine_bough", 10 ] ] ]
  },
  {
    "result": "wear_solar_flashlight",
    "type": "recipe",
    "category": "CC_OTHER",
    "subcategory": "CSC_OTHER_TOOLS",
    "skill_used": "fabrication",
    "difficulty": 1,
    "time": 20000,
    "reversible": true,
    "autolearn": true,
    "book_learn": [ [ "recipe_surv", 1 ] ],
    "qualities": [ { "id": "CUT", "level": 1 } ],
    "components": [
      [ [ "solar_flashlight", 1 ] ],
      [
        [ "rag", 2 ],
        [ "leather", 2 ],
        [ "string_6", 6 ],
        [ "string_36", 1 ],
        [ "duct_tape", 10 ],
        [ "medical_tape", 20 ]
      ]
    ]
  },
  {
    "result": "fishing_string",
    "type": "recipe",
    "category": "CC_OTHER",
    "subcategory": "CSC_OTHER_TOOLS",
    "skill_used": "survival",
    "difficulty": 0,
    "time": 500,
    "reversible": true,
    "autolearn": true,
    "book_learn": [ [ "recipe_surv", 0 ] ],
    "tools": [  ],
    "components": [ [ [ "string_36", 1 ] ], [ [ "fishing_hook_basic", 1 ] ] ]
  },
  {
    "result": "solar_torch",
    "type": "recipe",
    "category": "CC_WEAPON",
    "subcategory": "CSC_WEAPON_BASHING",
    "difficulty": 0,
    "time": 2000,
    "reversible": false,
    "autolearn": true,
    "book_learn": [ [ "recipe_surv", 0 ] ],
    "components": [
      [ [ "stick", 1 ], [ "2x4", 1 ], [ "splinter", 1 ], [ "pool_cue", 1 ], [ "torch_done", 1 ] ],
      [ [ "gas_slime_scrap", 1 ] ],
      [ [ "rag", 1 ] ]
    ]
  },
  {
    "result": "gas_slime_scrap",
    "type": "recipe",
    "category": "CC_CHEM",
    "subcategory": "CSC_CHEM_OTHER",
    "skill_used": "cooking",
    "difficulty": 8,
    "skills_required": [ "firstaid", 1 ],
    "time": 10000,
    "reversible": false,
    "autolearn": true,
    "book_learn": [ [ "recipe_surv", 7 ] ],
    "qualities": [ { "id": "CHEM", "level": 2 } ],
    "tools": [ [ [ "char_smoker", 3 ], [ "hotplate", 25 ], [ "toolset", 25 ], [ "fire", -1 ] ] ],
    "components": [
      [ [ "gasoline", 1 ] ],
      [ [ "slime_scrap", 1 ] ],
      [ [ "bleach", 1 ], [ "oxy_powder", 100 ], [ "ammonia", 1 ], [ "lye_powder", 100 ] ]
    ]
  },
  {
    "result": "auto_case",
    "type": "recipe",
    "category": "CC_OTHER",
    "subcategory": "CSC_OTHER_TOOLS",
    "skill_used": "mechanics",
    "difficulty": 4,
    "skills_required": [ [ "gun", 3 ], [ "fabrication", 3 ] ],
    "time": 55000,
    "reversible": false,
    "decomp_learn": 5,
    "autolearn": false,
    "book_learn": [ [ "textbook_mechanics", 4 ], [ "recipe_surv", 3 ] ],
    "qualities": [
      { "id": "CUT", "level": 1 },
      { "id": "WRENCH_FINE", "level": 1 },
      { "id": "SCREW_FINE", "level": 1 },
      { "id": "SAW_M", "level": 1 },
      { "id": "HAMMER", "level": 1 }
    ],
    "tools": [ [ [ "small_repairkit", -1 ], [ "large_repairkit", -1 ] ], [ [ "soldering_iron", 100 ], [ "toolset", 100 ] ] ],
    "components": [ [ [ "sheet_metal", 1 ] ], [ [ "scrap", 3 ], [ "steel_chunk", 1 ] ], [ [ "spring", 2 ] ], [ [ "nail", 10 ] ] ]
  },
  {
    "result": "fr_22",
    "type": "recipe",
    "category": "CC_OTHER",
    "subcategory": "CSC_OTHER_TOOLS",
    "skill_used": "mechanics",
    "difficulty": 4,
    "skills_required": [ [ "gun", 3 ], [ "fabrication", 3 ] ],
    "time": 55000,
    "reversible": false,
    "decomp_learn": 5,
    "autolearn": false,
    "book_learn": [ [ "textbook_mechanics", 4 ], [ "recipe_surv", 3 ] ],
    "qualities": [
      { "id": "CUT", "level": 1 },
      { "id": "WRENCH_FINE", "level": 1 },
      { "id": "SCREW_FINE", "level": 1 },
      { "id": "SAW_M", "level": 1 },
      { "id": "HAMMER", "level": 1 }
    ],
    "tools": [ [ [ "small_repairkit", -1 ], [ "large_repairkit", -1 ] ], [ [ "soldering_iron", 100 ], [ "toolset", 100 ] ] ],
    "components": [ [ [ "auto_case", 1 ] ], [ [ "scrap", 2 ] ], [ [ "autofire", 1 ] ], [ [ "22_casing_new", 1 ], [ "22_casing", 1 ] ] ]
  },
  {
    "result": "fr_223",
    "type": "recipe",
    "category": "CC_OTHER",
    "subcategory": "CSC_OTHER_TOOLS",
    "skill_used": "mechanics",
    "difficulty": 4,
    "skills_required": [ [ "gun", 3 ], [ "fabrication", 3 ] ],
    "time": 55000,
    "reversible": false,
    "decomp_learn": 5,
    "autolearn": false,
    "book_learn": [ [ "textbook_mechanics", 4 ], [ "recipe_surv", 3 ] ],
    "qualities": [
      { "id": "CUT", "level": 1 },
      { "id": "WRENCH_FINE", "level": 1 },
      { "id": "SCREW_FINE", "level": 1 },
      { "id": "SAW_M", "level": 1 },
      { "id": "HAMMER", "level": 1 }
    ],
    "tools": [ [ [ "small_repairkit", -1 ], [ "large_repairkit", -1 ] ], [ [ "soldering_iron", 100 ], [ "toolset", 100 ] ] ],
    "components": [ [ [ "auto_case", 1 ] ], [ [ "scrap", 2 ] ], [ [ "autofire", 1 ] ], [ [ "223_casing", 1 ] ] ]
  },
  {
    "result": "fr_308",
    "type": "recipe",
    "category": "CC_OTHER",
    "subcategory": "CSC_OTHER_TOOLS",
    "skill_used": "mechanics",
    "difficulty": 4,
    "skills_required": [ [ "gun", 3 ], [ "fabrication", 3 ] ],
    "time": 55000,
    "reversible": false,
    "decomp_learn": 5,
    "autolearn": false,
    "book_learn": [ [ "textbook_mechanics", 4 ], [ "recipe_surv", 3 ] ],
    "qualities": [
      { "id": "CUT", "level": 1 },
      { "id": "WRENCH_FINE", "level": 1 },
      { "id": "SCREW_FINE", "level": 1 },
      { "id": "SAW_M", "level": 1 },
      { "id": "HAMMER", "level": 1 }
    ],
    "tools": [ [ [ "small_repairkit", -1 ], [ "large_repairkit", -1 ] ], [ [ "soldering_iron", 100 ], [ "toolset", 100 ] ] ],
    "components": [ [ [ "auto_case", 1 ] ], [ [ "scrap", 2 ] ], [ [ "autofire", 1 ] ], [ [ "308_casing", 1 ] ] ]
  },
  {
    "result": "fr_9mm",
    "type": "recipe",
    "category": "CC_OTHER",
    "subcategory": "CSC_OTHER_TOOLS",
    "skill_used": "mechanics",
    "difficulty": 4,
    "skills_required": [ [ "gun", 3 ], [ "fabrication", 3 ] ],
    "time": 55000,
    "reversible": false,
    "decomp_learn": 5,
    "autolearn": false,
    "book_learn": [ [ "textbook_mechanics", 4 ], [ "recipe_surv", 3 ] ],
    "qualities": [
      { "id": "CUT", "level": 1 },
      { "id": "WRENCH_FINE", "level": 1 },
      { "id": "SCREW_FINE", "level": 1 },
      { "id": "SAW_M", "level": 1 },
      { "id": "HAMMER", "level": 1 }
    ],
    "tools": [ [ [ "small_repairkit", -1 ], [ "large_repairkit", -1 ] ], [ [ "soldering_iron", 100 ], [ "toolset", 100 ] ] ],
    "components": [ [ [ "auto_case", 1 ] ], [ [ "scrap", 2 ] ], [ [ "autofire", 1 ] ], [ [ "9mm_casing", 1 ] ] ]
  },
  {
    "result": "fr_45",
    "type": "recipe",
    "category": "CC_OTHER",
    "subcategory": "CSC_OTHER_TOOLS",
    "skill_used": "mechanics",
    "difficulty": 4,
    "skills_required": [ [ "gun", 3 ], [ "fabrication", 3 ] ],
    "time": 55000,
    "reversible": false,
    "decomp_learn": 5,
    "autolearn": false,
    "book_learn": [ [ "textbook_mechanics", 4 ], [ "recipe_surv", 3 ] ],
    "qualities": [
      { "id": "CUT", "level": 1 },
      { "id": "WRENCH_FINE", "level": 1 },
      { "id": "SCREW_FINE", "level": 1 },
      { "id": "SAW_M", "level": 1 },
      { "id": "HAMMER", "level": 1 }
    ],
    "tools": [ [ [ "small_repairkit", -1 ], [ "large_repairkit", -1 ] ], [ [ "soldering_iron", 100 ], [ "toolset", 100 ] ] ],
    "components": [ [ [ "auto_case", 1 ] ], [ [ "scrap", 2 ] ], [ [ "autofire", 1 ] ], [ [ "45_casing", 1 ] ] ]
  },
  {
    "result": "fr_12",
    "type": "recipe",
    "category": "CC_OTHER",
    "subcategory": "CSC_OTHER_TOOLS",
    "skill_used": "mechanics",
    "difficulty": 4,
    "skills_required": [ [ "gun", 3 ], [ "fabrication", 3 ] ],
    "time": 55000,
    "reversible": false,
    "decomp_learn": 5,
    "autolearn": false,
    "book_learn": [ [ "textbook_mechanics", 4 ], [ "recipe_surv", 3 ] ],
    "qualities": [
      { "id": "CUT", "level": 1 },
      { "id": "WRENCH_FINE", "level": 1 },
      { "id": "SCREW_FINE", "level": 1 },
      { "id": "SAW_M", "level": 1 },
      { "id": "HAMMER", "level": 1 }
    ],
    "tools": [ [ [ "small_repairkit", -1 ], [ "large_repairkit", -1 ] ], [ [ "soldering_iron", 100 ], [ "toolset", 100 ] ] ],
    "components": [ [ [ "auto_case", 1 ] ], [ [ "scrap", 2 ] ], [ [ "autofire", 1 ] ], [ [ "shot_hull", 1 ] ] ]
  },
  {
    "result": "fr_762",
    "type": "recipe",
    "category": "CC_OTHER",
    "subcategory": "CSC_OTHER_TOOLS",
    "skill_used": "mechanics",
    "difficulty": 4,
    "skills_required": [ [ "gun", 3 ], [ "fabrication", 3 ] ],
    "time": 55000,
    "reversible": false,
    "decomp_learn": 5,
    "autolearn": false,
    "book_learn": [ [ "textbook_mechanics", 4 ], [ "recipe_surv", 3 ] ],
    "qualities": [
      { "id": "CUT", "level": 1 },
      { "id": "WRENCH_FINE", "level": 1 },
      { "id": "SCREW_FINE", "level": 1 },
      { "id": "SAW_M", "level": 1 },
      { "id": "HAMMER", "level": 1 }
    ],
    "tools": [ [ [ "small_repairkit", -1 ], [ "large_repairkit", -1 ] ], [ [ "soldering_iron", 100 ], [ "toolset", 100 ] ] ],
    "components": [ [ [ "auto_case", 1 ] ], [ [ "scrap", 2 ] ], [ [ "autofire", 1 ] ], [ [ "762_casing", 1 ] ] ]
  },
  {
    "result": "survbowpack",
    "type": "recipe",
    "category": "CC_ARMOR",
    "subcategory": "CSC_ARMOR_STORAGE",
    "skill_used": "tailor",
    "difficulty": 5,
    "skills_required": [ "fabrication", 4 ],
    "time": 50000,
    "reversible": false,
    "autolearn": true,
    "book_learn": [ [ "recipe_surv", 3 ] ],
    "using": [ [ "filament", 100 ] ],
    "qualities": [ { "id": "CUT", "level": 1 }, { "id": "SEW", "level": 1 } ],
    "components": [ [ [ "survivor_pack", 1 ] ], [ [ "quiver_large", 1 ], [ "quiver", 2 ] ], [ [ "leather", 10 ], [ "tanned_hide", 2 ] ] ]
  },
  {
    "result": "surv_suit",
    "type": "recipe",
    "category": "CC_ARMOR",
    "subcategory": "CSC_ARMOR_SUIT",
    "skill_used": "tailor",
    "difficulty": 8,
    "skills_required": [ "fabrication", 7 ],
    "time": 500000,
    "reversible": false,
    "book_learn": [ [ "recipe_surv", 7 ] ],
    "using": [ [ "filament", 400 ] ],
    "qualities": [
      { "id": "CUT", "level": 1 },
      { "id": "HAMMER", "level": 2 },
      { "id": "SAW_M", "level": 1 },
      { "id": "SEW", "level": 1 }
    ],
    "tools": [ [ [ "welder", 25 ], [ "welder_crude", 50 ], [ "soldering_iron", 50 ], [ "toolset", 50 ] ] ],
    "components": [
      [ [ "leather", 50 ], [ "tanned_hide", 10 ] ],
      [ [ "fur", 15 ], [ "tanned_pelt", 3 ] ],
      [ [ "kevlar_plate", 48 ] ],
      [ [ "duct_tape", 500 ] ],
      [ [ "cable", 50 ] ],
      [ [ "wristwatch", 1 ] ]
    ]
  },
  {
    "result": "surv_armor_suit",
    "type": "recipe",
    "category": "CC_ARMOR",
    "subcategory": "CSC_ARMOR_SUIT",
    "skill_used": "tailor",
    "difficulty": 9,
    "skills_required": [ "fabrication", 8 ],
    "time": 500000,
    "reversible": false,
    "book_learn": [ [ "recipe_surv", 8 ] ],
    "using": [ [ "filament", 400 ] ],
    "qualities": [
      { "id": "CUT", "level": 1 },
      { "id": "HAMMER", "level": 2 },
      { "id": "SAW_M", "level": 1 },
      { "id": "SEW", "level": 1 }
    ],
    "tools": [ [ [ "welder", 50 ], [ "welder_crude", 100 ], [ "soldering_iron", 100 ], [ "toolset", 100 ] ] ],
    "components": [
      [ [ "fur", 15 ], [ "tanned_pelt", 3 ] ],
      [ [ "kevlar_plate", 48 ] ],
      [ [ "steel_chunk", 7 ], [ "scrap", 21 ], [ "sheet_metal", 4 ] ],
      [ [ "duct_tape", 500 ] ],
      [ [ "cable", 50 ] ],
      [ [ "wristwatch", 1 ] ]
    ]
  },
  {
    "result": "surv_223_mag",
    "type": "recipe",
    "category": "CC_AMMO",
    "subcategory": "CSC_AMMO_MAGAZINES",
    "skill_used": "fabrication",
    "difficulty": 4,
    "skills_required": [ [ "gun", 2 ] ],
    "time": 20000,
    "book_learn": [ [ "recipe_surv", 3 ] ],
    "qualities": [
      { "id": "SAW_M_FINE", "level": 1 },
      { "id": "HAMMER", "level": 1 },
      { "id": "SCREW_FINE", "level": 1 },
      { "id": "DRILL", "level": 1 }
    ],
    "tools": [
      [ [ "welder", 10 ], [ "welder_crude", 20 ], [ "soldering_iron", 20 ], [ "toolset", 20 ] ],
      [ [ "small_repairkit", 40 ], [ "large_repairkit", 40 ] ]
    ],
    "components": [ [ [ "sheet_metal_small", 1 ] ], [ [ "scrap", 2 ] ], [ [ "spring", 1 ] ] ]
  },
  {
    "result": "surv_762_mag",
    "type": "recipe",
    "category": "CC_AMMO",
    "subcategory": "CSC_AMMO_MAGAZINES",
    "skill_used": "fabrication",
    "difficulty": 4,
    "skills_required": [ [ "gun", 2 ] ],
    "time": 20000,
    "book_learn": [ [ "recipe_surv", 3 ] ],
    "qualities": [
      { "id": "SAW_M_FINE", "level": 1 },
      { "id": "HAMMER", "level": 1 },
      { "id": "SCREW_FINE", "level": 1 },
      { "id": "DRILL", "level": 1 }
    ],
    "tools": [
      [ [ "welder", 10 ], [ "welder_crude", 20 ], [ "soldering_iron", 20 ], [ "toolset", 20 ] ],
      [ [ "small_repairkit", 40 ], [ "large_repairkit", 40 ] ]
    ],
    "components": [ [ [ "sheet_metal_small", 1 ] ], [ [ "scrap", 2 ] ], [ [ "spring", 1 ] ] ]
  },
  {
    "result": "surv_308_mag",
    "type": "recipe",
    "category": "CC_AMMO",
    "subcategory": "CSC_AMMO_MAGAZINES",
    "skill_used": "fabrication",
    "difficulty": 4,
    "skills_required": [ [ "gun", 2 ] ],
    "time": 20000,
    "book_learn": [ [ "recipe_surv", 3 ] ],
    "qualities": [
      { "id": "SAW_M_FINE", "level": 1 },
      { "id": "HAMMER", "level": 1 },
      { "id": "SCREW_FINE", "level": 1 },
      { "id": "DRILL", "level": 1 }
    ],
    "tools": [
      [ [ "welder", 10 ], [ "welder_crude", 20 ], [ "soldering_iron", 20 ], [ "toolset", 20 ] ],
      [ [ "small_repairkit", 40 ], [ "large_repairkit", 40 ] ]
    ],
    "components": [ [ [ "sheet_metal_small", 1 ] ], [ [ "scrap", 2 ] ], [ [ "spring", 1 ] ] ]
  },
  {
    "result": "surv_12_mag",
    "type": "recipe",
    "category": "CC_AMMO",
    "subcategory": "CSC_AMMO_MAGAZINES",
    "skill_used": "fabrication",
    "difficulty": 4,
    "skills_required": [ [ "gun", 2 ] ],
    "time": 20000,
    "book_learn": [ [ "recipe_surv", 3 ] ],
    "qualities": [
      { "id": "SAW_M_FINE", "level": 1 },
      { "id": "HAMMER", "level": 1 },
      { "id": "SCREW_FINE", "level": 1 },
      { "id": "DRILL", "level": 1 }
    ],
    "tools": [
      [ [ "welder", 10 ], [ "welder_crude", 20 ], [ "soldering_iron", 20 ], [ "toolset", 20 ] ],
      [ [ "small_repairkit", 40 ], [ "large_repairkit", 40 ] ]
    ],
    "components": [ [ [ "sheet_metal", 1 ], [ "sheet_metal_small", 2 ] ], [ [ "scrap", 4 ] ], [ [ "spring", 1 ] ] ]
  },
  {
    "result": "surv_9mm_mag",
    "type": "recipe",
    "category": "CC_AMMO",
    "subcategory": "CSC_AMMO_MAGAZINES",
    "skill_used": "fabrication",
    "difficulty": 4,
    "skills_required": [ [ "gun", 2 ] ],
    "time": 20000,
    "book_learn": [ [ "recipe_surv", 3 ] ],
    "qualities": [
      { "id": "SAW_M_FINE", "level": 1 },
      { "id": "HAMMER", "level": 1 },
      { "id": "SCREW_FINE", "level": 1 },
      { "id": "DRILL", "level": 1 }
    ],
    "tools": [
      [ [ "welder", 10 ], [ "welder_crude", 20 ], [ "soldering_iron", 20 ], [ "toolset", 20 ] ],
      [ [ "small_repairkit", 40 ], [ "large_repairkit", 40 ] ]
    ],
    "components": [ [ [ "sheet_metal_small", 1 ] ], [ [ "scrap", 2 ] ], [ [ "spring", 1 ] ] ]
  },
  {
    "result": "surv_45_mag",
    "type": "recipe",
    "category": "CC_AMMO",
    "subcategory": "CSC_AMMO_MAGAZINES",
    "skill_used": "fabrication",
    "difficulty": 4,
    "skills_required": [ [ "gun", 2 ] ],
    "time": 20000,
    "book_learn": [ [ "recipe_surv", 3 ] ],
    "qualities": [
      { "id": "SAW_M_FINE", "level": 1 },
      { "id": "HAMMER", "level": 1 },
      { "id": "SCREW_FINE", "level": 1 },
      { "id": "DRILL", "level": 1 }
    ],
    "tools": [
      [ [ "welder", 10 ], [ "welder_crude", 20 ], [ "soldering_iron", 20 ], [ "toolset", 20 ] ],
      [ [ "small_repairkit", 40 ], [ "large_repairkit", 40 ] ]
    ],
    "components": [ [ [ "sheet_metal_small", 1 ] ], [ [ "scrap", 2 ] ], [ [ "spring", 1 ] ] ]
  },
  {
    "result": "surv_22_mag",
    "type": "recipe",
    "category": "CC_AMMO",
    "subcategory": "CSC_AMMO_MAGAZINES",
    "skill_used": "fabrication",
    "difficulty": 4,
    "skills_required": [ [ "gun", 2 ] ],
    "time": 20000,
    "book_learn": [ [ "recipe_surv", 3 ] ],
    "qualities": [
      { "id": "SAW_M_FINE", "level": 1 },
      { "id": "HAMMER", "level": 1 },
      { "id": "SCREW_FINE", "level": 1 },
      { "id": "DRILL", "level": 1 }
    ],
    "tools": [
      [ [ "welder", 10 ], [ "welder_crude", 20 ], [ "soldering_iron", 20 ], [ "toolset", 20 ] ],
      [ [ "small_repairkit", 40 ], [ "large_repairkit", 40 ] ]
    ],
    "components": [ [ [ "sheet_metal_small", 1 ] ], [ [ "scrap", 2 ] ], [ [ "spring", 1 ] ] ]
  },
  {
    "result": "surv_belt_223",
    "type": "recipe",
    "category": "CC_AMMO",
    "subcategory": "CSC_AMMO_MAGAZINES",
    "difficulty": 5,
    "skills_required": [ [ "gun", 2 ] ],
    "time": 30000,
    "book_learn": [ [ "recipe_surv", 4 ] ],
    "using": [ [ "sewing_standard", 120 ], [ "fabric_standard", 6 ] ],
    "qualities": [ { "id": "SAW_M_FINE", "level": 1 }, { "id": "HAMMER_FINE", "level": 1 } ],
    "tools": [
      [ [ "welder", 20 ], [ "welder_crude", 40 ], [ "soldering_iron", 40 ], [ "toolset", 40 ] ],
      [ [ "small_repairkit", 60 ], [ "large_repairkit", 60 ] ],
      [ [ "swage", -1 ] ],
      [ [ "223_casing", -1 ] ]
    ],
    "components": [ [ [ "wire", 2 ] ] ]
  },
  {
    "result": "surv_belt_308",
    "type": "recipe",
    "category": "CC_AMMO",
    "subcategory": "CSC_AMMO_MAGAZINES",
    "difficulty": 5,
    "skills_required": [ [ "gun", 2 ] ],
    "time": 30000,
    "book_learn": [ [ "recipe_surv", 4 ] ],
    "using": [ [ "sewing_standard", 120 ], [ "fabric_standard", 6 ] ],
    "qualities": [ { "id": "SAW_M_FINE", "level": 1 }, { "id": "HAMMER_FINE", "level": 1 } ],
    "tools": [
      [ [ "welder", 20 ], [ "welder_crude", 40 ], [ "soldering_iron", 40 ], [ "toolset", 40 ] ],
      [ [ "small_repairkit", 60 ], [ "large_repairkit", 60 ] ],
      [ [ "swage", -1 ] ],
      [ [ "308_casing", -1 ] ]
    ],
    "components": [ [ [ "wire", 2 ] ] ]
  },
  {
    "result": "surv_belt_762",
    "type": "recipe",
    "category": "CC_AMMO",
    "subcategory": "CSC_AMMO_MAGAZINES",
    "difficulty": 5,
    "skills_required": [ [ "gun", 2 ] ],
    "time": 30000,
    "book_learn": [ [ "recipe_surv", 4 ] ],
    "using": [ [ "sewing_standard", 120 ], [ "fabric_standard", 6 ] ],
    "qualities": [ { "id": "SAW_M_FINE", "level": 1 }, { "id": "HAMMER_FINE", "level": 1 } ],
    "tools": [
      [ [ "welder", 20 ], [ "welder_crude", 40 ], [ "soldering_iron", 40 ], [ "toolset", 40 ] ],
      [ [ "small_repairkit", 60 ], [ "large_repairkit", 60 ] ],
      [ [ "swage", -1 ] ],
      [ [ "762_casing", -1 ] ]
    ],
    "components": [ [ [ "wire", 2 ] ] ]
  },
  {
    "result": "bag_plastic",
    "type": "recipe",
    "id_suffix": "simple bag_plastic",
    "category": "CC_OTHER",
    "subcategory": "CSC_OTHER",
    "skill_used": "fabrication",
    "difficulty": 3,
    "time": 20000,
    "reversible": false,
    "autolearn": true,
    "book_learn": [ [ "recipe_surv", 2 ] ],
    "tools": [ [ [ "hotplate", 5 ], [ "toolset", 5 ], [ "fire", -1 ] ], [ [ "mold_plastic", -1 ] ] ],
    "components": [ [ [ "plastic_chunk", 1 ] ] ]
  },
  {
    "result": "sur_pnu_lmg",
    "type": "recipe",
    "category": "CC_WEAPON",
    "subcategory": "CSC_WEAPON_RANGED",
    "skill_used": "mechanics",
    "difficulty": 8,
    "skills_required": [ [ "gun", 3 ], [ "fabrication", 3 ] ],
    "time": 190000,
    "decomp_learn": 2,
    "autolearn": true,
    "book_learn": [ [ "recipe_surv", 6 ] ],
    "using": [ [ "welding_standard", 20 ] ],
    "qualities": [ { "id": "SAW_M_FINE", "level": 1 }, { "id": "SCREW_FINE", "level": 1 }, { "id": "WRENCH_FINE", "level": 1 } ],
    "components": [
      [ [ "pipe", 4 ] ],
      [ [ "2x4", 2 ], [ "stick", 2 ] ],
      [ [ "metal_tank", 1 ], [ "metal_tank_little", 2 ] ],
      [ [ "steel_chunk", 8 ], [ "scrap", 24 ] ],
      [ [ "foot_crank", 1 ] ]
    ]
  },
  {
    "result": "ups_rifle",
    "type": "recipe",
    "category": "CC_WEAPON",
    "subcategory": "CSC_WEAPON_RANGED",
    "skill_used": "electronics",
    "difficulty": 6,
    "skills_required": [ [ "gun", 3 ], [ "fabrication", 3 ] ],
    "time": 75000,
    "reversible": false,
    "decomp_learn": 2,
    "autolearn": false,
    "book_learn": [ [ "advanced_electronics", 6 ], [ "textbook_electronics", 6 ], [ "manual_electronics", 6 ], [ "recipe_surv", 5 ] ],
    "qualities": [ { "id": "SAW_M_FINE", "level": 1 }, { "id": "SCREW", "level": 1 }, { "id": "WRENCH_FINE", "level": 1 } ],
    "tools": [ [ [ "welder", 30 ], [ "welder_crude", 60 ], [ "soldering_iron", 60 ], [ "toolset", 60 ] ] ],
    "components": [
      [ [ "UPS_off", 1 ], [ "battery_motorbike", 1 ], [ "small_storage_battery", 1 ] ],
      [ [ "amplifier", 4 ] ],
      [ [ "power_supply", 1 ] ],
      [ [ "cable", 100 ] ],
      [ [ "pipe", 1 ] ],
      [ [ "scrap", 9 ], [ "steel_chunk", 3 ] ],
      [ [ "lens", 2 ] ],
      [ [ "2x4", 1 ], [ "stick", 1 ] ]
    ]
  },
  {
    "result": "ups_rifle_crank",
    "type": "recipe",
    "category": "CC_WEAPON",
    "subcategory": "CSC_WEAPON_RANGED",
    "skill_used": "electronics",
    "difficulty": 9,
    "skills_required": [ [ "gun", 3 ], [ "fabrication", 5 ], [ "mechanics", 4 ] ],
    "time": 55000,
    "reversible": false,
    "decomp_learn": 2,
    "autolearn": false,
    "book_learn": [ [ "advanced_electronics", 8 ], [ "textbook_electronics", 8 ], [ "manual_electronics", 8 ], [ "recipe_surv", 7 ] ],
    "qualities": [
      { "id": "SAW_M_FINE", "level": 1 },
      { "id": "SCREW", "level": 1 },
      { "id": "SCREW_FINE", "level": 1 },
      { "id": "GLARE", "level": 2 }
    ],
    "tools": [ [ [ "welder", 30 ], [ "welder_crude", 60 ], [ "soldering_iron", 60 ], [ "toolset", 60 ] ] ],
    "components": [
      [ [ "ups_rifle", 1 ] ],
      [ [ "foot_crank", 1 ] ],
      [ [ "alternator_car", 1 ] ],
      [ [ "cable", 50 ] ],
      [ [ "e_scrap", 5 ] ],
      [ [ "scrap", 3 ], [ "steel_chunk", 1 ] ]
    ]
  },
  {
    "result": "surv_battery_pistol",
    "type": "recipe",
    "category": "CC_WEAPON",
    "subcategory": "CSC_WEAPON_RANGED",
    "skill_used": "electronics",
    "difficulty": 3,
    "skills_required": [ [ "gun", 2 ], [ "fabrication", 2 ] ],
    "time": 25000,
    "reversible": false,
    "decomp_learn": 2,
    "autolearn": false,
    "book_learn": [ [ "advanced_electronics", 3 ], [ "textbook_electronics", 3 ], [ "manual_electronics", 3 ], [ "recipe_surv", 2 ] ],
    "qualities": [ { "id": "SCREW", "level": 1 }, { "id": "SCREW_FINE", "level": 1 }, { "id": "GLARE", "level": 2 } ],
    "tools": [ [ [ "soldering_iron", 30 ], [ "toolset", 5 ] ] ],
    "components": [
      [ [ "antenna", 1 ] ],
      [ [ "power_supply", 4 ] ],
      [ [ "amplifier", 4 ] ],
      [ [ "scrap", 3 ], [ "steel_chunk", 1 ] ],
      [ [ "2x4", 1 ], [ "stick", 1 ] ]
    ]
  },
  {
    "result": "surv_battery_rifle",
    "type": "recipe",
    "category": "CC_WEAPON",
    "subcategory": "CSC_WEAPON_RANGED",
    "skill_used": "electronics",
    "difficulty": 4,
    "skills_required": [ [ "gun", 3 ], [ "fabrication", 3 ] ],
    "time": 47000,
    "reversible": false,
    "decomp_learn": 2,
    "autolearn": false,
    "book_learn": [ [ "advanced_electronics", 4 ], [ "textbook_electronics", 4 ], [ "manual_electronics", 4 ], [ "recipe_surv", 3 ] ],
    "qualities": [ { "id": "SCREW", "level": 1 }, { "id": "SCREW_FINE", "level": 1 }, { "id": "GLARE", "level": 2 } ],
    "tools": [ [ [ "soldering_iron", 60 ], [ "toolset", 10 ] ] ],
    "components": [
      [ [ "antenna", 1 ] ],
      [ [ "power_supply", 6 ] ],
      [ [ "amplifier", 6 ] ],
      [ [ "scrap", 6 ], [ "steel_chunk", 2 ] ],
      [ [ "2x4", 1 ], [ "stick", 1 ] ]
    ]
  },
  {
    "result": "elc_bld",
    "type": "recipe",
    "category": "CC_WEAPON",
    "subcategory": "CSC_WEAPON_CUTTING",
    "skill_used": "fabrication",
    "difficulty": 3,
    "skills_required": [ [ "electronics", 3 ] ],
    "time": 35000,
    "reversible": true,
    "decomp_learn": 1,
    "autolearn": true,
    "book_learn": [ [ "recipe_surv", 2 ] ],
    "qualities": [ { "id": "HAMMER", "level": 1 }, { "id": "SCREW", "level": 1 } ],
    "tools": [ [ [ "soldering_iron", 10 ], [ "toolset", 10 ] ] ],
    "components": [
      [ [ "amplifier", 1 ] ],
      [ [ "power_supply", 1 ] ],
      [ [ "scrap", 2 ] ],
      [
        [ "rag", 1 ],
        [ "duct_tape", 50 ],
        [ "string_6", 2 ],
        [ "sinew", 100 ],
        [ "thread", 100 ],
        [ "plant_fibre", 100 ]
      ],
      [ [ "spike", 1 ] ]
    ]
  },
  {
    "result": "elc_blds",
    "type": "recipe",
    "category": "CC_WEAPON",
    "subcategory": "CSC_WEAPON_CUTTING",
    "skill_used": "fabrication",
    "difficulty": 0,
    "time": 0,
    "reversible": true,
    "decomp_learn": 1,
    "autolearn": true,
    "book_learn": [ [ "recipe_surv", 0 ] ],
    "components": [ [ [ "elc_bld", 2 ] ] ]
  },
  {
    "result": "surv_full_223",
    "type": "recipe",
    "category": "CC_WEAPON",
    "subcategory": "CSC_WEAPON_RANGED",
    "skill_used": "fabrication",
    "difficulty": 7,
    "skills_required": [ [ "gun", 4 ] ],
    "time": 40000,
    "book_learn": [ [ "recipe_surv", 6 ] ],
    "using": [ [ "steel_tiny", 4 ], [ "welding_standard", 20 ] ],
    "qualities": [
      { "id": "SAW_M_FINE", "level": 1 },
      { "id": "SCREW_FINE", "level": 1 },
      { "id": "WRENCH_FINE", "level": 1 },
      { "id": "HAMMER", "level": 3 },
      { "id": "DRILL", "level": 1 }
    ],
    "tools": [ [ [ "anvil", -1 ] ], [ [ "swage", -1 ] ], [ [ "small_repairkit", 100 ], [ "large_repairkit", 100 ] ] ],
    "components": [ [ [ "pipe", 2 ] ], [ [ "fr_308", 1 ] ], [ [ "spring", 1 ] ], [ [ "2x4", 1 ] ] ]
  },
  {
    "result": "surv_full_22",
    "type": "recipe",
    "category": "CC_WEAPON",
    "subcategory": "CSC_WEAPON_RANGED",
    "skill_used": "fabrication",
    "difficulty": 6,
    "skills_required": [ [ "gun", 3 ] ],
    "time": 40000,
    "book_learn": [ [ "recipe_surv", 5 ] ],
    "using": [ [ "steel_tiny", 3 ], [ "welding_standard", 15 ] ],
    "qualities": [
      { "id": "SAW_M_FINE", "level": 1 },
      { "id": "SCREW_FINE", "level": 1 },
      { "id": "WRENCH_FINE", "level": 1 },
      { "id": "HAMMER", "level": 3 },
      { "id": "DRILL", "level": 1 }
    ],
    "tools": [ [ [ "anvil", -1 ] ], [ [ "swage", -1 ] ], [ [ "small_repairkit", 100 ], [ "large_repairkit", 100 ] ] ],
    "components": [ [ [ "pipe", 2 ] ], [ [ "fr_308", 1 ] ], [ [ "spring", 1 ] ], [ [ "2x4", 1 ] ] ]
  },
  {
    "result": "surv_full_9mm",
    "type": "recipe",
    "category": "CC_WEAPON",
    "subcategory": "CSC_WEAPON_RANGED",
    "skill_used": "fabrication",
    "difficulty": 6,
    "skills_required": [ [ "gun", 3 ] ],
    "time": 40000,
    "book_learn": [ [ "recipe_surv", 5 ] ],
    "using": [ [ "steel_tiny", 3 ], [ "welding_standard", 15 ] ],
    "qualities": [
      { "id": "SAW_M_FINE", "level": 1 },
      { "id": "SCREW_FINE", "level": 1 },
      { "id": "WRENCH_FINE", "level": 1 },
      { "id": "HAMMER", "level": 3 },
      { "id": "DRILL", "level": 1 }
    ],
    "tools": [ [ [ "anvil", -1 ] ], [ [ "swage", -1 ] ], [ [ "small_repairkit", 100 ], [ "large_repairkit", 100 ] ] ],
    "components": [ [ [ "pipe", 2 ] ], [ [ "fr_308", 1 ] ], [ [ "spring", 1 ] ], [ [ "2x4", 1 ] ] ]
  },
  {
    "result": "surv_full_45",
    "type": "recipe",
    "category": "CC_WEAPON",
    "subcategory": "CSC_WEAPON_RANGED",
    "skill_used": "fabrication",
    "difficulty": 6,
    "skills_required": [ [ "gun", 3 ] ],
    "time": 40000,
    "book_learn": [ [ "recipe_surv", 5 ] ],
    "using": [ [ "steel_tiny", 3 ], [ "welding_standard", 15 ] ],
    "qualities": [
      { "id": "SAW_M_FINE", "level": 1 },
      { "id": "SCREW_FINE", "level": 1 },
      { "id": "WRENCH_FINE", "level": 1 },
      { "id": "HAMMER", "level": 3 },
      { "id": "DRILL", "level": 1 }
    ],
    "tools": [ [ [ "anvil", -1 ] ], [ [ "swage", -1 ] ], [ [ "small_repairkit", 100 ], [ "large_repairkit", 100 ] ] ],
    "components": [ [ [ "pipe", 2 ] ], [ [ "fr_308", 1 ] ], [ [ "spring", 1 ] ], [ [ "2x4", 1 ] ] ]
  },
  {
    "result": "surv_full_308",
    "type": "recipe",
    "category": "CC_WEAPON",
    "subcategory": "CSC_WEAPON_RANGED",
    "skill_used": "fabrication",
    "difficulty": 7,
    "skills_required": [ [ "gun", 4 ] ],
    "time": 40000,
    "book_learn": [ [ "recipe_surv", 6 ] ],
    "using": [ [ "steel_tiny", 4 ], [ "welding_standard", 20 ] ],
    "qualities": [
      { "id": "SAW_M_FINE", "level": 1 },
      { "id": "SCREW_FINE", "level": 1 },
      { "id": "WRENCH_FINE", "level": 1 },
      { "id": "HAMMER", "level": 3 },
      { "id": "DRILL", "level": 1 }
    ],
    "tools": [ [ [ "anvil", -1 ] ], [ [ "swage", -1 ] ], [ [ "small_repairkit", 100 ], [ "large_repairkit", 100 ] ] ],
    "components": [ [ [ "pipe", 2 ] ], [ [ "fr_308", 1 ] ], [ [ "spring", 1 ] ], [ [ "2x4", 1 ] ] ]
  },
  {
    "result": "surv_full_762",
    "type": "recipe",
    "category": "CC_WEAPON",
    "subcategory": "CSC_WEAPON_RANGED",
    "skill_used": "fabrication",
    "difficulty": 7,
    "skills_required": [ [ "gun", 4 ] ],
    "time": 40000,
    "book_learn": [ [ "recipe_surv", 6 ] ],
    "using": [ [ "steel_tiny", 4 ], [ "welding_standard", 20 ] ],
    "qualities": [
      { "id": "SAW_M_FINE", "level": 1 },
      { "id": "SCREW_FINE", "level": 1 },
      { "id": "WRENCH_FINE", "level": 1 },
      { "id": "HAMMER", "level": 3 },
      { "id": "DRILL", "level": 1 }
    ],
    "tools": [ [ [ "anvil", -1 ] ], [ [ "swage", -1 ] ], [ [ "small_repairkit", 100 ], [ "large_repairkit", 100 ] ] ],
    "components": [ [ [ "pipe", 2 ] ], [ [ "fr_308", 1 ] ], [ [ "spring", 1 ] ], [ [ "2x4", 1 ] ] ]
  },
  {
    "result": "surv_full_12",
    "type": "recipe",
    "category": "CC_WEAPON",
    "subcategory": "CSC_WEAPON_RANGED",
    "skill_used": "fabrication",
    "difficulty": 7,
    "skills_required": [ [ "gun", 4 ] ],
    "time": 40000,
    "book_learn": [ [ "recipe_surv", 6 ] ],
    "using": [ [ "steel_tiny", 5 ], [ "welding_standard", 25 ] ],
    "qualities": [
      { "id": "SAW_M_FINE", "level": 1 },
      { "id": "SCREW_FINE", "level": 1 },
      { "id": "WRENCH_FINE", "level": 1 },
      { "id": "HAMMER", "level": 3 },
      { "id": "DRILL", "level": 1 }
    ],
    "tools": [ [ [ "anvil", -1 ] ], [ [ "swage", -1 ] ], [ [ "small_repairkit", 100 ], [ "large_repairkit", 100 ] ] ],
    "components": [ [ [ "pipe", 2 ] ], [ [ "fr_308", 1 ] ], [ [ "spring", 1 ] ], [ [ "2x4", 1 ] ] ]
  },
  {
    "result": "surv_lmg_308",
    "type": "recipe",
    "category": "CC_WEAPON",
    "subcategory": "CSC_WEAPON_RANGED",
    "skill_used": "fabrication",
    "difficulty": 8,
    "skills_required": [ [ "gun", 5 ] ],
    "time": 55000,
    "book_learn": [ [ "recipe_surv", 7 ] ],
    "using": [ [ "steel_tiny", 6 ], [ "welding_standard", 30 ] ],
    "qualities": [
      { "id": "SAW_M_FINE", "level": 1 },
      { "id": "SCREW_FINE", "level": 1 },
      { "id": "WRENCH_FINE", "level": 1 },
      { "id": "HAMMER", "level": 3 },
      { "id": "DRILL", "level": 1 }
    ],
    "tools": [ [ [ "anvil", -1 ] ], [ [ "swage", -1 ] ], [ [ "small_repairkit", 100 ], [ "large_repairkit", 100 ] ] ],
    "components": [ [ [ "pipe", 2 ] ], [ [ "fr_308", 1 ] ], [ [ "spring", 2 ] ], [ [ "2x4", 1 ] ] ]
  },
  {
    "result": "surv_lmg_762",
    "type": "recipe",
    "category": "CC_WEAPON",
    "subcategory": "CSC_WEAPON_RANGED",
    "skill_used": "fabrication",
    "difficulty": 8,
    "skills_required": [ [ "gun", 5 ] ],
    "time": 55000,
    "book_learn": [ [ "recipe_surv", 7 ] ],
    "using": [ [ "steel_tiny", 6 ], [ "welding_standard", 30 ] ],
    "qualities": [
      { "id": "SAW_M_FINE", "level": 1 },
      { "id": "SCREW_FINE", "level": 1 },
      { "id": "WRENCH_FINE", "level": 1 },
      { "id": "HAMMER", "level": 3 },
      { "id": "DRILL", "level": 1 }
    ],
    "tools": [ [ [ "anvil", -1 ] ], [ [ "swage", -1 ] ], [ [ "small_repairkit", 100 ], [ "large_repairkit", 100 ] ] ],
    "components": [ [ [ "pipe", 2 ] ], [ [ "fr_308", 1 ] ], [ [ "spring", 2 ] ], [ [ "2x4", 1 ] ] ]
  },
  {
    "result": "surv_lmg_223",
    "type": "recipe",
    "category": "CC_WEAPON",
    "subcategory": "CSC_WEAPON_RANGED",
    "skill_used": "fabrication",
    "difficulty": 8,
    "skills_required": [ [ "gun", 5 ] ],
    "time": 55000,
    "book_learn": [ [ "recipe_surv", 7 ] ],
    "using": [ [ "steel_tiny", 6 ], [ "welding_standard", 30 ] ],
    "qualities": [
      { "id": "SAW_M_FINE", "level": 1 },
      { "id": "SCREW_FINE", "level": 1 },
      { "id": "WRENCH_FINE", "level": 1 },
      { "id": "HAMMER", "level": 3 },
      { "id": "DRILL", "level": 1 }
    ],
    "tools": [ [ [ "anvil", -1 ] ], [ [ "swage", -1 ] ], [ [ "small_repairkit", 100 ], [ "large_repairkit", 100 ] ] ],
    "components": [ [ [ "pipe", 2 ] ], [ [ "fr_308", 1 ] ], [ [ "spring", 2 ] ], [ [ "2x4", 1 ] ] ]
  },
  {
    "result": "aux_flamer_diesel",
    "type": "recipe",
    "category": "CC_WEAPON",
    "subcategory": "CSC_WEAPON_MODS",
    "skill_used": "mechanics",
    "difficulty": 6,
    "skills_required": [ "fabrication", 3 ],
    "time": 18000,
    "reversible": true,
    "decomp_learn": 5,
    "autolearn": true,
    "book_learn": [ [ "book_icef", 4 ], [ "recipe_surv", 4 ] ],
    "qualities": [ { "id": "SAW_M", "level": 1 }, { "id": "SCREW", "level": 1 } ],
    "components": [
      [ [ "duct_tape", 50 ] ],
      [ [ "pilot_light", 1 ] ],
      [ [ "pipe", 1 ] ],
      [ [ "hose", 2 ] ],
      [ [ "metal_tank_little", 1 ] ]
    ]
  },
  {
    "result": "survbow",
    "type": "recipe",
    "category": "CC_WEAPON",
    "subcategory": "CSC_WEAPON_RANGED",
    "skill_used": "fabrication",
    "difficulty": 6,
    "skills_required": [ [ "mechanics", 4 ], [ "archery", 2 ] ],
    "time": 58000,
    "book_learn": [ [ "recipe_surv", 5 ], [ "recipe_bows", 6 ], [ "manual_archery", 7 ] ],
    "qualities": [
      { "id": "CUT", "level": 1 },
      { "id": "HAMMER", "level": 2 },
      { "id": "SAW_M_FINE", "level": 1 },
      { "id": "SAW_W", "level": 1 }
    ],
    "components": [
      [ [ "stick", 4 ], [ "2x4", 3 ] ],
      [ [ "blade", 2 ], [ "spike", 2 ] ],
      [ [ "steel_tiny", 1, "LIST" ] ],
      [ [ "bone", 3 ], [ "bone_human", 3 ] ],
      [ [ "cordage", 2, "LIST" ], [ "filament", 200, "LIST" ] ]
    ]
  },
  {
    "type": "recipe",
    "result": "surv_sniper",
    "category": "CC_WEAPON",
    "subcategory": "CSC_WEAPON_RANGED",
    "skill_used": "fabrication",
    "skills_required": [ "rifle", 5 ],
    "difficulty": 9,
    "time": 240000,
    "book_learn": [ [ "recipe_surv", 6 ], [ "manual_rifle", 6 ], [ "mag_rifle", 7 ] ],
    "qualities": [
      { "id": "ANVIL", "level": 3 },
      { "id": "CUT", "level": 1 },
      { "id": "HAMMER_FINE", "level": 1 },
      { "id": "SAW_M_FINE", "level": 1 },
      { "id": "SCREW_FINE", "level": 1 },
      { "id": "CHISEL", "level": 3 }
    ],
    "using": [ [ "forging_standard", 4 ], [ "steel_standard", 3 ] ],
    "tools": [ [ [ "tongs", -1 ] ], [ [ "swage", -1 ] ], [ [ "small_repairkit", 120 ], [ "large_repairkit", 120 ] ] ],
    "components": [ [ [ "2x4", 2 ] ], [ [ "pipe", 2 ] ], [ [ "spring", 2 ] ], [ [ "pilot_light", 1 ] ] ]
  },
  {
    "result": "surv_laser_sight",
    "type": "recipe",
    "category": "CC_WEAPON",
    "subcategory": "CSC_WEAPON_MODS",
    "skill_used": "electronics",
    "difficulty": 4,
    "time": 15000,
    "reversible": false,
    "autolearn": true,
    "book_learn": [ [ "recipe_surv", 3 ] ],
    "qualities": [ { "id": "SCREW_FINE", "level": 1 } ],
    "tools": [ [ [ "soldering_iron", 30 ], [ "toolset", 30 ] ] ],
    "components": [
      [ [ "amplifier", 2 ] ],
      [ [ "power_supply", 2 ] ],
      [ [ "lens", 4 ] ],
      [ [ "battery", 100 ], [ "plut_cell", 1 ] ],
      [ [ "scrap", 2 ], [ "plastic_chunk", 2 ] ],
      [ [ "cable", 10 ] ]
    ]
  },
  {
    "result": "flintlock_ammo_mine",
    "type": "recipe",
    "category": "CC_AMMO",
    "subcategory": "CSC_AMMO_RIFLE",
    "skill_used": "fabrication",
    "difficulty": 3,
    "skills_required": [ "gun", 1 ],
    "time": 800,
    "batch_time_factors": [ 50, 10 ],
    "book_learn": [ [ "manual_rifle", 2 ], [ "manual_pistol", 2 ], [ "recipe_bullets", 2 ], [ "recipe_surv", 2 ] ],
    "charges": 1,
    "using": [ [ "ammo_bullet", 15 ] ],
    "qualities": [ { "id": "CUT", "level": 1 } ],
    "components": [ [ [ "chem_black_powder", 5 ], [ "gunpowder", 5 ] ], [ [ "paper", 1 ] ] ]
  },
  {
    "result": "unbio_bladed_weapon",
    "type": "recipe",
    "category": "CC_WEAPON",
    "subcategory": "CSC_WEAPON_RANGED",
    "skill_used": "electronics",
    "difficulty": 6,
    "skills_required": [ "fabrication", 4, "melee", 2 ],
    "time": 30000,
    "reversible": false,
    "autolearn": false,
    "book_learn": [ [ "recipe_lab_elec", 5 ] ],
    "qualities": [ { "id": "SCREW_FINE", "level": 1 } ],
    "tools": [
      [ [ "soldering_iron", 20 ], [ "toolset", 20 ], [ "small_repairkit", 20 ], [ "large_repairkit", 10 ] ],
      [ [ "oxy_torch", 25 ], [ "welder", 85 ], [ "welder_crude", 180 ], [ "toolset", 180 ] ]
    ],
    "components": [ [ [ "bio_blade", 1 ] ], [ [ "steel_chunk", 3 ], [ "scrap", 9 ] ], [ [ "plastic_chunk", 3 ] ] ]
  },
  {
    "result": "unbio_claws_weapon",
    "type": "recipe",
    "category": "CC_WEAPON",
    "subcategory": "CSC_WEAPON_RANGED",
    "skill_used": "electronics",
    "difficulty": 6,
    "skills_required": [ "fabrication", 4, "melee", 2 ],
    "time": 30000,
    "reversible": false,
    "autolearn": false,
    "book_learn": [ [ "recipe_lab_elec", 5 ] ],
    "qualities": [ { "id": "SCREW_FINE", "level": 1 } ],
    "tools": [
      [ [ "soldering_iron", 20 ], [ "toolset", 20 ], [ "small_repairkit", 20 ], [ "large_repairkit", 10 ] ],
      [ [ "oxy_torch", 25 ], [ "welder", 85 ], [ "welder_crude", 180 ], [ "toolset", 180 ] ]
    ],
    "components": [ [ [ "bio_claws", 1 ] ], [ [ "steel_chunk", 3 ], [ "scrap", 9 ] ], [ [ "plastic_chunk", 3 ] ] ]
  },
  {
    "result": "unbio_laser_gun",
    "type": "recipe",
    "category": "CC_WEAPON",
    "subcategory": "CSC_WEAPON_RANGED",
    "skill_used": "electronics",
    "difficulty": 6,
    "skills_required": [ "fabrication", 4, "gun", 2 ],
    "time": 30000,
    "reversible": false,
    "autolearn": false,
    "book_learn": [ [ "recipe_lab_elec", 5 ] ],
    "qualities": [ { "id": "SCREW_FINE", "level": 1 } ],
    "tools": [ [ [ "soldering_iron", 20 ], [ "toolset", 20 ], [ "small_repairkit", 20 ], [ "large_repairkit", 10 ] ] ],
    "components": [
      [ [ "bio_laser", 1 ] ],
      [ [ "power_supply", 1 ] ],
      [ [ "2x4", 1 ], [ "stick", 1 ] ],
      [ [ "cable", 3 ] ],
      [ [ "plastic_chunk", 3 ] ]
    ]
  },
  {
    "result": "unbio_chain_lightning",
    "type": "recipe",
    "category": "CC_WEAPON",
    "subcategory": "CSC_WEAPON_RANGED",
    "skill_used": "electronics",
    "difficulty": 6,
    "skills_required": [ "fabrication", 4, "gun", 2 ],
    "time": 30000,
    "reversible": false,
    "autolearn": false,
    "book_learn": [ [ "recipe_lab_elec", 5 ] ],
    "qualities": [ { "id": "SCREW_FINE", "level": 1 } ],
    "tools": [ [ [ "soldering_iron", 20 ], [ "toolset", 20 ], [ "small_repairkit", 20 ], [ "large_repairkit", 10 ] ] ],
    "components": [
      [ [ "bio_chain_lightning", 1 ] ],
      [ [ "power_supply", 1 ] ],
      [ [ "2x4", 1 ], [ "stick", 1 ] ],
      [ [ "cable", 3 ] ],
      [ [ "plastic_chunk", 3 ] ]
    ]
  },
  {
    "result": "solar_flashlight",
    "type": "recipe",
    "category": "CC_ELECTRONIC",
    "skill_used": "electronics",
    "difficulty": 2,
    "time": 30000,
    "reversible": false,
    "autolearn": false,
    "book_learn": [ [ "manual_electronics", 2 ], [ "mag_electronics", 2 ], [ "manual_electronics", 2 ], [ "recipe_surv", 1 ] ],
    "tools": [ [ [ "soldering_iron", 25 ], [ "toolset", 25 ] ] ],
    "components": [ [ [ "flashlight", 1 ] ], [ [ "solar_cell", 2 ] ], [ [ "solder_wire", 1 ] ] ]
  },
  {
    "result": "solar_crude_firestarter",
    "type": "recipe",
    "category": "CC_ELECTRONIC",
    "skill_used": "electronics",
    "difficulty": 2,
    "time": 15000,
    "reversible": false,
    "autolearn": false,
    "book_learn": [ [ "manual_electronics", 2 ], [ "mag_electronics", 2 ], [ "manual_electronics", 2 ], [ "recipe_surv", 1 ] ],
    "tools": [ [ [ "soldering_iron", 25 ], [ "toolset", 25 ] ] ],
    "components": [ [ [ "crude_firestarter", 1 ] ], [ [ "solar_cell", 2 ] ], [ [ "solder_wire", 1 ] ] ]
  },
  {
    "result": "surv_station",
    "type": "recipe",
    "category": "CC_OTHER",
    "subcategory": "CSC_OTHER_PARTS",
    "skill_used": "electronics",
    "difficulty": 6,
    "skills_required": [ [ "mechanics", 4 ], [ "fabrication", 5 ] ],
    "time": 60000,
    "reversible": false,
    "decomp_learn": 3,
    "book_learn": [ [ "recipe_surv", 5 ] ],
    "using": [ [ "welding_standard", 10 ] ],
    "qualities": [ { "id": "HAMMER", "level": 2 }, { "id": "SAW_M", "level": 1 }, { "id": "WRENCH", "level": 1 } ],
    "components": [ [ [ "kitchen_unit", 1 ] ], [ [ "forgerig", 1 ] ], [ [ "weldrig", 1 ] ], [ [ "craftrig", 1 ] ], [ [ "chemlab", 1 ] ] ]
  },
  {
    "result": "mil_surp_pack_1",
    "type": "recipe",
    "id_suffix": "uncraft",
    "category": "CC_NONCRAFT",
    "subcategory": "CSC_NONCRAFT",
    "difficulty": 0,
    "time": 500,
    "reversible": true,
    "autolearn": false,
    "components": [
      [ [ "mosin91_30", 1 ] ],
      [ [ "762_54R", 20 ] ],
      [ [ "small_repairkit", 1 ] ],
      [ [ "battery", 300 ] ],
      [ [ "pocket_firearms", 1 ] ],
      [ [ "shoulder_strap", 1 ] ]
    ],
    "flags": [ "BLIND_EASY" ]
  },
  {
    "result": "mil_surp_pack_2",
    "type": "recipe",
    "id_suffix": "uncraft",
    "category": "CC_NONCRAFT",
    "subcategory": "CSC_NONCRAFT",
    "difficulty": 0,
    "time": 500,
    "reversible": true,
    "autolearn": false,
    "components": [
      [ [ "sks", 1 ] ],
      [ [ "762_m43", 20 ] ],
      [ [ "small_repairkit", 1 ] ],
      [ [ "battery", 300 ] ],
      [ [ "pocket_firearms", 1 ] ],
      [ [ "shoulder_strap", 1 ] ]
    ],
    "flags": [ "BLIND_EASY" ]
  },
  {
    "result": "mil_surp_pack_3",
    "type": "recipe",
    "id_suffix": "uncraft",
    "category": "CC_NONCRAFT",
    "subcategory": "CSC_NONCRAFT",
    "difficulty": 0,
    "time": 500,
    "reversible": true,
    "autolearn": false,
    "components": [
      [ [ "m1903", 1 ] ],
      [ [ "3006", 20 ] ],
      [ [ "small_repairkit", 1 ] ],
      [ [ "battery", 300 ] ],
      [ [ "pocket_firearms", 1 ] ],
      [ [ "shoulder_strap", 1 ] ]
    ],
    "flags": [ "BLIND_EASY" ]
  },
  {
    "result": "parawatch",
    "type": "recipe",
    "category": "CC_ARMOR",
    "subcategory": "CSC_ARMOR_OTHER",
    "skill_used": "fabrication",
    "difficulty": 0,
    "time": 500,
    "autolearn": true,
    "reversible": true,
    "components": [ [ [ "parabracelets", 1 ] ], [ [ "wristwatch", 1 ] ], [ [ "thermometer", 1 ] ] ],
    "flags": [ "BLIND_EASY" ]
  },
  {
    "result": "parabracelets",
    "type": "uncraft",
    "skill_used": "fabrication",
    "difficulty": 0,
    "time": 500,
    "components": [ [ [ "string_36", 2 ] ] ],
    "flags": [ "BLIND_EASY" ]
  },
  {
    "result": "goggles_welding",
    "type": "recipe",
    "category": "CC_ARMOR",
    "subcategory": "CSC_ARMOR_HEAD",
    "skill_used": "mechanics",
    "difficulty": 2,
    "skills_required": [ "fabrication", 1 ],
    "time": 30000,
    "autolearn": true,
    "book_learn": [ [ "textbook_fabrication", 3 ], [ "welding_book", 3 ] ],
    "tools": [ [ [ "spray_can", 1 ], [ "char_smoker", 25 ] ] ],
    "components": [
      [ [ "goggles_ski", 1 ], [ "goggles_swim", 1 ], [ "glasses_safety", 1 ], [ "sunglasses", 1 ] ],
      [ [ "duct_tape", 20 ], [ "medical_tape", 20 ] ]
    ]
  },
  {
    "result": "unbio_sword_weapon",
    "type": "recipe",
    "category": "CC_WEAPON",
    "subcategory": "CSC_WEAPON_RANGED",
    "skill_used": "electronics",
    "difficulty": 6,
    "skills_required": [ "fabrication", 4, "melee", 2 ],
    "time": 30000,
    "reversible": false,
    "autolearn": false,
    "book_learn": [ [ "recipe_lab_elec", 5 ] ],
    "qualities": [ { "id": "SCREW_FINE", "level": 1 } ],
    "tools": [
      [ [ "soldering_iron", 20 ], [ "toolset", 20 ], [ "small_repairkit", 20 ], [ "large_repairkit", 10 ] ],
      [ [ "oxy_torch", 25 ], [ "welder", 85 ], [ "welder_crude", 180 ], [ "toolset", 180 ] ]
    ],
    "components": [ [ [ "bio_sword", 1 ] ], [ [ "steel_chunk", 3 ], [ "scrap", 9 ] ], [ [ "plastic_chunk", 3 ] ] ]
  },
  {
    "result": "mutagen_alpha",
    "type": "recipe",
    "category": "CC_CHEM",
    "subcategory": "CSC_CHEM_MUTAGEN",
    "skill_used": "cooking",
    "difficulty": 10,
    "skills_required": [ "firstaid", 1 ],
    "time": 20000,
    "book_learn": [ [ "recipe_alpha", 9 ] ],
    "qualities": [ { "id": "CHEM", "level": 2 } ],
    "tools": [ [ [ "surface_heat", 50, "LIST" ] ] ],
    "components": [
      [ [ "mutagen", 1 ] ],
      [ [ "purifier", 1 ] ],
      [ [ "human_flesh", 3 ], [ "dry_hflesh", 3 ], [ "fetus", 1 ], [ "arm", 1 ], [ "leg", 1 ] ],
      [ [ "bone_human", 1 ], [ "blood", 1 ] ],
      [ [ "ammonia", 1 ], [ "lye_powder", 100 ] ]
    ]
  },
  {
    "result": "mutagen_elfa",
    "type": "recipe",
    "category": "CC_CHEM",
    "subcategory": "CSC_CHEM_MUTAGEN",
    "skill_used": "cooking",
    "difficulty": 10,
    "skills_required": [ "firstaid", 1 ],
    "time": 12500,
    "book_learn": [ [ "recipe_elfa", 10 ] ],
    "qualities": [ { "id": "CHEM", "level": 2 } ],
    "tools": [ [ [ "surface_heat", 31, "LIST" ] ] ],
    "components": [
      [ [ "mutagen", 1 ] ],
      [ [ "veggy", 3 ], [ "biollante_bud", 1 ], [ "datura_seed", 16 ] ],
      [ [ "meat", 3 ] ],
      [ [ "ammonia", 1 ], [ "lye_powder", 100 ] ]
    ]
  },
  {
    "result": "mutagen_chimera",
    "type": "recipe",
    "category": "CC_CHEM",
    "subcategory": "CSC_CHEM_MUTAGEN",
    "skill_used": "cooking",
    "difficulty": 10,
    "skills_required": [ "firstaid", 1 ],
    "time": 15000,
    "book_learn": [ [ "recipe_chimera", 9 ] ],
    "qualities": [ { "id": "CHEM", "level": 2 } ],
    "tools": [ [ [ "surface_heat", 37, "LIST" ] ] ],
    "components": [
      [ [ "mutagen", 1 ] ],
      [ [ "egg_reptile", 1 ] ],
      [ [ "egg_bird", 1 ] ],
      [ [ "meat", 6 ] ],
      [ [ "ammonia", 1 ], [ "lye_powder", 100 ] ]
    ]
  },
  {
    "result": "mutagen_raptor",
    "type": "recipe",
    "category": "CC_CHEM",
    "subcategory": "CSC_CHEM_MUTAGEN",
    "skill_used": "cooking",
    "difficulty": 10,
    "skills_required": [ "firstaid", 1 ],
    "time": 12500,
    "book_learn": [ [ "recipe_raptor", 9 ] ],
    "qualities": [ { "id": "CHEM", "level": 2 } ],
    "tools": [ [ [ "surface_heat", 31, "LIST" ] ] ],
    "components": [ [ [ "mutagen", 1 ] ], [ [ "egg_reptile", 1 ] ], [ [ "egg_bird", 1 ] ], [ [ "ammonia", 1 ], [ "lye_powder", 100 ] ] ]
  },
  {
    "result": "badge_bio_weapon",
    "type": "uncraft",
    "time": 500,
    "qualities": [ { "id": "HAMMER", "level": 1 } ],
    "components": [ [ [ "silver_small", 20 ] ] ]
  },
  {
    "result": "flesh_smg",
    "type": "recipe",
    "category": "CC_WEAPON",
    "subcategory": "CSC_WEAPON_RANGED",
    "skill_used": "fabrication",
    "difficulty": 8,
    "skills_required": [ [ "firstaid", 4 ], [ "electronics", 4 ], [ "mechanics", 4 ], [ "cooking", 4 ] ],
    "time": 12500,
    "book_learn": [ [ "evil_invitation", 8 ] ],
    "qualities": [ { "id": "CHEM", "level": 2 } ],
    "tools": [
      [ [ "soldering_iron", 50 ], [ "toolset", 50 ], [ "small_repairkit", 50 ], [ "large_repairkit", 50 ] ],
      [ [ "surface_heat", 50, "LIST" ] ]
    ],
    "components": [
      [ [ "mutagen", 1 ] ],
      [ [ "ammonia", 1 ], [ "lye_powder", 100 ] ],
      [ [ "bleach", 1 ], [ "oxy_powder", 100 ] ],
      [ [ "meat_tainted", 25 ], [ "slime_scrap", 5 ] ],
      [ [ "power_supply", 2 ] ],
      [ [ "battery_ups", 1 ] ],
      [ [ "e_scrap", 5 ] ],
      [ [ "flesh_weapon_kit", 1 ] ],
      [ [ "flesh_pistol", 1 ] ]
    ]
  },
  {
    "result": "flesh_rifle",
    "type": "recipe",
    "category": "CC_WEAPON",
    "subcategory": "CSC_WEAPON_RANGED",
    "skill_used": "fabrication",
    "difficulty": 8,
    "skills_required": [ [ "firstaid", 4 ], [ "electronics", 4 ], [ "mechanics", 4 ], [ "cooking", 4 ] ],
    "time": 12500,
    "book_learn": [ [ "evil_invitation", 8 ] ],
    "qualities": [ { "id": "CHEM", "level": 2 } ],
    "tools": [
      [ [ "soldering_iron", 50 ], [ "toolset", 50 ], [ "small_repairkit", 50 ], [ "large_repairkit", 50 ] ],
      [ [ "surface_heat", 50, "LIST" ] ]
    ],
    "components": [
      [ [ "mutagen", 1 ] ],
      [ [ "ammonia", 1 ], [ "lye_powder", 100 ] ],
      [ [ "bleach", 1 ], [ "oxy_powder", 100 ] ],
      [ [ "meat_tainted", 25 ], [ "slime_scrap", 5 ] ],
      [ [ "power_supply", 2 ] ],
      [ [ "battery_ups", 1 ] ],
      [ [ "e_scrap", 5 ] ],
      [ [ "flesh_weapon_kit", 1 ] ],
      [ [ "flesh_pistol", 1 ] ]
    ]
  },
  {
    "result": "flesh_lmg",
    "type": "recipe",
    "category": "CC_WEAPON",
    "subcategory": "CSC_WEAPON_RANGED",
    "skill_used": "fabrication",
    "difficulty": 8,
    "skills_required": [ [ "firstaid", 4 ], [ "electronics", 4 ], [ "mechanics", 4 ], [ "cooking", 4 ] ],
    "time": 12500,
    "book_learn": [ [ "evil_invitation", 8 ] ],
    "qualities": [ { "id": "CHEM", "level": 2 } ],
    "tools": [
      [ [ "soldering_iron", 50 ], [ "toolset", 50 ], [ "small_repairkit", 50 ], [ "large_repairkit", 50 ] ],
      [ [ "surface_heat", 50, "LIST" ] ]
    ],
    "components": [
      [ [ "mutagen", 1 ] ],
      [ [ "ammonia", 1 ], [ "lye_powder", 100 ] ],
      [ [ "bleach", 1 ], [ "oxy_powder", 100 ] ],
      [ [ "meat_tainted", 25 ], [ "slime_scrap", 5 ] ],
      [ [ "power_supply", 2 ] ],
      [ [ "battery_ups", 1 ] ],
      [ [ "e_scrap", 5 ] ],
      [ [ "flesh_weapon_kit", 1 ] ],
      [ [ "flesh_pistol", 1 ] ]
    ]
  },
  {
    "result": "flesh_shotgun",
    "type": "recipe",
    "category": "CC_WEAPON",
    "subcategory": "CSC_WEAPON_RANGED",
    "skill_used": "fabrication",
    "difficulty": 8,
    "skills_required": [ [ "firstaid", 4 ], [ "electronics", 4 ], [ "mechanics", 4 ], [ "cooking", 4 ] ],
    "time": 12500,
    "book_learn": [ [ "evil_invitation", 8 ] ],
    "qualities": [ { "id": "CHEM", "level": 2 } ],
    "tools": [
      [ [ "soldering_iron", 50 ], [ "toolset", 50 ], [ "small_repairkit", 50 ], [ "large_repairkit", 50 ] ],
      [ [ "surface_heat", 50, "LIST" ] ]
    ],
    "components": [
      [ [ "mutagen", 1 ] ],
      [ [ "ammonia", 1 ], [ "lye_powder", 100 ] ],
      [ [ "bleach", 1 ], [ "oxy_powder", 100 ] ],
      [ [ "meat_tainted", 25 ], [ "slime_scrap", 5 ] ],
      [ [ "power_supply", 2 ] ],
      [ [ "battery_ups", 1 ] ],
      [ [ "e_scrap", 5 ] ],
      [ [ "flesh_weapon_kit", 1 ] ],
      [ [ "flesh_pistol", 1 ] ]
    ]
  },
  {
    "result": "flesh_blade",
    "type": "recipe",
    "category": "CC_WEAPON",
    "subcategory": "CSC_WEAPON_RANGED",
    "skill_used": "fabrication",
    "difficulty": 8,
    "skills_required": [ [ "firstaid", 4 ], [ "cooking", 4 ] ],
    "time": 12500,
    "book_learn": [ [ "evil_invitation", 8 ] ],
    "qualities": [ { "id": "CHEM", "level": 2 } ],
    "tools": [ [ [ "soldering_iron", 50 ], [ "toolset", 50 ] ], [ [ "surface_heat", 50, "LIST" ] ] ],
    "components": [
      [ [ "mutagen", 1 ] ],
      [ [ "ammonia", 1 ], [ "lye_powder", 100 ] ],
      [ [ "bleach", 1 ], [ "oxy_powder", 100 ] ],
      [ [ "meat_tainted", 25 ], [ "slime_scrap", 5 ] ],
      [ [ "flesh_weapon_kit", 1 ] ],
      [ [ "flesh_knife", 1 ] ]
    ]
  }
]
