[{
  "id": "bloodyshaky",
  "type": "AMMO",
  "name": "shaken blood",
  "description": "Blood which has slightly thickened from intense shaking. Almost compatible with vampiric guns if you're desperately need to feed it.",
  "weight": 5,
  "volume": 1,
  "price_postapoc": 200,
  "price": 1000,
  "material": ["hflesh"],
  "symbol": "=",
  "color": "red",
  "phase": "liquid",
  "count": 1,
  "stack_size": 40,
  "ammo_type": "ammoblood",
  "range": 15,
  "damage": 1,
  "pierce": 5,
  "recoil": 100,
  "loudness": 5,
  "effects": ["NO_DROP"]
 }, {
  "id": "bloodypressure",
  "type": "AMMO",
  "name": "pressurized blood",
  "description": "Cheap and renewable. This heavily compressed blood ammunition is used specifically with certain vampiric guns.",
  "weight": 5,
  "volume": 1,
  "price_postapoc": 300,
  "price": 2000,
  "material": ["hflesh"],
  "symbol": "=",
  "color": "dkred",
  "phase": "liquid",
  "count": 5,
  "stack_size": 20,
  "ammo_type": "ammoblood",
  "range": 8,
  "damage": 5,
  "pierce": 25,
  "recoil": 450,
  "loudness": 10,
  "effects": ["NO_DROP"]
 }, {
  "id": "bloodyinfect",
  "type": "AMMO",
  "name": "traversed blood",
  "description": "Cheap and easy to collect. A combination of pure and infected blood and much more viscous than others.",
  "weight": 5,
  "volume": 1,
  "price_postapoc": 500,
  "price": 3000,
  "material": ["hflesh", "flesh"],
  "symbol": "=",
  "color": "green",
  "phase": "liquid",
  "count": 10,
  "stack_size": 20,
  "ammo_type": "ammoblood",
  "range": 5,
  "damage": 10,
  "pierce": 10,
  "recoil": 625,
  "loudness": 30,
  "effects": ["NO_DROP"]
 }, {
  "id": "bloodshot_00",
  "type": "AMMO",
  "name": "00 bloodshot",
  "description": "Blood pellet-filled shot. Maximizes damage at very short ranged and will cause spread pellets to explode into sharp bits, dealing additional damage on impact. This is the only shotgun ammuminition developed and overused by vampires due to its overall balancing power.",
  "weight": 35,
  "volume": 1,
  "price_postapoc": 6000,
  "price": 31500,
  "material": ["compactblood", "powder"],
  "symbol": "=",
  "color": "red",
  "stack_size": 20,
  "ammo_type": "bloodshot",
  "casing": "shot_hull",
  "range": 4,
  "damage": 65,
  "recoil": 2750,
  "loudness": 180,
  "effects": ["COOKOFF", "SHOT"]
 }, {
  "id": "reloaded_bloodshot_00",
  "type": "AMMO",
  "name": "reloaded 00 bloodshot",
  "description": "Blood pellet-filled shot. Maximizes damage at very short ranged and will cause spread pellets to explode into sharp bits, dealing additional damage on impact. This is the only shotgun ammuminition developed and overused by vampires due to its overall balancing power.",
  "weight": 35,
  "volume": 1,
  "price_postapoc": 2200,
  "price": 20500,
  "material": ["compactblood", "powder"],
  "symbol": "=",
  "color": "red",
  "stack_size": 20,
  "ammo_type": "bloodshot",
  "casing": "shot_hull",
  "range": 4,
  "damage": 57,
  "recoil": 2650,
  "loudness": 180,
  "effects": ["COOKOFF", "SHOT", "RECYCLED"]
 }
]
