[
	{
		"//": "Bloodrune upgrade add 2 cutting and 1 bashing damage, and its ultimate techniques are learned for that weapon (if available)",
		"//": "A weapon based to the ravager blade from MH.",
		"id": "sword_sip",
		"type": "GENERIC",
		"name": "blood sipper",
		"name_plural": "blood sippers",
		"description": "A large, dual-handed, heavily serrated sword. The blade retracts into sharp teeth-like formation everytime it is swung, while vice versa, it becomes flat when not in use. The weight of this sword is problematic.",
		"weight": 3150,
		"volume": 16,
		"symbol": "!",
		"price_postapoc": 78000,
		"price": 247000,
		"to_hit": 1,
		"bashing": 11,
		"cutting": 33,
		"material": "steel",
		"color": "dark_red",
		"techniques": [
			"WBLOCK_2",
			"UPRIGHT_SLASH",
			"DOWNWARD_SLASH"
		],
		"flags": [
			"SHEATH_SWORD",
			"DURABLE_MELEE"
		],
		"qualities": [
			[
				"CUT",
				1
			],
			[
				"BUTCHER",
				20
			]
		]
	},
	{
		"id": "sword_sipplus",
		"type": "GENERIC",
		"name": "blood sipper+",
		"name_plural": "blood sippers+",
		"description": "A large, dual-handed, heavily serrated sword, textured in red hue. The blade retracts into sharp teeth-like formation everytime it is swung, while vice versa, it becomes flat when not in use. The weight of this sword is problematic.",
		"weight": 3300,
		"volume": 16,
		"symbol": "!",
		"price": 0,
		"price_postapoc": 0,
		"to_hit": 1,
		"bashing": 12,
		"cutting": 35,
		"material": [
			"steel",
			"compactblood"
		],
		"color": "dark_red",
		"techniques": [
			"WBLOCK_2",
			"UPRIGHT_SLASH",
			"DOWNWARD_SLASH",
			"HEAD_GRIND"
		],
		"flags": [
			"SHEATH_SWORD",
			"DURABLE_MELEE"
		],
		"qualities": [
			[
				"CUT",
				1
			],
			[
				"BUTCHER",
				22
			]
		]
	},
	{
		"id": "sword_dive",
		"type": "GENERIC",
		"name": "blood diver",
		"name_plural": "blood divers",
		"description": "A small, serrated dagger. Its handle is made for quick precise stabs, and the lightweight of this weapon makes it versatile to use. The unique form of its blade is great for skinning, but there's a better purpose other than that.",
		"weight": 475,
		"volume": 1,
		"symbol": "f",
		"price_postapoc": 49000,
		"price": 190500,
		"to_hit": 2,
		"cutting": 14,
		"bashing": 2,
		"material": "steel",
		"color": "dark_red",
		"techniques": [
			"VAMP_WRATH",
			"WEAK_HITCRIT",
			"VAMP_TRICK"
		],
		"flags": [
			"SHEATH_KNIFE",
			"DURABLE_MELEE",
			"STAB"
		],
		"qualities": [
			[
				"CUT",
				1
			],
			[
				"CUT_FINE",
				1
			],
			[
				"BUTCHER",
				35
			]
		]
	},
	{
		"id": "sword_diveplus",
		"type": "GENERIC",
		"name": "blood diver+",
		"name_plural": "blood divers+",
		"description": "A small, serrated dagger, textured in red hue. Its handle is designed for quick precise stabs, and the weight of this weapon makes it versatile to use. The unique form of its blade is great for skinning, but there's a better purpose other than that.",
		"weight": 725,
		"volume": 1,
		"symbol": "f",
		"price": 0,
		"price_postapoc": 0,
		"to_hit": 2,
		"cutting": 16,
		"bashing": 3,
		"material": [
			"steel",
			"compactblood"
		],
		"color": "dark_red",
		"techniques": [
			"VAMP_WRATH",
			"WEAK_HITCRIT",
			"STRONG_HITCRIT",
			"VAMP_TRICK"
		],
		"flags": [
			"SHEATH_KNIFE",
			"DURABLE_MELEE",
			"STAB"
		],
		"qualities": [
			[
				"CUT",
				1
			],
			[
				"CUT_FINE",
				1
			],
			[
				"BUTCHER",
				37
			]
		]
	},
	{
		"id": "punchie_bitie",
		"type": "GENERIC",
		"name": "pair of knuckle biters",
		"name_plural": "pairs of Knuckle Biters",
		"description": "A pair of knuckles designed to imitate a jaw with heavily arranged metal teeth. Every successful impacts will cause it to bite quickly to its prey.",
		"weight": 850,
		"volume": 2,
		"symbol": "f",
		"price_postapoc": 58500,
		"price": 166500,
		"to_hit": 2,
		"cutting": 8,
		"bashing": 4,
		"material": "steel",
		"color": "dark_red",
		"techniques": [
			"VAMP_WRATH"
		],
		"flags": [
			"UNARMED_WEAPON",
			"DURABLE_MELEE"
		]
	},
	{
		"id": "punchie_bitieplus",
		"type": "GENERIC",
		"name": "pair of knuckle biters+",
		"name_plural": "pairs of knuckle biters+",
		"description": "A pair of knuckles designed to imitate a jaw with heavily arranged metal teeth, textured in red hue. Every successful impacts will cause it to bite quickly to its prey.",
		"weight": 1000,
		"volume": 2,
		"symbol": "f",
		"price": 0,
		"price_postapoc": 0,
		"to_hit": 2,
		"cutting": 10,
		"bashing": 5,
		"material": [
			"steel",
			"compactblood"
		],
		"color": "dark_red",
		"techniques": [
			"VAMP_WRATH"
		],
		"flags": [
			"UNARMED_WEAPON",
			"DURABLE_MELEE"
		]
	},
	{
		"id": "hammerius",
		"type": "GENERIC",
		"name": "hammerius",
		"name_plural": "hammeriuses",
		"description": "A huge, fearsome battle hammer. Its flattened surface has symmetric holes, in which spikes are seen beneath it, and everytime you bash an opponent, it retracts to puncture the prey's innards.",
		"weight": 4520,
		"volume": 20,
		"symbol": "T",
		"price_postapoc": 103500,
		"price": 310500,
		"to_hit": 1,
		"bashing": 30,
		"cutting": 12,
		"material": "steel",
		"color": "dark_red",
		"techniques": [
			"WBLOCK_1",
			"UPRIGHT_BASH",
			"DOWNWARD_BASH"
		],
		"flags": [
			"STAB",
			"DURABLE_MELEE"
		]
	},
	{
		"id": "hammeriusplus",
		"type": "GENERIC",
		"name": "hammerius+",
		"name_plural": "hammeriuses+",
		"description": "A huge, fearsome battle hammer, textured in red hue. Its flattened surface has symmetric holes, in which spikes are seen, and everytime you bash an opponent, it retracts to puncture the prey's inner flesh.",
		"weight": 3705,
		"volume": 20,
		"symbol": "T",
		"price": 0,
		"price_postapoc": 0,
		"to_hit": 1,
		"bashing": 31,
		"cutting": 14,
		"material": [
			"steel",
			"compactblood"
		],
		"color": "dark_red",
		"techniques": [
			"WBLOCK_1",
			"UPRIGHT_BASH",
			"DOWNWARD_BASH",
			"TRENCH"
		],
		"flags": [
			"STAB",
			"DURABLE_MELEE"
		]
	},
	{
		"id": "falc_crimsword",
		"type": "GENERIC",
		"name": "fanged falchion",
		"description": "A plain longsword with peculiar hilt and its forked tip imitates a pair of fangs of some sort. Pretty easy to use and its weight is unique for such a fearsome sword.",
		"weight": 2680,
		"volume": 12,
		"symbol": "!",
		"price_postapoc": 78000,
		"price": 2050000,
		"to_hit": 2,
		"bashing": 4,
		"cutting": 24,
		"material": "steel",
		"color": "dark_red",
		"techniques": [
			"WBLOCK_2",
			"UPRIGHT_SLASH",
			"DOWNWARD_SLASH"
		],
		"flags": [
			"SHEATH_SWORD",
			"DURABLE_MELEE"
		],
		"qualities": [
			[
				"CUT",
				1
			],
			[
				"BUTCHER",
				20
			]
		]
	},
	{
		"id": "falc_crimswordplus",
		"type": "GENERIC",
		"name": "fanged falchion+",
		"name_plural": "fanged falchions+",
		"description": "A plain longsword hued in crimson with peculiar hilt and its forked tip imitates a pair of fangs of some sort. Pretty easy to use and its weight is unique for such a fearsome sword.",
		"weight": 2785,
		"volume": 12,
		"symbol": "!",
		"price_postapoc": 0,
		"price": 0,
		"to_hit": 2,
		"bashing": 5,
		"cutting": 26,
		"material": "steel",
		"color": "dark_red",
		"techniques": [
			"WBLOCK_2",
			"UPRIGHT_SLASH",
			"DOWNWARD_SLASH"
		],
		"flags": [
			"SHEATH_SWORD",
			"DURABLE_MELEE"
		],
		"qualities": [
			[
				"CUT",
				1
			],
			[
				"BUTCHER",
				22
			]
		]
	}
]