{
 "id": "bloodstinger_barrel",
 "type": "GUNMOD",
 "name": "bloodstinger barrel",
 "description": "Odd barrel extension specialized for blood stinger rifles. It has a vented metal end point that pressurizes liquid before firing, increasing damage, accuracy and aiming time.",
 "weight": 650,
 "volume": 4,
 "price": 0,
 "to_hit": 2,
 "bashing": 5,
 "material": ["steel", "compactblood"],
 "symbol": ":",
 "color": "red",
 "location": "barrel",
 "mod_targets": ["rifle"],
 "damage_modifier": 1,
 "dispersion_modifier": -70,
 "flags": ["IRREMOVABLE"],
 "min_skills": [["weapon", 6]]
}
