{
 "type": "mapgen",
 "method": "json",
 "om_terrain": "bloodrune_pedestal",
 "weight": 1250,
 "object": {
  "fill_ter": "t_rock_floor",
  "rows": [
   "                ,       ",
   ",                       ",
   "     ,               ,  ",
   "           ,            ",
   "                        ",
   "        l. .. .l  ,     ",
   "        ........        ",
   "  ,      ......         ",
   "        B..vV..B     ,  ",
   "         ......  ,      ",
   "    ,   ........        ",
   "        l. .. .l        ",
   "                    ,   ",
   "                       ,",
   "    ,                   ",
   "       ,                ",
   "                        ",
   "                   ,    ",
   "             ,          ",
   "                        ",
   "                    ,   ",
   " ,          ,           ",
   "                        ",
   "   ,      ,            ,"
  ],
  "terrain": {
   ",": ["t_tree", "t_tree", "t_underbrush", "t_shrub"],
   " ": ["t_grass", "t_grass", "t_dirt"],
   "l": "t_column",
   "B": "t_rock_floor",
   ".": ["t_rock_floor", "t_rock_floor", "t_rock_floor", "t_rock_floor", "t_rock_floor", "t_rock_floor", "t_grass", "t_dirt", "t_dirt"]
  },
  "furniture": {
   "V": "f_brazier",
   "v": "f_counter"
  },
  "items": {
   "v": {
    "item": "bloodrunedrop",
    "chance": 100
   }
  },
  "monster": {
   "B": {
    "monster": "mon_zombie_bloodcompact"
   }
  }
 }
}
