[
	{
		"type": "mapgen",
		"method": "json",
		"om_terrain": "bloodhole",
		"weight": 2000,
		"object": {
			"fill_ter": "t_grass",
			"rows": [
				"                        ",
				"                        ",
				"                        ",
				"                        ",
				"                        ",
				"        ,               ",
				"              ,         ",
				"                        ",
				"                  ,     ",
				"                        ",
				"  ,                     ",
				"                      , ",
				"                        ",
				"                ,       ",
				"             &          ",
				"         ,  &&&&        ",
				"           &&>&&   ,    ",
				"          &&&&&         ",
				"            &&          ",
				"     ,                , ",
				"                        ",
				"                     ,  ",
				"                        ",
				"                        "
			],
			"terrain": {
				",": [
					"t_tree",
					"t_tree",
					"t_underbrush",
					"t_shrub"
				],
				" ": "t_grass",
				">": "t_slope_down"
			},
			"furniture": {
				"&": "f_rubble_rock"
			}
		}
	},
	{
		"type": "mapgen",
		"method": "json",
		"om_terrain": "bloodhole_bottom",
		"weight": 2000,
		"object": {
			"fill_ter": "t_rock_floor",
			"rows": [
				"#############)##########",
				"############,-;#########",
				"###########,,',,########",
				"###########,'',,########",
				"###########;'-,,,#######",
				"##########,,''';,,######",
				"##########,,,''';,######",
				"########;,,,-''',,,#####",
				"######,,,,''''-'',,,####",
				"###,,,,,'''''''''',,,###",
				"##,,;,''''-'''''''-,;,##",
				"##,,''''''''''''''',,,##",
				"##,,'''-'''''-'''',,,###",
				"###,,''''''-'''''',;####",
				"####,,,<'''''''-',,,####",
				"####,,,,'-'''''',;,#####",
				"#####,,,,;''',,,,,######",
				"#######,,,,,,;,#########",
				"########################",
				"########################",
				"########################",
				"########################",
				"########################",
				"########################"
			],
			"terrain": {
				"'": "t_blood_sh",
				"#": "t_rock",
				"-": "t_blood_sh",
				",": "t_blood_dp",
				";": "t_blood_dp",
				"<": "t_slope_up",
				")": "t_slope_down"
			},
			"monster": {
				"-": {
					"monster": "mon_insect_leech"
				},
				";": {
					"monster": "mon_insect_bigleech"
				}
			}
		}
	},
	{
		"type": "mapgen",
		"method": "json",
		"om_terrain": "bloodhole_lair",
		"weight": 2000,
		"object": {
			"fill_ter": "t_rock_floor",
			"rows": [
				"##########;,<,##########",
				"#########,,,-;,#########",
				"########,,,;'',#########",
				"#######,,,,''-,,########",
				"######;;,'''-,,,########",
				"#######,,'',,,,,;#######",
				"#######,-',,,,,,########",
				"######,,'''',,,#########",
				"#######,,''''',;,#######",
				"########,,;#-'''########",
				"#############'''-#######",
				"###########-''''''######",
				"##########''';;;;'-#####",
				"#########''-;=;-''######",
				"##########-'';'''#######",
				"############''-'########",
				"########################",
				"########################",
				"########################",
				"########################",
				"########################",
				"########################",
				"########################",
				"########################"
			],
			"terrain": {
				"'": "t_blood_sh",
				"#": "t_rock",
				",": "t_blood_dp",
				";": "t_blood_dp",
				"-": "t_blood_sh",
				"<": "t_slope_up",
				"=": "t_blood_sh"
			},
			"monster": {
				";": {
					"monster": "mon_insect_leech"
				},
				"-": {
					"monster": "mon_insect_bigleech"
				}
			}
		}
	}
]