[
  {
    "type": "mapgen",
    "om_terrain": [ "pond_swamp" ],
    "method": "json",
    "weight": 100,
    "object": {
      "fill_ter": "t_dirt",
      "rows": [
        "                        ",
        "                        ",
        "     ????????????????   ",
        "   ???????????????????  ",
        "   ?**]]]]]*]***]]]]??  ",
        "  ???**************]??  ",
        "  ???*************]]??  ",
        "  ????***[[[*******]??  ",
        "  ???***[[[[[[[[**]]??  ",
        "  ???***[[[[[[[[**]]??  ",
        "  ???***[[[~~~[[**]]??  ",
        "  ??****[[[~~~[[***]??  ",
        "  ??]***[[~~~~[[***]??  ",
        "  ??]***[[~~~~[[**]]??  ",
        "  ??]***[[~[[[[[**]]??  ",
        "  ??]***[[[[[[[[**]]??  ",
        "  ??]*****[[******]]??  ",
        "  ??]**************]??  ",
        "  ??]**************]??  ",
        "  ????]??]]]]]]]]]]]??  ",
        "  ????????]]]????????   ",
        "  ?????????????????     ",
        "                        ",
        "                        "
      ],
      "terrain": {
        "~": [
          "t_swater_dp",
          "t_swater_dp",
          "t_swater_dp",
          "t_swater_dp",
          "t_swater_dp",
          "t_swater_dp",
          "t_swater_dp",
          "t_swater_dp",
          "t_dirt",
          "t_grass",
          "t_underbrush",
          "t_tree_willow"
        ],
        "[": [
          "t_swater_dp",
          "t_swater_dp",
          "t_swater_dp",
          "t_swater_dp",
          "t_swater_sh",
          "t_swater_sh",
          "t_swater_sh",
          "t_swater_sh",
          "t_underbrush"
        ],
        "*": [
          "t_swater_sh",
          "t_swater_sh",
          "t_swater_sh",
          "t_swater_sh",
          "t_swater_sh",
          "t_swater_sh",
          "t_swater_sh",
          "t_swater_sh",
          "t_dirt",
          "t_grass",
          "t_underbrush",
          "t_tree_willow"
        ],
        "]": [
          "t_swater_sh",
          "t_swater_sh",
          "t_swater_sh",
          "t_swater_sh",
          "t_swater_sh",
          "t_swater_sh",
          "t_swater_sh",
          "t_swater_sh",
          "t_dirt",
          "t_grass",
          "t_tree_willow"
        ],
        "?": [
          "t_swater_sh",
          "t_swater_sh",
          "t_swater_sh",
          "t_dirt",
          "t_dirt",
          "t_dirt",
          "t_dirt",
          "t_dirt",
          "t_grass",
          "t_grass",
          "t_grass",
          "t_grass",
          "t_grass",
          "t_grass",
          "t_shrub",
          "t_tree_young",
          "t_tree",
          "t_tree_willow"
        ],
        " ": [
          "t_swater_dp",
          "t_swater_dp",
          "t_swater_sh",
          "t_swater_sh",
          "t_swater_sh",
          "t_dirt",
          "t_dirt",
          "t_dirt",
          "t_dirt",
          "t_grass",
          "t_grass",
          "t_grass",
          "t_grass",
          "t_grass",
          "t_grass",
          "t_shrub",
          "t_underbrush",
          "t_tree_young",
          "t_tree",
          "t_tree_willow"
        ]
      },
      "set": [
        { "point": "furniture", "id": "f_rubble_rock", "x": [ 1, 22 ], "y": [ 1, 22 ], "repeat": [ 1, 5 ], "chance": 8 },
        {
          "point": "furniture",
          "id": "f_boulder_small",
          "x": [ 1, 22 ],
          "y": [ 1, 22 ],
          "repeat": [ 1, 5 ],
          "chance": 8
        },
        {
          "point": "furniture",
          "id": "f_boulder_medium",
          "x": [ 1, 22 ],
          "y": [ 1, 22 ],
          "repeat": [ 1, 5 ],
          "chance": 8
        },
        {
          "point": "furniture",
          "id": "f_boulder_large",
          "x": [ 1, 22 ],
          "y": [ 1, 22 ],
          "repeat": [ 1, 5 ],
          "chance": 8
        },
        { "point": "furniture", "id": "f_cattails", "x": [ 1, 22 ], "y": [ 1, 22 ], "repeat": [ 1, 5 ], "chance": 3 },
        { "point": "furniture", "id": "f_cattails", "x": [ 1, 22 ], "y": [ 1, 22 ], "repeat": [ 1, 5 ], "chance": 3 }
      ],
      "place_monsters": [
        { "monster": "GROUP_SAFE", "x": [ 0, 23 ], "y": [ 0, 23 ], "chance": 5 },
        { "monster": "GROUP_FISH", "x": [ 0, 23 ], "y": [ 0, 23 ], "chance": 10, "repeat": [ 1, 2 ] },
        { "monster": "GROUP_SWAMP", "x": [ 0, 23 ], "y": [ 0, 23 ], "chance": 5 }
      ]
    }
  },
  {
    "type": "mapgen",
    "om_terrain": [ "pond_swamp" ],
    "method": "json",
    "weight": 200,
    "object": {
      "fill_ter": "t_dirt",
      "rows": [
        "                        ",
        "         ??             ",
        "         ???            ",
        "          ???? ?        ",
        "          ?????         ",
        "        ]]]**]]]]       ",
        "        ]]*****]]]      ",
        "       ]***[******]     ",
        "      ]]***[[[[****]    ",
        "     ]]***[[[[*****]    ",
        "     ?**[[~~~~[****]]   ",
        "     ]**[[~~~~[****]]   ",
        "    ]]***[~~~~[***]]]   ",
        "    ]]***[~~~~[[]]]     ",
        "    ]]****[[[[**]???    ",
        "     ]]***[[***]]???    ",
        "     ]]]]*****]]  ? ?   ",
        "       ??]]****]        ",
        "           **           ",
        "                        ",
        "                        ",
        "                        ",
        "                        ",
        "                        "
      ],
      "terrain": {
        "~": [
          "t_swater_dp",
          "t_swater_dp",
          "t_swater_dp",
          "t_swater_dp",
          "t_swater_dp",
          "t_swater_dp",
          "t_swater_dp",
          "t_swater_dp",
          "t_dirt",
          "t_grass",
          "t_underbrush",
          "t_tree_willow"
        ],
        "[": [
          "t_swater_dp",
          "t_swater_dp",
          "t_swater_dp",
          "t_swater_dp",
          "t_swater_sh",
          "t_swater_sh",
          "t_swater_sh",
          "t_swater_sh",
          "t_underbrush"
        ],
        "*": [
          "t_swater_sh",
          "t_swater_sh",
          "t_swater_sh",
          "t_swater_sh",
          "t_swater_sh",
          "t_swater_sh",
          "t_swater_sh",
          "t_swater_sh",
          "t_dirt",
          "t_grass",
          "t_underbrush",
          "t_tree_willow"
        ],
        "]": [
          "t_swater_sh",
          "t_swater_sh",
          "t_swater_sh",
          "t_swater_sh",
          "t_swater_sh",
          "t_swater_sh",
          "t_swater_sh",
          "t_swater_sh",
          "t_dirt",
          "t_grass",
          "t_tree_willow"
        ],
        "?": [
          "t_swater_sh",
          "t_swater_sh",
          "t_swater_sh",
          "t_dirt",
          "t_dirt",
          "t_dirt",
          "t_dirt",
          "t_dirt",
          "t_grass",
          "t_grass",
          "t_grass",
          "t_grass",
          "t_grass",
          "t_grass",
          "t_shrub",
          "t_shrub",
          "t_tree_young",
          "t_tree",
          "t_tree_willow"
        ],
        " ": [
          "t_swater_dp",
          "t_swater_dp",
          "t_swater_sh",
          "t_swater_sh",
          "t_swater_sh",
          "t_dirt",
          "t_dirt",
          "t_dirt",
          "t_dirt",
          "t_grass",
          "t_grass",
          "t_grass",
          "t_grass",
          "t_grass",
          "t_grass",
          "t_shrub",
          "t_shrub",
          "t_underbrush",
          "t_tree_young",
          "t_tree",
          "t_tree_willow"
        ]
      },
      "set": [
        { "point": "furniture", "id": "f_rubble_rock", "x": [ 1, 22 ], "y": [ 1, 22 ], "repeat": [ 1, 5 ], "chance": 9 },
        {
          "point": "furniture",
          "id": "f_boulder_small",
          "x": [ 1, 22 ],
          "y": [ 1, 22 ],
          "repeat": [ 1, 5 ],
          "chance": 9
        },
        {
          "point": "furniture",
          "id": "f_boulder_medium",
          "x": [ 1, 22 ],
          "y": [ 1, 22 ],
          "repeat": [ 1, 5 ],
          "chance": 9
        },
        {
          "point": "furniture",
          "id": "f_boulder_large",
          "x": [ 1, 22 ],
          "y": [ 1, 22 ],
          "repeat": [ 1, 5 ],
          "chance": 9
        },
        { "point": "furniture", "id": "f_cattails", "x": [ 1, 22 ], "y": [ 1, 22 ], "repeat": [ 1, 5 ], "chance": 3 },
        { "point": "furniture", "id": "f_cattails", "x": [ 1, 22 ], "y": [ 1, 22 ], "repeat": [ 1, 5 ], "chance": 3 }
      ],
      "place_monsters": [
        { "monster": "GROUP_SAFE", "x": [ 0, 23 ], "y": [ 0, 23 ], "chance": 5 },
        { "monster": "GROUP_FISH", "x": [ 0, 23 ], "y": [ 0, 23 ], "chance": 10, "repeat": [ 1, 2 ] },
        { "monster": "GROUP_SWAMP", "x": [ 0, 23 ], "y": [ 0, 23 ], "chance": 5 }
      ]
    }
  }
]
