[
  {
    "type": "mapgen",
    "om_terrain": [ "spider_pit_under" ],
    "method": "json",
    "weight": 100,
    "object": {
      "fill_ter": "t_dirt",
      "rows": [
        "########################",
        "########################",
        "##???<<??????????<<???##",
        "##????????????????????##",
        "##????????????????????##",
        "##?????????s??????????##",
        "##????????????????????##",
        "##????????????????s???##",
        "##????????????????????##",
        "##????o???????????????##",
        "##???????o????????????##",
        "##?????O??????????????##",
        "##??????o?????????????##",
        "##??????????o?????????##",
        "##?????o??????????????##",
        "##??????????????s?????##",
        "##????????????????????##",
        "##????????????????????##",
        "##?????s??????????????##",
        "##????????????????????##",
        "##????????????????????##",
        "##???<<??????????<<???##",
        "########################",
        "########################"
      ],
      "terrain": {
        "<": [ "t_slope_up", "t_slope_up", "t_rock", "t_rock", "t_rock" ],
        "?": [ "t_rock", "t_rock", "t_rock", "t_dirt", "t_dirt", "t_dirt", "t_dirt", "t_rock_floor", "t_rock_floor" ],
        "#": "t_rock"
      },
      "monster": {
        "O": { "monster": "mon_spider_web_queen" },
        "o": { "monster": "mon_spider_web_s" },
        "s": { "monster": "mon_spider_web" }
      },
      "place_items": [
        { "item": "spider", "chance": 75, "x": [ 3, 20 ], "y": [ 3, 20 ], "repeat": [ 1, 2 ] },
        { "item": "spider", "chance": 75, "x": [ 3, 20 ], "y": [ 3, 20 ] }
      ],
      "place_fields": [ { "x": [ 2, 21 ], "y": [ 2, 21 ], "field": "fd_web", "age": 1, "density": 3, "repeat": 120 } ],
      "place_monsters": [ { "monster": "GROUP_SPIDER", "x": [ 3, 20 ], "y": [ 3, 20 ], "repeat": [ 1, 2 ] } ],
      "set": [ { "point": "radiation", "amount": [ 10, 20 ], "x": [ 1, 22 ], "y": [ 1, 22 ], "repeat": [ 15, 75 ] } ]
    }
  }
]
