[
  {
    "type": "mapgen",
    "method": "json",
    "om_terrain": [ "standing_stones" ],
    "weight": 50000,
    "object": {
      "rows": [
        "ffffffffffffffffffff..ff",
        ".ffffff....fffffffffff..",
        "ff.ffffffff.....o...fff.",
        "ff..f...ffffffff......ff",
        ".fff.o.........f....ffff",
        "f.....fff......fff....f.",
        "f......f........ff......",
        "ff....................o.",
        ".f.o........o...........",
        "...........ss...O.....ff",
        ".........ossssss.......f",
        ".......sssssssss.....fff",
        "fff..Ossss#sOsss.o.....f",
        "f......sssssssss.....o..",
        "........ossssssO.......f",
        "o.......ss..ss.........f",
        "fff.......o.............",
        "....................ffff",
        ".ff....................f",
        "f....o...............of.",
        "fff..................f..",
        "ffffffffff.....o...ffff.",
        "ff.f.f.f.f....fff..f.f.f",
        "ffffff..........ffffffff"
      ],
      "terrain": {
        "#": "t_dirt",
        ".": [ "t_grass", "t_grass", "t_grass", "t_dirt", "t_dirt" ],
        "O": "t_dirt",
        "f": [ "t_grass", "t_grass", "t_grass", "t_tree", "t_tree_young", "t_underbrush", "t_underbrush", "t_underbrush", "t_dirt" ],
        "o": "t_dirt",
        "s": "t_dirt"
      },
      "furniture": { "O": "f_boulder_large", "o": "f_boulder_small", "#": "f_brazier" },
      "loot": { "#": { "item": "stick", "repeat": [ 1, 2 ] } },
      "monster": { "#": { "monster": "mon_darkman" } },
      "place_monsters": [
        { "monster": "GROUP_CABIN", "x": [ 1, 22 ], "y": [ 1, 22 ], "chance": 6 },
        { "monster": "GROUP_CABIN", "x": [ 1, 22 ], "y": [ 1, 22 ], "chance": 6 },
        { "monster": "GROUP_CABIN", "x": [ 1, 22 ], "y": [ 1, 22 ], "chance": 6 }
      ]
    }
  }
]
