[
	{
		"//": "With these conditions, we will no longer fear the item quests from revealing hateful bugs.",
		"id": "TALK_MISSION_INQUIRE",
		"type": "talk_topic",
		"responses": [
			{
				"text": "Here's your blood.",
				"topic": "TALK_MISSION_SUCCESS",
				"effect": [
					"mission_success",
					{
						"u_sell_item": "blood",
						"count": 15
					}
				],
				"condition": {
					"and": [
						{
							"u_has_item": "blood",
							"count": 15
						},
						{
							"u_has_mission": "VAMP_LONELY_quest1"
						}
					]
				}
			},
			{
				"text": "Here's your bloodrune stone.",
				"topic": "TALK_MISSION_SUCCESS",
				"effect": [
					"mission_success",
					{
						"u_sell_item": "bloodrune"
					}
				],
				"condition": {
					"and": [
						{
							"u_has_item": "bloodrune"
						},
						{
							"u_has_mission": "VAMP_LONELY_quest4"
						}
					]
				}
			},
			{
				"text": "Here's your bloodrune stone.",
				"topic": "TALK_MISSION_SUCCESS",
				"effect": [
					"mission_success",
					{
						"npc_add_trait": "isolatedtestsdone"
					}
				],
				"condition": {
					"and": [
						"mission_complete",
						{
							"u_has_mission": "VAMP_LONELY_quest5"
						}
					]
				}
			}
		]
	},
	{
		"id": "TALK_VAMP_LONELY",
		"type": "talk_topic",
		"dynamic_line": {
			"u_is_wearing": "blood_necklace",
			"yes": "Greetings, human.",
			"no": "Mortal?."
		},
		"responses": [
			{
				"text": "Please tell me about yourself.",
				"topic": "TALK_VAMP_LONELY_introduce"
			},
			{
				"text": "Why are you here?",
				"topic": "TALK_VAMP_LONELY_here"
			},
			{
				"text": "About that quest...",
				"topic": "TALK_MISSION_INQUIRE",
				"condition": "has_assigned_mission"
			},
			{
				"text": "Ummm... You want to stick with me?",
				"topic": "TALK_VAMP_LONELY_wego"
			},
			{
				"text": "I'm vacant for your needs.",
				"topic": "TALK_VAMP_LONELY_testsdone",
				"condition": {
					"and": [
						{
							"npc_has_trait": "isolatedtestsdone"
						},
						{
							"not": {
								"u_has_trait": "isolatedvampmark"
							}
						}
					]
				}
			},
			{
				"text": "I'm vacant for your needs.",
				"topic": "TALK_MISSION_LIST",
				"//": "Prevent repetition of missions.",
				"condition": {
					"not": {
						"u_has_trait": "isolatedvampmark"
					}
				}
			},
			{
				"text": "Sorry to bother.",
				"topic": "TALK_DONE"
			}
		]
	},
	{
		"id": "TALK_VAMP_LONELY_introduce",
		"type": "talk_topic",
		"dynamic_line": "I am a vampire, preserved for centuries. But you see, I enshroud myself in the shadows of the past.",
		"responses": [
			{
				"text": "Preserved?",
				"topic": "TALK_VAMP_LONELY_preserved"
			},
			{
				"text": "Okay.",
				"topic": "TALK_VAMP_LONELY"
			}
		]
	},
	{
		"id": "TALK_VAMP_LONELY_here",
		"type": "talk_topic",
		"dynamic_line": "I live here as my peaceful sanctuary. Problem?",
		"responses": [
			{
				"text": "Sorry for asking that.",
				"topic": "TALK_VAMP_LONELY"
			},
			{
				"text": "Is there a some sort of place like this?",
				"topic": "TALK_VAMP_LONELY_there"
			}
		]
	},
	{
		"id": "TALK_VAMP_LONELY_wego",
		"type": "talk_topic",
		"dynamic_line": {
			"u_has_trait": "isolatedvampmark",
			"yes": "That marking... I see you've been helping my kindred with their troubles.",
			"no": "Just like others, you want me as a slave... I refuse, mortal."
		},
		"responses": [
			{
				"text": "I just want you as an odd friend... I'm sorry.",
				"topic": "TALK_VAMP_LONELY",
				"condition": {
					"not": {
						"u_has_trait": "isolatedvampmark"
					}
				}
			},
			{
				"text": "I want you to go on a journey with me..",
				"topic": "TALK_VAMP_LONELY_joinparty",
				"condition": {
					"u_has_trait": "isolatedvampmark"
				}
			},
			{
				"text": "No, I want you to go on a journey with me.",
				"trial": {
					"type": "PERSUADE",
					"difficulty": 3
				},
				"condition": {
					"not": {
						"u_has_trait": "isolatedvampmark"
					}
				},
				"success": {
					"opinion": {
						"trust": 3,
						"fear": -1,
						"value": 1,
						"anger": -1
					},
					"topic": "TALK_VAMP_LONELY_wegonow"
				},
				"failure": {
					"opinion": {
						"trust": -10,
						"fear": -10,
						"value": -10,
						"anger": 10
					},
					"topic": "TALK_VAMP_LONELY_wegokill"
				}
			}
		]
	},
	{
		"id": "TALK_VAMP_LONELY_preserved",
		"type": "talk_topic",
		"dynamic_line": "It is the prowess that all immortals have, and we tend to refine this by concealing ourselves from humanity.",
		"responses": [
			{
				"text": "Too bad.",
				"topic": "TALK_VAMP_LONELY"
			}
		]
	},
	{
		"id": "TALK_VAMP_LONELY_there",
		"type": "talk_topic",
		"dynamic_line": "Yes. Its a small community, and I think they will let your kind go in there.",
		"responses": [
			{
				"text": "Where do I find this place?.",
				"topic": "TALK_VAMP_LONELY_farthere"
			},
			{
				"text": "Okay.",
				"topic": "TALK_VAMP_LONELY"
			}
		]
	},
	{
		"id": "TALK_VAMP_LONELY_wegonow",
		"type": "talk_topic",
		"dynamic_line": "Do not bring me to my death. I will leave MY territory and expect benefits believing in you.",
		"responses": [
			{
				"text": "I promise...",
				"trial": {
					"type": "NONE"
				},
				"success": {
					"effect": "follow",
					"opinion": {
						"trust": 3,
						"fear": -10,
						"value": 2,
						"anger": -5
					},
					"topic": "TALK_DONE"
				}
			}
		]
	},
	{
		"id": "TALK_VAMP_LONELY_wegokill",
		"type": "talk_topic",
		"dynamic_line": "I already said I refuse... NOW, I have to kill you for your ignorance!",
		"responses": [
			{
				"text": "KILL ME IF YOU CAN!!!",
				"//": "Oof! don't be greedy persuading a vampire to join you.",
				"effect": "insult_combat",
				"topic": "TALK_DONE"
			}
		]
	},
	{
		"id": "TALK_VAMP_LONELY_farthere",
		"type": "talk_topic",
		"dynamic_line": {
			"u_has_trait": "isolatedvampmark",
			"yes": "These places could be anywhere far from human civilizations.",
			"no": "Nope. Even if I know, I won't tell you."
		},
		"responses": [
			{
				"text": "Thanks, I guess...",
				"topic": "TALK_VAMP_LONELY"
			}
		]
	},
	{
		"id": "TALK_VAMP_LONELY_joinparty",
		"type": "talk_topic",
		"//": "You can immediately put any isolated vampires you meet into your roster if you've done all the quest by one of them.",
		"dynamic_line": "You sure about that?.",
		"responses": [
			{
				"text": "Yes, I do.",
				"effect": "follow",
				"topic": "TALK_DONE",
				"opinion": {
					"trust": 5,
					"fear": -2,
					"value": 3,
					"anger": -2
				}
			},
			{
				"text": "I take back what I've said...",
				"topic": "TALK_VAMP_LONELY"
			}
		]
	},
	{
		"id": "TALK_VAMP_LONELY_testsdone",
		"type": "talk_topic",
		"dynamic_line": "No, I have no more requests for you. You have helped me alot and proven me your worth. As a reward, I'll give you my mark of trust on you.",
		"responses": [
			{
				"text": "Thank you for this mark... Let's go!",
				"topic": "TALK_DONE",
				"effect": [
					"follow",
					{
						"u_add_trait": "isolatedvampmark"
					}
				]
			}
		]
	}
]