[
	{
    "id": "75bolt",
    "type": "AMMO",
    "name": "75mm bolt",
    "name_plural": "75mm bolts",
    "description": "Case of standard boltgun rounds. A mass-reactive charge inside the round explodes when hitting a solid mass.",
    "weight": 20,
    "volume": 3,
    "price": 250000,
    "to_hit": 0,
    "bashing": 1,
    "cutting": 0,
    "material": [ "brass", "powder", "steel" ],
    "symbol": "=",
    "color": "green",
    "count": 50,
    "stack_size": 35,
    "ammo_type": "75bolt",
    "range": 30,
    "damage": 60,
    "pierce": 10,
    "dispersion": 5,
    "recoil": 750,
    "casing": "boltgun_casing",
    "effects": [ "COOKOFF", "MUZZLE_SMOKE", "SMOKE", "BEANBAG" , "EXPLOSION"],
	"EXPLOSION" : {
		"power" : 1000,
		"range" : 2,
		"distance_factor" : 0.5,
		"fire" : false,
		"shrapnel" : {
			"count" : 1500,
			"mass" : 400,
			"recovery" : 10,
			"drop" : "shrapnel"
			}
		}
	},
	{
    "id": "hellfire_bolt",
    "type": "AMMO",
    "name": "Hellfire bolt",
    "name_plural": "Hellfire bolts",
    "description": "Case of Hellfire boltgun rounds. A mass-reactive charge inside the round has been replaced with a vial of mugenic acid.",
    "weight": 20,
    "volume": 3,
    "price": 250000,
    "to_hit": 0,
    "bashing": 1,
    "cutting": 0,
    "material": [ "brass", "powder", "steel" ],
    "symbol": "=",
    "color": "red",
    "count": 50,
    "stack_size": 35,
    "ammo_type": "75bolt",
    "range": 30,
    "damage": 60,
    "pierce": 10,
    "dispersion": 7,
    "recoil": 750,
    "casing": "boltgun_casing",
    "effects": [ "COOKOFF", "MUZZLE_SMOKE", "ACIDBOMB" ]
	},
	{
    "id": "promethium",
    "type": "AMMO",
    "name": "promethium",
    "description": "A highly volatile fuel used in Imperial incendiary weapons. It tends to stick to whatever it comes into contact with.",
    "weight": 20,
    "volume": 1,
    "price": 250000,
    "material": [ "hydrocarbons" ],
    "symbol": "=",
    "color": "red",
    "count": 100,
    "stack_size": 100,
	"range" : 10,
	"damage" : 45,
	"pierce" : 8,
	"dispersion" : 2,
	"recoil" : 20,
    "ammo_type": "promethium",
    "effects": [ "COOKOFF" , "INCENDIARY" , "STREAM_BIG" , "NAPLAM" , "FLARE" , "SMOKE" , "FLAME" , "WIDE" ]
	},
	{
	"type" : "AMMO",
	"id" : "las",
	"category" : "spare_parts",
	"price" : 12000,
	"name" : "las battery",
	"symbol" : "=",
	"color" : "yellow",
	"description" : "A carton of charging units to recharge a Lasgun or Lascarbine's powerpack",
	"material" : "iron",
	"volume" : 2,
	"weight" : 250,
	"ammo_type" : "las",
	"count" : 100,
	"range" : 40,
	"damage" : 50,
	"pierce" : 10,
	"dispersion" : 2,
	"recoil" : 5,
	"fuel": {
		"energy": 1
		}
	},
	{
    "id": "ork_dakka",
    "type": "AMMO",
    "name": "dakka",
    "description": "It's fuel for your orky shootas, loud and made out of random junk, made for a gun with a roughly inch-wide bore.  What marvel of weirdboy magic is this, that so much dakka fits in your backpack at all?",
    "weight": 50,
    "volume": 2,
    "price": 3250,
    "material": [ "iron", "powder" ],
    "symbol": "=",
    "color": "dark_gray",
    "count": 250,
    "stack_size": 100,
    "ammo_type": "ork_dakka",
    "range": 20,
    "damage": 120,
    "pierce": 20,
    "dispersion": 60,
    "recoil": 1400,
    "effects": [ "COOKOFF", "NEVER_MISFIRES" ]
	}
]