[
	{
    "id": "flack_helmet",
    "type": "ARMOR",
    "category": "armor",
    "name": "Imperial flack helmet",
    "description": "A thin helmet, made of several layers of absorbant materal with a strong, hardened outer coating.",
    "weight": 1200,
    "volume": 8,
    "price": 2500000,
    "to_hit": -4,
    "bashing": 1,
    "material": [ "leather", "steel" ],
    "symbol": "[",
    "color": "dark_green",
    "covers": [ "HEAD", "MOUTH", "EYES" ],
    "coverage": 85,
    "encumbrance": 8,
    "storage": 6,
    "warmth": 18,
    "material_thickness": 8,
    "environmental_protection": 10,
    "flags": [ "VARSIZE", "POCKETS", "STURDY", "WATER_FRIENDLY" , "OUTER" , "STURDY" , "GAS_PROOF" , "PARTIAL_DEAF" ]
	},
	{
    "id": "flack_armor",
    "type": "ARMOR",
    "category": "armor",
    "name": "Imperial flack armor",
    "description": "Thin armor, made of several layers of absorbant materal with a strong, hardened outer coating. The outer coating is too far gone to read any markings but scratched into the back reads 'Property of Astra Militarum', whatever that means...",
    "weight": 4000,
    "volume": 30,
    "price": 2500000,
    "to_hit": -4,
    "bashing": 1,
	"looks_like": "jacket_leather_red",
    "material": [ "leather", "iron", "steel" ],
    "symbol": "[",
    "color": "dark_green",
    "covers": [ "TORSO", "ARMS" ],
    "coverage": 85,
    "encumbrance": 18,
    "storage": 60,
    "warmth": 12,
    "material_thickness": 10,
    "environmental_protection": 1,
    "flags": [ "VARSIZE", "POCKETS", "STURDY", "WATER_FRIENDLY" , "OUTER" , "STURDY"]
	},
	{
    "id": "ig_elbow_pads",
    "type": "ARMOR",
    "category": "armor",
    "name": "pair of Imperial elbow pads",
    "name_plural": "pairs of Imperial elbow pads",
    "description": "A hard pair of elbow pads made of layers of materal and a hard outer shell.",
    "weight": 110,
    "volume": 3,
    "price": 35000,
    "to_hit": 1,
    "material": [ "steel", "cotton", "kevlar" ],
    "symbol": "[",
    "color": "dark_gray",
    "covers": [ "ARMS" ],
    "coverage": 30,
    "material_thickness": 8,
    "flags": [ "WATER_FRIENDLY", "BELTED" , "STURDY" , "VARSIZE"]
	},
	{
	"id": "ig_leg_pads",
    "type": "ARMOR",
    "category": "armor",
    "name": "pair of Imperial leg guards.",
    "name_plural": "pairs of Imperial leg guards",
	"looks_like": "pants_leather",
    "description": "A pair of hard leg guards with a styalised 'IG' on the right knee.",
    "weight": 150,
    "volume": 4,
    "price": 41000,
    "to_hit": 1,
    "material": [ "steel", "cotton", "kevlar" ],
    "symbol": "[",
    "color": "dark_gray",
    "covers": [ "LEGS" ],
    "coverage": 40,
    "material_thickness": 8,
    "flags": [ "WATER_FRIENDLY", "BELTED" , "STURDY" , "VARSIZE"]
	}
]
