[
	{
    "id": "IG_jmpsuit",
    "type": "ARMOR",
    "name": "Imperial Guard Jumpsuit",
    "description": "A light jumpsuit with camouflage dye and a label reading 'Imperial Guard'.  Very easy to move in while providing some small protection.",
    "weight": 70,
    "volume": 3,
    "price": 15000,
    "material": [ "cotton" ],
    "symbol": "[",
    "color": "green",
    "covers": [ "TORSO" , "ARMS" , "LEGS"],
    "coverage": 90,
    "material_thickness": 2,
    "flags": [ "VARSIZE", "WATER_FRIENDLY", "SKINTIGHT" , "STURDY"]
	},
	{
    "id": "comm_hat",
    "type": "ARMOR",
    "category": "armor",
    "name": "Comisar's hat",
    "description": "A black, wide, flat-top hat, in the style of an admerals hat but with a golden two-headded eagle on the front. On the inside brim is scratched 'hat-chan'.",
    "weight": 800,
    "volume": 4,
    "price": 2500000,
    "to_hit": -8,
    "bashing": 0,
    "material": [ "leather", "gold" ],
    "symbol": "^",
    "color": "grey",
    "covers": [ "HEAD" ],
    "coverage": 50,
    "encumbrance": 4,
    "storage": 0,
    "warmth": 6,
    "material_thickness": 2,
    "environmental_protection": 1,
    "flags": [ "VARSIZE", "STURDY", "SKINTIGHT", "HELMET_COMPAT", "PARTIAL_DEAF"]
	},
	{
    "id": "comm_cloak",
    "type": "ARMOR",
    "category": "armor",
    "name": "Comisars cloak",
    "description": "A thick cloak with some pockets on the inside. Made of a very sturdy, thick woven fabric. Several pins decorate the folded coller with a styalised 'IG' on the left brest and on the right, the words 'ad imperatorem'",
	"looks_like": "jacket_leather",
    "weight": 8000,
    "volume": 20,
    "price": 2500000,
    "to_hit": -8,
    "bashing": 0,
    "material": [ "leather", "kevlar", "steel" ],
    "symbol": "[",
    "color": "grey",
    "covers": [ "TORSO", "ARMS" ],
    "coverage": 75,
    "encumbrance": 8,
    "storage": 5,
    "warmth": 24,
    "material_thickness": 8,
    "environmental_protection": 1,
    "flags": [ "VARSIZE", "POCKETS", "STURDY", "WATER_FRIENDLY"]
	}
]