[{
  "id": "grave_memories",
  "type": "item_group",
  "items": [
   ["vamp_book1", 2],
   ["vamp_book2", 2],
   ["vamp_book3", 2],
   ["vamp_book4", 2],
   ["vamp_book5", 2],
   ["vamp_book6", 2],
   ["barrette", 5],
   ["boots_combat", 10],
   ["cassock", 1],
   ["child_book", 5],
   ["fancy_sunglasses", 5],
   ["flask_hip", 5],
   ["jedi_cloak", 1],
   ["jersey", 1],
   ["kittel", 1],
   ["kufi", 1],
   ["kippah", 1],
   ["locket", 10],
   ["long_glove_white", 1],
   ["necklace", 1],
   ["photo_album", 15],
   ["ref_lighter", 5],
   ["ring", 10],
   ["roadmap", 3],
   ["spray_can", 5],
   ["story_book", 5],
   ["syringe", 3],
   ["tall_tales", 5],
   ["teddy", 15],
   ["teleumbrella", 2],
   ["thawb", 1],
   ["umbrella", 10],
   ["many_years_old_newspaper", 2],
   ["years_old_newspaper", 5],
   ["one_year_old_newspaper", 4],
   ["months_old_newspaper", 3],
   ["weeks_old_newspaper", 3],
   ["newest_newspaper", 1],
   ["survnote", 3],
   ["cig_butt", 5],
   ["cigar_butt", 10]
  ]
 }, {
  "type": "item_group",
  "id": "vampfashion",
  "items": [
   ["vamp_darkfashion1", 10]
  ]
 }, {
  "type": "item_group",
  "id": "vampupgrade",
  "items": [
   ["vamp_upgradebook1", 10]
  ]
 }, {
  "type": "item_group",
  "id": "vampgunner",
  "items": [
   ["vamp_gunner1", 10]
  ]
 }
]
