[
  {
    "type": "AMMO",
    "id": "alien_energy",
    "category": "spare_parts",
    "name": "异界结晶",
	"name_plural": "异界结晶",
	"looks_like": "diamond",
    "symbol": "*",
    "color": "white",
    "description": "来自异界、成分不明的白色结晶，可用于修理异界装备。",
    "material": "alien_material",
    "volume": 1,
    "weight": 200,
    "ammo_type": "NULL",
    "count": 1,
	"stack_size" : 3
  },
  {
    "type": "AMMO",
    "id": "alien_energy_part",
    "category": "spare_parts",
    "name": "异界结晶碎片",
	"name_plural": "异界结晶碎片",
	"looks_like": "material_niter",
    "symbol": "*",
    "color": "white",
    "description": "异界生物融化时留下的白色结晶碎片，可合成为一整块异界结晶。",
    "material": "alien_material",
    "volume": 1,
    "weight": 50,
    "ammo_type": "NULL",
    "count": 1,
	"stack_size" : 12
  },
  {
    "id": "alien_energy_liquid",
    "type": "AMMO",
    "name": "液态异界能源",
	"name_plural": "液态异界能源",
	"looks_like": "chem_ethanol",
    "description": "用异界结晶炼化出的液态能源，可为异界装备提供充能。",
    "category": "fuel",
    "weight": 40,
    "volume": "50ml",
    "count": 5,
    "stack_size": 10,
    "phase": "liquid",
    "container": "henshin_box",
    "material": "alien_material",
    "symbol": "~",
    "color": "white",
    "ammo_type": "alien_energy"
  }
]
