[
	{
		"type":"BOOK",
		"id":"henshin_book",
		"name":"异界纪录",
		"name_plural": "异界纪录",
		"description":"一本写满了奇异文字的书，只有当你集中精力的时候才能勉强读懂其中的意思。",
		"weight":150,
		"volume":1,
		"price":0,
		"material":"paper",
		"symbol":"?",
		"color":"blue",
		"skill":"fabrication",
		"required_level":5,
		"max_level":8,
		"intelligence":12,
		"time":30
	},
	{
		"id":"manual_henshin",
		"copy_from":"book_martial",
		"type":"BOOK",
		"name":"假面骑士列传",
		"name_plural": "假面骑士列传",
		"description":"记载有在异界背负“假面骑士”之名者的英雄事迹的手抄本，从中可参悟出异界骑士们所使用的战斗技巧。",
		"symbol":"?",
		"color":"red",
		"material":["paper"],
		"weight":70,
		"volume":1,
		"price":0,
		"intelligence":10,
		"time":30,
		"use_action":"MA_MANUAL"
	}
]