[
  {
    "type": "profession",
    "ident": "Loster",
    "name": { "male": "记忆丧失者", "female": "记忆丧失女" },
    "description": "你睁开眼睛，发现自己正“一丝不挂”地站在毫无印象的地方。你感觉自己忘记了非常重要的事情，不过如今那些都不再重要了。对现在的你来说，最重要的使命只有活下来。",
    "points": 0,
    "items": { 
	  "both": [ 
		"henshin_belt_false"
	  ]
	}
  },{
    "type": "profession",
    "ident": "Loster_true",
    "name": { "male": "一无所有者", "female": "一无所有女" },
    "description": "意识恢复过来，你发现自己身上连块遮羞布都没有。来到这里前的记忆暧昧不清，但你清楚现在不是回忆往事的时候。看，那些没死透的家伙正打算让你也成为他们中的一员。",
    "points": -3,
	"items": { 
	  "both": [  ]
	},
    "flags": [ "SCEN_ONLY" ]
  }
]
