[
	{
    "id": "rare",
    "type": "item_group",
    "items": [
	  [ "henshin_belt_false", 9]
    ]
    },{
    "id": "nanofab_recipes",
    "type": "item_group",
    "items": [
	  [ "henshin_belt_false", 9]
    ]
    },{
    "id": "vault",
    "type": "item_group",
    "items": [
	  [ "henshin_belt_false", 1]
    ]
    },{
    "id": "standing_stones_accident",
    "type": "item_group",
    "subtype": "collection",
    "items": [
	  [ "henshin_belt_false", 1]
    ]
    },{
    "type" : "item_group",
    "id" : "teleport",
    "items":[
	  ["henshin_belt_false", 2]
    ]
  },{
    "type" : "item_group",
    "id" : "cavern",
    "items":[
	  ["henshin_belt_false", 1]
    ]
  },{
    "type" : "item_group",
    "id" : "science",
    "items":[
	  ["henshin_belt_false", 1]
    ]
  },{
    "type"  : "item_group",
    "id"    : "antique_rare",
    "items" : [
	  ["henshin_belt_false", 1]
    ]
  }
]