[
	{
		"type": "martial_art",
		"id": "style_henshin",
		"name": "骑士战法",
		"description": "异界的骑士所使用的独特战斗技巧，会根据使用者的全属性均衡提高各方面能力，以过载异界武器为媒介时更能施展威力极强的超必杀。",
		"arm_block": 2,
		"leg_block": 3,
			"static_buffs":[
				{
					"id":"henshin_stationary_buff_unarmed",
					"name":"骑士不死于徒手",
					"description":"敏捷加成闪避和速度",
					"unarmed_allowed":true,
					"min_unarmed": 0,
					"flat_bonuses":[
						["movecost","dex",-0.3],
						["dodge","dex",0.3]
					]
				},{
					"id":"henshin_stationary_buff_melee",
					"name":"骑士精神",
					"description":"力量加成招架和速度",
					"melee_allowed" : true,
					"min_unarmed":0,
					"flat_bonuses":[
						["movecost","str",-0.3],
						["block","str",0.3]
					]
				}
			],
			"onmove_buffs":[
				{
					"id":"henshin_move_buff",
					"name":"骑士步法",
					"description":"每次移动都能略微提高你的钝击伤害，并减少行动点数消耗",
					"unarmed_allowed" : true,
					"melee_allowed" : true,
					"min_unarmed":2,
					"buff_duration":4,
					"max_stacks":4,
					"flat_bonuses":[
						["damage","bash",1],
						["movecost",-3.0]
					]
				}
			],
			"onhit_buffs" : [
				{
					"id" : "henshin_attack_buff",
					"name" : "骑士连击",
					"description" : "每次命中都能提高你的钝击伤害，并略微减少行动点数消耗",
					"unarmed_allowed" : true,
					"melee_allowed" : true,
					"min_unarmed":2,
					"buff_duration":4,
					"max_stacks":4,
					"flat_bonuses":[
						["damage","bash",3],
						["movecost",-1.0]
					]
				}
			],
			"ondodge_buffs":[
			{
				"id":"henshin_dodge_buff",
				"name":"骑士反击",
				"description":"你灵活地闪避开敌人的攻击，抢占进攻先机，智力和感知加成钝击伤害",
				"unarmed_allowed" : true,
				"min_unarmed":3,
				"buff_duration":2,
				"flat_bonuses":[
					["damage","bash","int",0.3],
					["damage","bash","per",0.3]
				]
			}
			],
			"techniques":[
				"tec_rider_feint",
				
				"tec_rider_punch",
				"tec_rider_punch_2",
				"tec_rider_swing",
				"tec_rider_swing_2",
				"tec_rider_sweep",
				"tec_rider_kick",
				"tec_rider_back_kick",
			
				"tec_rider_punch_od",
				"tec_rider_kick_od",
				"tec_rider_sweep_od",
				"tec_rider_spin_od",
				"tec_rider_finish_punch",
				"tec_rider_finish_time",
				"tec_rider_counter_block",
				"tec_rider_counter_dodge"
			],
			"weapons":[
				"henshin_power_knuckles_overdrive"
			]
	}
]