[
  {
    "id": "darksword",
    "type": "GENERIC",
    "name": "黑暗剑",
	"name_plural": "黑暗剑",
    "description": "这里什么也没有，但你确信这里有着什么。这把武器并不存在，因此它无法被破坏。当然，你也无法用不存在的东西进行格挡。",
    "weight": 0,
    "volume": 0,
	"to_hit": 3,
    "cutting": 9,
    "symbol": " ",
    "color": "dark_gray",
    "flags": [ "UNBREAKABLE_MELEE", "UNARMED_WEAPON" ]
  },{
    "id": "henshin_power_knuckles",
	"type": "TOOL",
	"category": "weapons",
    "symbol": "]",
    "color": "light_gray",
	"name": "异界动能装置",
	"name_plural": "异界动能装置",
	"looks_like": "cestus",
    "description": "异界能源驱动的动能装置，能够作为拳套使用也能够装至腿部输送能量提高腿力。平时的性能低下，但一旦启动过载模式将拥有毁灭性的破坏力。",
    "material": "alien_material",
    "volume": 3,
    "weight": 1150,
	"to_hit": 2,
    "bashing": 25,
	"techniques": [ "WBLOCK_1" ],
	"max_charges": 30,
	"charges_per_use": 10,
	"ammo": "alien_energy",
	"use_action": [
	{
        "menu_text": "过载",
		"type": "transform",
        "target": "henshin_power_knuckles_overdrive",
		"active":true,
        "msg": "你启动过载模式，将能源出力提升至极限。",
        "need_charges": 20,
        "need_charges_msg": "充能不足，无法激活动力拳套。"
    }
	],
	"artifact_data": {
	   "charge_type": "ARTC_TIME"
    },
    "flags": [ "NO_UNLOAD", "UNARMED_WEAPON", "TRADER_AVOID" ]
  },{
    "id": "henshin_power_knuckles_overdrive",
	"type": "TOOL",
	"category": "weapons",
    "symbol": "]",
    "color": "red",
	"name": "异界动能装置（过载）",
	"name_plural": "异界动能装置（过载）",
	"looks_like": "cestus",
    "description": "开启过载模式的动能装置，流动于装置上的红色液态能量肉眼可见。",
    "material": "alien_material",
    "volume": 3,
    "weight": 1150,
	"to_hit": 4,
    "bashing": 200,
	"cutting": 50,
	"techniques": [ "WBLOCK_1" ],
	"max_charges": 30,
	"charges_per_use": 10,
    "turns_per_charge": 1,
	"ammo": "alien_energy",
	"revert_to": "henshin_power_knuckles",
	"use_action": [
	{
        "menu_text": "关闭",
        "type": "transform",
		"active":false,
        "msg": "你关闭过载模式，使能源出力回到正常水平。",
		"target": "henshin_power_knuckles"
    }
	],
	"artifact_data": {
	   "effects_wielded": [ "AEP_EVIL" ],
	   "charge_type": "ARTC_TIME"
    },
    "flags": [ "NO_UNLOAD", "LIGHT_4", "TRADER_AVOID" ]
  }
]
