[
	{
		"id": "VAMP_carry_stab",
		"type": "item_group",
		"subtype": "collection",
		"entries": [
			{
				"distribution": [
					{
						"item": "estoc",
						"prob": 10
					},
					{
						"item": "bowling_axe",
						"prob": 15
					},
					{
						"item": "spear_rebar",
						"prob": 30
					}
				]
			}
		]
	},
	{
		"id": "VAMP_carry_bash",
		"type": "item_group",
		"subtype": "collection",
		"entries": [
			{
				"distribution": [
					{
						"item": "morningstar",
						"prob": 10
					},
					{
						"item": "bat_metal",
						"prob": 15
					},
					{
						"item": "bat",
						"prob": 30
					}
				]
			}
		]
	},
	{
		"id": "VAMP_carry_cut",
		"type": "item_group",
		"subtype": "collection",
		"entries": [
			{
				"distribution": [
					{
						"item": "longsword",
						"prob": 10
					},
					{
						"item": "arming_sword_inferior",
						"prob": 15
					},
					{
						"item": "knuckle_katar",
						"prob": 30
					}
				]
			}
		]
	},
	{
		"//": "Weapons wielded by NPCs, melee only.",
		"id": "VAMP_wielded_weapon",
		"type": "item_group",
		"subtype": "collection",
		"entries": [
			{
				"distribution": [
					{
						"group": "VAMP_carry_stab",
						"prob": 20
					},
					{
						"group": "VAMP_carry_bash",
						"prob": 20
					},
					{
						"group": "VAMP_carry_cut",
						"prob": 20
					}
				]
			}
		]
	},
	{
		"id": "VAMP_UNDERCOMMANDO_wielded_weapon",
		"type": "item_group",
		"subtype": "collection",
		"entries": [
			{
				"item": "b11_striker"
			}
		]
	},
	{
		"id": "VAMP_GUNSHOP_wielded_weapon",
		"type": "item_group",
		"subtype": "collection",
		"entries": [
			{
				"distribution": [
					{
						"item": "blood_sprayer",
						"prob": 70
					},
					{
						"item": "blood_stinger",
						"prob": 10
					},
					{
						"item": "blood_stream_shooter",
						"prob": 20
					}
				]
			}
		]
	},
	{
		"id": "HUMAN_WASTELAND_weapon",
		"type": "item_group",
		"subtype": "distribution",
		"entries": [
			{
				"group": "HUMAN_WASTELAND_carry_stab",
				"prob": 40
			},
			{
				"group": "HUMAN_WASTELAND_carry_cut",
				"prob": 20
			},
			{
				"group": "HUMAN_WASTELAND_carry_bash",
				"prob": 40
			}
		]
	},
	{
		"id": "HUMAN_WASTELAND_carry_stab",
		"type": "item_group",
		"subtype": "collection",
		"entries": [
			{
				"distribution": [
					{
						"item": "estoc",
						"prob": 10
					},
					{
						"item": "bowling_axe",
						"prob": 15
					},
					{
						"item": "spear_rebar",
						"prob": 30
					}
				]
			}
		]
	},
	{
		"id": "HUMAN_WASTELAND_carry_bash",
		"type": "item_group",
		"subtype": "collection",
		"entries": [
			{
				"distribution": [
					{
						"item": "morningstar",
						"prob": 10
					},
					{
						"item": "bat_metal",
						"prob": 15
					},
					{
						"item": "bat",
						"prob": 30
					}
				]
			}
		]
	},
	{
		"id": "HUMAN_WASTELAND_carry_cut",
		"type": "item_group",
		"subtype": "collection",
		"entries": [
			{
				"distribution": [
					{
						"item": "longsword",
						"prob": 10
					},
					{
						"item": "arming_sword_inferior",
						"prob": 15
					},
					{
						"item": "knuckle_katar",
						"prob": 30
					}
				]
			}
		]
	}
]