[{
  "//": "Common carried items.",
  "id": "VAMP_carry",
  "type": "item_group",
  "subtype": "collection",
  "entries": [{
    "item": "blood",
    "container-item": "waterskin"
   }
  ]
 }, {
  "id": "VAMP_UNDERCOMMANDO_carry",
  "type": "item_group",
  "subtype": "collection",
  "entries": [{
    "item": "blood",
    "container-item": "waterskin"
   }, {
    "item": "bloodshot_00",
    "count": [20, 30]
   }
  ]
 }, {
  "id": "VAMP_GUNSHOP_carry",
  "type": "item_group",
  "subtype": "collection",
  "entries": [{
    "item": "blood",
    "container-item": "waterskin"
   }, {
    "distribution":
    [{
      "item": "bloodypressure",
      "prob": 70,
      "container-item": "jug_plastic",
      "charges": [5, 15]
     }, {
      "item": "bloodyinfect",
      "prob": 30,
      "container-item": "jug_plastic",
      "charges": [5, 15]
     }
    ]
   }
  ]
 }
]
