[{
  "type": "effect_type",
  "id": "leechpoison",
  "name": [
   "abominable leech poison"
  ],
  "int_add_val": 1,
  "max_intensity": 10,
  "resist_trait": ["POISRESIST"],
  "base_mods": {
   "per_mod": [-2],
   "dex_mod": [-1],
   "str_mod": [-1],
   "int_mod": [-3],
   "speed_mod": [-5]
  },
  "scaling_mods": {
   "per_mod": [-1, 0],
   "dex_mod": [-1, -0.75],
   "str_mod": [-1, -0.5],
   "int_mod": [-2, -1],
   "speed_mod": [-15]
  }
 }, {
  "type": "effect_type",
  "id": "leechvenom",
  "name": [
   "venomous leech poison"
  ],
  "int_add_val": 1,
  "max_intensity": 15,
  "resist_trait": ["POISRESIST"],
  "base_mods": {
   "per_mod": [-4],
   "dex_mod": [-2],
   "str_mod": [-2],
   "int_mod": [-5],
   "speed_mod": [-15]
  },
  "scaling_mods": {
   "per_mod": [-1, -0.25],
   "dex_mod": [-1],
   "str_mod": [-2, 0],
   "int_mod": [-4, -2.5],
   "speed_mod": [-15]
  }
 }
]
