[{
  "id": "leechtooth",
  "type": "AMMO",
  "name": "leech tooth",
  "description": "You cheated, buddy.",
  "weight": 1,
  "volume": 1,
  "price": 0,
  "material": ["flesh"],
  "symbol": "i",
  "color": "white",
  "count": 1,
  "stack_size": 1,
  "ammo_type": "shot",
  "range": 15,
  "damage": 2,
  "recoil": 20,
  "flags": ["NOGIB"]
 }, {
  "id": "leechblood",
  "type": "AMMO",
  "name": "leech blood",
  "description": "You cheated, buddy.",
  "weight": 1,
  "volume": 1,
  "price": 0,
  "material": ["flesh"],
  "symbol": "~",
  "color": "white",
  "count": 1,
  "stack_size": 1,
  "ammo_type": "shot",
  "range": 5,
  "damage": 1,
  "recoil": 40,
  "flags": ["NOGIB"]
 }, {
  "id": "leechsharptooth",
  "type": "AMMO",
  "name": "leech sharp tooth",
  "description": "You cheated, buddy.",
  "weight": 1,
  "volume": 1,
  "price": 0,
  "material": ["flesh"],
  "symbol": "l",
  "color": "white",
  "count": 1,
  "stack_size": 1,
  "ammo_type": "shot",
  "range": 11,
  "damage": 5,
  "recoil": 200,
  "flags": ["NOGIB"]
 }
]
