[
  {
    "type" : "item_group",
    "id" : "guns_rifle_milspec",
    "//" : "Military specification rifles only ever found at military sites.",
    "items": [
	["Godwin_Bolter", 15],
	["BolterSickleMag_20", 22],
	["BolterSickleMag_25", 20],
	["BolterSickleMag_30", 18],
	["ceres_pistol", 18],
	["BoltPistolMag_9", 24],
	["75bolt", 20],
	["hellfire_bolt", 20]
    ]
  },
  {
    "type" : "item_group",
    "id" : "guns_rifle_obscure",
    "//" : "Imported or otherwise very obscure rifles.",
    "items": [
	["ceres_pistol", 5],
	["BoltPistolMag_9", 12]
    ]
  },
  {
    "type": "item_group",
    "id": "guns_milspec",
    "//": "Military specification guns of all types.",
    "items": [
	["Godwin_Bolter", 2],
	["ceres_pistol", 8]
	]
  },
  {
    "type": "item_group",
    "id": "guns_swat",
    "//": "Guns issued to paramilitary forces in addition to standard police issue.",
    "items": [
    ["Godwin_Bolter", 6],
	["MK3storm_bolter", 1],
	["75bolt", 12],
	["hellfire_bolt", 12],
	["BolterSickleMag_20", 10],
	["BolterSickleMag_25", 8],
	["BolterSickleMag_30", 5],
	["StormBolterMag_100", 2]
    ]
  }
]