[
  {
    "type": "speech",
    "speaker": "mon_molebot",
    "sound": "听起来像很多机器人蚂蚁在附近挖洞。",
    "volume": 25
  },
  {
    "type": "speech",
    "speaker": "mon_molebot",
    "sound": "你脚下传来叮当声。",
    "volume": 30
  },
  {
    "type": "speech",
    "speaker": "mon_molebot",
    "sound": "机器人的咔哒声。",
    "volume": 35
  },
  {
    "type": "speech",
    "speaker": "mon_molebot",
    "sound": "强劲的钻头在旋转。",
    "volume": 40
  },
  {
    "type": "speech",
    "speaker": "mon_molebot",
    "sound": "岩石爆炸发出的低沉声音。",
    "volume": 55
  }
]
