[
  {
    "type": "speech",
    "speaker": "mon_furvivor_smg",
    "sound": "\"帕科下次可以自己做冰毒了，我已经做完了。\"",
    "volume": 20
  },
  {
    "type": "speech",
    "speaker": "mon_furvivor_smg",
    "sound": "\"从我的口袋后面撒出来了毒品。\"",
    "volume": 20
  },
  {
    "type": "speech",
    "speaker": "mon_furvivor_smg",
    "sound": "\"砰砰砰，突突突\"",
    "volume": 15
  },
  {
    "type": "speech",
    "speaker": "mon_furvivor_smg",
    "sound": "\"哇，我在飞机上。\"",
    "volume": 25
  },
  {
    "type": "speech",
    "speaker": "mon_furvivor_smg",
    "sound": "\"你惹我的时候会怎么样？\"",
    "volume": 45
  },
  {
    "type": "speech",
    "speaker": "mon_furvivor_smg",
    "sound": "\"我告诉她，我做完了就还给她，我们不得不采取强硬手段。\"",
    "volume": 20
  },
  {
    "type": "speech",
    "speaker": "mon_furvivor_smg",
    "sound": "\"啊，抽筋了。\"",
    "volume": 20
  },
  {
    "type": "speech",
    "speaker": "mon_furvivor_smg",
    "sound": "\"我的靴子上有鹿屎!\"",
    "volume": 20
  },
  {
    "type": "speech",
    "speaker": "mon_furvivor_smg",
    "sound": "\"你看到我是怎么点燃丧尸的了吗\"",
    "volume": 20
  },
  {
    "type": "speech",
    "speaker": "mon_furvivor_smg",
    "sound": "\"嗬嗬嗬嗬\"",
    "volume": 15
  },
  {
    "type": "speech",
    "speaker": "mon_furvivor_smg",
    "sound": "\"噢~~~~~~~-\"",
    "volume": 25
  },
  {
    "type": "speech",
    "speaker": "mon_furvivor_smg",
    "sound": "\"永远不要停止。砰砰砰\"",
    "volume": 20
  },
  {
    "type": "speech",
    "speaker": "mon_furvivor_smg",
    "sound": "\"我发现了生活之中的乐趣，哈哈。\"",
    "volume": 25
  },
  {
    "type": "speech",
    "speaker": "mon_furvivor_smg",
    "sound": "\"我知道，你知道。\"",
    "volume": 20
  },
  {
    "type": "speech",
    "speaker": "mon_furvivor_smg",
    "sound": "\"观看炸弹袭击很有趣，但参与其中对我来说很重要。\"",
    "volume": 15
  },
  {
    "type": "speech",
    "speaker": "mon_furvivor_smg",
    "sound": "\"为什么这些愚蠢的昆虫会被杀死。\"",
    "volume": 20
  },
  {
    "type": "speech",
    "speaker": "mon_furvivor_smg",
    "sound": "\"我看见一个人拿着两条巨臂跑来跑去。这是有史以来最糟糕事。\"",
    "volume": 15
  }
]
