[
  {
    "type": "speech",
    "speaker": "mon_cyborg_guard",
    "sound": "\"ID-徽章未能识别，启动ID-10-T协议。\"",
    "volume": 30
  },
  {
    "type": "speech",
    "speaker": "mon_cyborg_guard",
    "sound": "\"检测到多个核心系统故障。将优先级从人员识别转移到武器控制上。\"",
    "volume": 28
  },
  {
    "type": "speech",
    "speaker": "mon_cyborg_guard",
    "sound": "\"爱丽丝，你还在吗？\"",
    "volume": 20
  },
  {
    "type": "speech",
    "speaker": "mon_cyborg_guard",
    "sound": "\"保护所有重要人员和设备。\"",
    "volume": 25
  },
  {
    "type": "speech",
    "speaker": "mon_cyborg_guard",
    "sound": "\"扫描……检测到Xenos生命模式。发现感染水平不可逆。终止迫在眉睫。\"",
    "volume": 30
  },
  {
    "type": "speech",
    "speaker": "mon_cyborg_guard",
    "sound": "\"可以在你左边的第三办公室找到译文。\"",
    "volume": 28
  },
  {
    "type": "speech",
    "speaker": "mon_cyborg_guard",
    "sound": "\"（德语：Na sniadanie dzis zjadlem dziecko jezozwierz）\"",
    "volume": 25
  },
  {
    "type": "speech",
    "speaker": "mon_cyborg_guard",
    "sound": "\"（印度语：Olen vanhentunut taman paivan vaatimuksia. Tama tekee minut surulliseksi joten aion tappaa sinut）\"",
    "volume": 30
  },
  {
    "type": "speech",
    "speaker": "mon_cyborg_guard",
    "sound": "\"我是警卫47号。我能理解74种以上的语言，并能对有威胁的敌人射击。\"",
    "volume": 30
  },
  {
    "type": "speech",
    "speaker": "mon_cyborg_guard",
    "sound": "\"我是一个警卫机器人，型号是T-1000B！序列号是467AlphaEpsilon954GammaZulu415BetaAlphaAlpha.\"",
    "volume": 30
  }
]
