[
  {
    "type": "MOD_INFO",
    "mod-type": "SUPPLEMENTAL",
    "ident": "PK_REBALANCE",
    "name": "PKs Rebalancing",
    "description": "Rebalances spawn list, adds new monsters and items, adds new buildings and fortifies old buildings, and strives to create a harsher enviornment to survive in.",
    "category": "creatures",
    "author": "pisskop",
    "version": "5.7.2eUO",
    "//": "For the CDDA Launcher Program.",
    "path": ""
  },
  {
    "type": "ITEM_BLACKLIST",
    "items": [  ]
  }
]
