[
  {
    "type": "furniture",
    "id": "f_spike",
    "name": "钩状道钉",
    "symbol": "J",
    "color": "ltgray",
    "move_cost_mod": 1.5,
    "required_str": -1,
    "flags": [ "SHARP", "NO_ITEM", "TRANSPARENT", "MOUNTABLE" ],
    "bash": {
      "str_min": 18,
      "str_max": 60,
      "sound": "smash!",
      "sound_fail": "tyyyng.",
      "items": [ { "item": "spike", "count": [ 0, 2 ] } ]
    }
  },
  {
    "type": "furniture",
    "id": "f_blade",
    "name": "固定刀片",
    "symbol": "/",
    "color": "ltgray",
    "move_cost_mod": 1.5,
    "required_str": -1,
    "flags": [ "SHARP", "TRANSPARENT", "MOUNTABLE", "ROUGH" ],
    "bash": {
      "str_min": 12,
      "str_max": 30,
      "sound": "smash!",
      "sound_fail": "tyyyng.",
      "items": [ { "item": "blade", "count": [ 1, 2 ] } ]
    }
  }
]
