[
  {
    "type": "overmap_special",
    "id": "Crater",
    "copy-from": "Crater",
    "city_distance": [ 0, -1 ],
    "occurrences": [ 0, 15 ]
  },
  {
    "type": "overmap_special",
    "id": "Lake",
    "copy-from": "Lake",
    "overmaps": [
      { "point": [ 0, 0, 0 ], "overmap": "river_center" },
      { "point": [ 0, 1, 0 ], "overmap": "river_center" },
      { "point": [ 1, 0, 0 ], "overmap": "river_center" },
      { "point": [ 1, 1, 0 ], "overmap": "river_center" }
    ],
    "locations": [ "land" ],
    "city_distance": [ 6, -1 ],
    "occurrences": [ 0, 2 ],
    "spawns": { "group": "GROUP_BOG", "population": [ 1, 10 ], "radius": [ 5, 50 ] }
  },
  {
    "type": "overmap_special",
    "id": "Cave",
    "copy-from": "Cave",
    "overmaps": [ { "point": [ 0, 0, 0 ], "overmap": "cave" } ],
    "locations": [ "land" ],
    "city_sizes": [ 4, 16 ],
    "occurrences": [ 0, 5 ],
    "rotate": false
  },
  {
    "type": "overmap_special",
    "id": "Mine Entrace",
    "copy-from": "Mine Entrace",
    "locations": [ "land" ],
    "city_distance": [ 12, -1 ],
    "city_sizes": [ 4, 16 ],
    "occurrences": [ 0, 3 ]
  },
  {
    "type": "overmap_special",
    "id": "Mine Entrace By Road",
    "overmaps": [ { "point": [ 0, 0, 0 ], "overmap": "s_lot" }, { "point": [ 0, 1, 0 ], "overmap": "mine_entrance" } ],
    "connections": [ { "point": [ 0, -1, 0 ], "terrain": "road", "existing": true } ],
    "locations": [ "land" ],
    "city_distance": [ 15, -1 ],
    "city_sizes": [ 4, 12 ],
    "occurrences": [ 1, 2 ],
    "rotate": false
  },
  {
    "type": "overmap_special",
    "id": "warehouse",
    "copy-from": "warehouse",
    "occurrences": [ 0, 4 ],
    "rotate": true
  },
  {
    "type": "overmap_special",
    "id": "Toxic Waste Dump",
    "copy-from": "Toxic Waste Dump",
    "occurrences": [ 0, 4 ],
    "spawns": { "group": "GROUP_MUTATIONS", "population": [ 25, 100 ], "radius": [ 80, 240 ] }
  },
  {
    "type": "overmap_special",
    "id": "Toxic Waste Dump Swamp",
    "overmaps": [ { "point": [ 0, 0, 0 ], "overmap": "toxic_dump" } ],
    "locations": [ "swamp" ],
    "city_distance": [ 15, -1 ],
    "city_sizes": [ 4, 12 ],
    "occurrences": [ 0, 4 ],
    "flags": [ "CLASSIC" ],
    "spawns": { "group": "GROUP_MUTATIONS", "population": [ 80, 240 ], "radius": [ 100, 300 ] }
  },
  {
    "type": "overmap_special",
    "id": "sai",
    "copy-from": "sai",
    "connections": [ { "point": [ 0, -1, 0 ], "terrain": "road", "existing": true } ],
    "locations": [ "land", "swamp" ],
    "city_distance": [ 0, 4 ],
    "occurrences": [ 0, 4 ],
    "rotate": false
  },
  {
    "type": "overmap_special",
    "id": "Gas Station",
    "copy-from": "Gas Station",
    "locations": [ "land" ],
    "city_distance": [ 12, -1 ],
    "occurrences": [ 0, 4 ]
  },
  {
    "type": "overmap_special",
    "id": "Hazardous Waste Sarcophagus",
    "copy-from": "Hazardous Waste Sarcophagus",
    "occurrences": [ 0, 1 ],
    "spawns": { "group": "GROUP_MUTATIONS", "population": [ 100, 400 ], "radius": [ 100, 400 ] }
  },
  {
    "type": "overmap_special",
    "id": "farm_abandoned",
    "copy-from": "farm_abandoned",
    "locations": [ "field" ],
    "city_distance": [ 12, -1 ],
    "city_sizes": [ 4, 12 ],
    "occurrences": [ 0, 1 ],
    "rotate": true
  },
  {
    "type": "overmap_special",
    "id": "Farm",
    "copy-from": "Farm",
    "locations": [ "land" ],
    "city_distance": [ 15, -1 ],
    "city_sizes": [ 4, 12 ],
    "occurrences": [ 0, 2 ]
  },
  {
    "type": "overmap_special",
    "id": "Farm_wild",
    "overmaps": [
      { "point": [ 0, 0, 0 ], "overmap": "farm_3_north" },
      { "point": [ 1, 0, 0 ], "overmap": "farm_2_north" },
      { "point": [ 2, 0, 0 ], "overmap": "farm_1_north" },
      { "point": [ 0, 1, 0 ], "overmap": "farm_6_north" },
      { "point": [ 1, 1, 0 ], "overmap": "farm_5_north" },
      { "point": [ 2, 1, 0 ], "overmap": "farm_4_north" },
      { "point": [ 0, 2, 0 ], "overmap": "farm_9_north" },
      { "point": [ 1, 2, 0 ], "overmap": "farm_8_north" },
      { "point": [ 2, 2, 0 ], "overmap": "farm_7_north" }
    ],
    "locations": [ "forest", "swamp" ],
    "city_distance": [ 15, -1 ],
    "city_sizes": [ 1, 12 ],
    "occurrences": [ 0, 4 ]
  },
  {
    "type": "overmap_special",
    "id": "Evac Shelter",
    "copy-from": "Evac Shelter",
    "connections": [ { "point": [ 0, -1, 0 ], "terrain": "road", "existing": true } ],
    "locations": [ "land", "swamp" ],
    "city_distance": [ 0, 16 ],
    "city_sizes": [ 4, 16 ],
    "occurrences": [ 1, 3 ],
    "rotate": false
  },
  {
    "type": "overmap_special",
    "id": "Evac Shelter Wilderness",
    "overmaps": [
      { "point": [ -1, -1, 0 ], "overmap": "shelter" },
      { "point": [ -1, -1, -1 ], "overmap": "shelter_under" },
      { "point": [ 0, 1, 0 ], "overmap": "s_lot" },
      { "point": [ -1, 1, 0 ], "overmap": "barn_old" }
    ],
    "connections": [ { "point": [ 0, 0, 0 ], "terrain": "road" } ],
    "locations": [ "wilderness" ],
    "city_distance": [ 8, -1 ],
    "city_sizes": [ 4, 16 ],
    "occurrences": [ 1, 3 ],
    "rotate": false,
    "flags": [ "CLASSIC" ]
  },
  {
    "type": "overmap_special",
    "id": "Slime Pit",
    "copy-from": "Slime Pit",
    "city_distance": [ 0, 25 ],
    "occurrences": [ 0, 6 ],
    "rotate": true,
    "spawns": { "group": "GROUP_GOO", "population": [ 125, 250 ], "radius": [ 7, 21 ] }
  },
  {
    "type": "overmap_special",
    "id": "Public Works",
    "copy-from": "Public Works",
    "city_distance": [ 1, 12 ],
    "rotate": true
  },
  {
    "type": "overmap_special",
    "id": "Necropolis",
    "copy-from": "Necropolis",
    "overmaps": [
      { "point": [ 0, 0, 0 ], "overmap": "necropolis_a_1_north" },
      { "point": [ 1, 0, 0 ], "overmap": "necropolis_a_2_north" },
      { "point": [ 2, 0, 0 ], "overmap": "necropolis_a_3_north" },
      { "point": [ 3, 0, 0 ], "overmap": "necropolis_a_4_north" },
      { "point": [ 4, 0, 0 ], "overmap": "necropolis_a_5_north" },
      { "point": [ 5, 0, 0 ], "overmap": "necropolis_a_6_north" },
      { "point": [ 6, 0, 0 ], "overmap": "necropolis_a_7_north" },
      { "point": [ 7, 0, 0 ], "overmap": "necropolis_a_8_north" },
      { "point": [ 8, 0, 0 ], "overmap": "necropolis_a_9_north" },
      { "point": [ 0, 1, 0 ], "overmap": "necropolis_a_10_north" },
      { "point": [ 1, 1, 0 ], "overmap": "necropolis_a_11_north" },
      { "point": [ 2, 1, 0 ], "overmap": "necropolis_a_12_north" },
      { "point": [ 3, 1, 0 ], "overmap": "necropolis_a_13_north" },
      { "point": [ 4, 1, 0 ], "overmap": "necropolis_a_14_north" },
      { "point": [ 5, 1, 0 ], "overmap": "necropolis_a_15_north" },
      { "point": [ 6, 1, 0 ], "overmap": "necropolis_a_16_north" },
      { "point": [ 7, 1, 0 ], "overmap": "necropolis_a_17_north" },
      { "point": [ 8, 1, 0 ], "overmap": "necropolis_a_18_north" },
      { "point": [ 0, 2, 0 ], "overmap": "necropolis_a_19_north" },
      { "point": [ 1, 2, 0 ], "overmap": "necropolis_a_20_north" },
      { "point": [ 2, 2, 0 ], "overmap": "necropolis_a_21_north" },
      { "point": [ 3, 2, 0 ], "overmap": "necropolis_a_22_north" },
      { "point": [ 4, 2, 0 ], "overmap": "necropolis_a_23_north" },
      { "point": [ 5, 2, 0 ], "overmap": "necropolis_a_24_north" },
      { "point": [ 6, 2, 0 ], "overmap": "necropolis_a_25_north" },
      { "point": [ 7, 2, 0 ], "overmap": "necropolis_a_26_north" },
      { "point": [ 8, 2, 0 ], "overmap": "necropolis_a_27_north" },
      { "point": [ 0, 3, 0 ], "overmap": "necropolis_a_28_north" },
      { "point": [ 1, 3, 0 ], "overmap": "necropolis_a_29_north" },
      { "point": [ 2, 3, 0 ], "overmap": "necropolis_a_30_north" },
      { "point": [ 3, 3, 0 ], "overmap": "necropolis_a_31_north" },
      { "point": [ 4, 3, 0 ], "overmap": "necropolis_a_32_north" },
      { "point": [ 5, 3, 0 ], "overmap": "necropolis_a_33_north" },
      { "point": [ 6, 3, 0 ], "overmap": "necropolis_a_34_north" },
      { "point": [ 7, 3, 0 ], "overmap": "necropolis_a_35_north" },
      { "point": [ 8, 3, 0 ], "overmap": "necropolis_a_36_north" },
      { "point": [ 0, 4, 0 ], "overmap": "necropolis_a_37_north" },
      { "point": [ 1, 4, 0 ], "overmap": "necropolis_a_38_north" },
      { "point": [ 2, 4, 0 ], "overmap": "necropolis_a_39_north" },
      { "point": [ 3, 4, 0 ], "overmap": "necropolis_a_40_north" },
      { "point": [ 4, 4, 0 ], "overmap": "necropolis_a_41_north" },
      { "point": [ 5, 4, 0 ], "overmap": "necropolis_a_42_north" },
      { "point": [ 6, 4, 0 ], "overmap": "necropolis_a_43_north" },
      { "point": [ 7, 4, 0 ], "overmap": "necropolis_a_44_north" },
      { "point": [ 8, 4, 0 ], "overmap": "necropolis_a_45_north" },
      { "point": [ 0, 5, 0 ], "overmap": "necropolis_a_46_north" },
      { "point": [ 1, 5, 0 ], "overmap": "necropolis_a_47_north" },
      { "point": [ 2, 5, 0 ], "overmap": "necropolis_a_48_north" },
      { "point": [ 3, 5, 0 ], "overmap": "necropolis_a_49_north" },
      { "point": [ 4, 5, 0 ], "overmap": "necropolis_a_50_north" },
      { "point": [ 5, 5, 0 ], "overmap": "necropolis_a_51_north" },
      { "point": [ 6, 5, 0 ], "overmap": "necropolis_a_52_north" },
      { "point": [ 7, 5, 0 ], "overmap": "necropolis_a_53_north" },
      { "point": [ 8, 5, 0 ], "overmap": "necropolis_a_54_north" },
      { "point": [ 0, 6, 0 ], "overmap": "necropolis_a_55_north" },
      { "point": [ 1, 6, 0 ], "overmap": "necropolis_a_56_north" },
      { "point": [ 2, 6, 0 ], "overmap": "necropolis_a_57_north" },
      { "point": [ 3, 6, 0 ], "overmap": "necropolis_a_58_north" },
      { "point": [ 4, 6, 0 ], "overmap": "necropolis_a_59_north" },
      { "point": [ 5, 6, 0 ], "overmap": "necropolis_a_60_north" },
      { "point": [ 6, 6, 0 ], "overmap": "necropolis_a_61_north" },
      { "point": [ 7, 6, 0 ], "overmap": "necropolis_a_62_north" },
      { "point": [ 8, 6, 0 ], "overmap": "necropolis_a_63_north" },
      { "point": [ 0, 7, 0 ], "overmap": "necropolis_a_64_north" },
      { "point": [ 1, 7, 0 ], "overmap": "necropolis_a_65_north" },
      { "point": [ 2, 7, 0 ], "overmap": "necropolis_a_66_north" },
      { "point": [ 3, 7, 0 ], "overmap": "necropolis_a_67_north" },
      { "point": [ 4, 7, 0 ], "overmap": "necropolis_a_68_north" },
      { "point": [ 5, 7, 0 ], "overmap": "necropolis_a_69_north" },
      { "point": [ 6, 7, 0 ], "overmap": "necropolis_a_70_north" },
      { "point": [ 7, 7, 0 ], "overmap": "necropolis_a_71_north" },
      { "point": [ 8, 7, 0 ], "overmap": "necropolis_a_72_north" },
      { "point": [ 0, 8, 0 ], "overmap": "necropolis_a_73_north" },
      { "point": [ 1, 8, 0 ], "overmap": "necropolis_a_74_north" },
      { "point": [ 2, 8, 0 ], "overmap": "necropolis_a_75_north" },
      { "point": [ 3, 8, 0 ], "overmap": "necropolis_a_76_north" },
      { "point": [ 4, 8, 0 ], "overmap": "necropolis_a_77_north" },
      { "point": [ 5, 8, 0 ], "overmap": "necropolis_a_78_north" },
      { "point": [ 6, 8, 0 ], "overmap": "necropolis_a_79_north" },
      { "point": [ 7, 8, 0 ], "overmap": "necropolis_a_80_north" },
      { "point": [ 8, 8, 0 ], "overmap": "necropolis_a_81_north" },
      { "point": [ 0, 0, -1 ], "overmap": "necropolis_b_1_north" },
      { "point": [ 1, 0, -1 ], "overmap": "necropolis_b_2_north" },
      { "point": [ 2, 0, -1 ], "overmap": "necropolis_b_3_north" },
      { "point": [ 3, 0, -1 ], "overmap": "necropolis_b_4_north" },
      { "point": [ 4, 0, -1 ], "overmap": "necropolis_b_5_north" },
      { "point": [ 5, 0, -1 ], "overmap": "necropolis_b_6_north" },
      { "point": [ 6, 0, -1 ], "overmap": "necropolis_b_7_north" },
      { "point": [ 7, 0, -1 ], "overmap": "necropolis_b_8_north" },
      { "point": [ 8, 0, -1 ], "overmap": "necropolis_b_9_north" },
      { "point": [ 0, 1, -1 ], "overmap": "necropolis_b_10_north" },
      { "point": [ 1, 1, -1 ], "overmap": "necropolis_b_11_north" },
      { "point": [ 2, 1, -1 ], "overmap": "necropolis_b_12_north" },
      { "point": [ 3, 1, -1 ], "overmap": "necropolis_b_13_north" },
      { "point": [ 4, 1, -1 ], "overmap": "necropolis_b_14_north" },
      { "point": [ 5, 1, -1 ], "overmap": "necropolis_b_15_north" },
      { "point": [ 6, 1, -1 ], "overmap": "necropolis_b_16_north" },
      { "point": [ 7, 1, -1 ], "overmap": "necropolis_b_17_north" },
      { "point": [ 8, 1, -1 ], "overmap": "necropolis_b_18_north" },
      { "point": [ 0, 2, -1 ], "overmap": "necropolis_b_19_north" },
      { "point": [ 1, 2, -1 ], "overmap": "necropolis_b_20_north" },
      { "point": [ 2, 2, -1 ], "overmap": "necropolis_b_21_north" },
      { "point": [ 3, 2, -1 ], "overmap": "necropolis_b_22_north" },
      { "point": [ 4, 2, -1 ], "overmap": "necropolis_b_23_north" },
      { "point": [ 5, 2, -1 ], "overmap": "necropolis_b_24_north" },
      { "point": [ 6, 2, -1 ], "overmap": "necropolis_b_25_north" },
      { "point": [ 7, 2, -1 ], "overmap": "necropolis_b_26_north" },
      { "point": [ 8, 2, -1 ], "overmap": "necropolis_b_27_north" },
      { "point": [ 0, 3, -1 ], "overmap": "necropolis_b_28_north" },
      { "point": [ 1, 3, -1 ], "overmap": "necropolis_b_29_north" },
      { "point": [ 2, 3, -1 ], "overmap": "necropolis_b_30_north" },
      { "point": [ 3, 3, -1 ], "overmap": "necropolis_b_31_north" },
      { "point": [ 4, 3, -1 ], "overmap": "necropolis_b_32_north" },
      { "point": [ 5, 3, -1 ], "overmap": "necropolis_b_33_north" },
      { "point": [ 6, 3, -1 ], "overmap": "necropolis_b_34_north" },
      { "point": [ 7, 3, -1 ], "overmap": "necropolis_b_35_north" },
      { "point": [ 8, 3, -1 ], "overmap": "necropolis_b_36_north" },
      { "point": [ 0, 4, -1 ], "overmap": "necropolis_b_37_north" },
      { "point": [ 1, 4, -1 ], "overmap": "necropolis_b_38_north" },
      { "point": [ 2, 4, -1 ], "overmap": "necropolis_b_39_north" },
      { "point": [ 3, 4, -1 ], "overmap": "necropolis_b_40_north" },
      { "point": [ 4, 4, -1 ], "overmap": "necropolis_b_41_north" },
      { "point": [ 5, 4, -1 ], "overmap": "necropolis_b_42_north" },
      { "point": [ 6, 4, -1 ], "overmap": "necropolis_b_43_north" },
      { "point": [ 7, 4, -1 ], "overmap": "necropolis_b_44_north" },
      { "point": [ 8, 4, -1 ], "overmap": "necropolis_b_45_north" },
      { "point": [ 0, 5, -1 ], "overmap": "necropolis_b_46_north" },
      { "point": [ 1, 5, -1 ], "overmap": "necropolis_b_47_north" },
      { "point": [ 2, 5, -1 ], "overmap": "necropolis_b_48_north" },
      { "point": [ 3, 5, -1 ], "overmap": "necropolis_b_49_north" },
      { "point": [ 4, 5, -1 ], "overmap": "necropolis_b_50_north" },
      { "point": [ 5, 5, -1 ], "overmap": "necropolis_b_51_north" },
      { "point": [ 6, 5, -1 ], "overmap": "necropolis_b_52_north" },
      { "point": [ 7, 5, -1 ], "overmap": "necropolis_b_53_north" },
      { "point": [ 8, 5, -1 ], "overmap": "necropolis_b_54_north" },
      { "point": [ 0, 6, -1 ], "overmap": "necropolis_b_55_north" },
      { "point": [ 1, 6, -1 ], "overmap": "necropolis_b_56_north" },
      { "point": [ 2, 6, -1 ], "overmap": "necropolis_b_57_north" },
      { "point": [ 3, 6, -1 ], "overmap": "necropolis_b_58_north" },
      { "point": [ 4, 6, -1 ], "overmap": "necropolis_b_59_north" },
      { "point": [ 5, 6, -1 ], "overmap": "necropolis_b_60_north" },
      { "point": [ 6, 6, -1 ], "overmap": "necropolis_b_61_north" },
      { "point": [ 7, 6, -1 ], "overmap": "necropolis_b_62_north" },
      { "point": [ 8, 6, -1 ], "overmap": "necropolis_b_63_north" },
      { "point": [ 0, 7, -1 ], "overmap": "necropolis_b_64_north" },
      { "point": [ 1, 7, -1 ], "overmap": "necropolis_b_65_north" },
      { "point": [ 2, 7, -1 ], "overmap": "necropolis_b_66_north" },
      { "point": [ 3, 7, -1 ], "overmap": "necropolis_b_67_north" },
      { "point": [ 4, 7, -1 ], "overmap": "necropolis_b_68_north" },
      { "point": [ 5, 7, -1 ], "overmap": "necropolis_b_69_north" },
      { "point": [ 6, 7, -1 ], "overmap": "necropolis_b_70_north" },
      { "point": [ 7, 7, -1 ], "overmap": "necropolis_b_71_north" },
      { "point": [ 8, 7, -1 ], "overmap": "necropolis_b_72_north" },
      { "point": [ 0, 8, -1 ], "overmap": "necropolis_b_73_north" },
      { "point": [ 1, 8, -1 ], "overmap": "necropolis_b_74_north" },
      { "point": [ 2, 8, -1 ], "overmap": "necropolis_b_75_north" },
      { "point": [ 3, 8, -1 ], "overmap": "necropolis_b_76_north" },
      { "point": [ 4, 8, -1 ], "overmap": "necropolis_b_77_north" },
      { "point": [ 5, 8, -1 ], "overmap": "necropolis_b_78_north" },
      { "point": [ 6, 8, -1 ], "overmap": "necropolis_b_79_north" },
      { "point": [ 7, 8, -1 ], "overmap": "necropolis_b_80_north" },
      { "point": [ 8, 8, -1 ], "overmap": "necropolis_b_81_north" },
      { "point": [ 0, 0, -2 ], "overmap": "necropolis_c_1_north" },
      { "point": [ 1, 0, -2 ], "overmap": "necropolis_c_2_north" },
      { "point": [ 2, 0, -2 ], "overmap": "necropolis_c_3_north" },
      { "point": [ 3, 0, -2 ], "overmap": "necropolis_c_4_north" },
      { "point": [ 4, 0, -2 ], "overmap": "necropolis_c_5_north" },
      { "point": [ 5, 0, -2 ], "overmap": "necropolis_c_6_north" },
      { "point": [ 6, 0, -2 ], "overmap": "necropolis_c_7_north" },
      { "point": [ 7, 0, -2 ], "overmap": "necropolis_c_8_north" },
      { "point": [ 8, 0, -2 ], "overmap": "necropolis_c_9_north" },
      { "point": [ 0, 1, -2 ], "overmap": "necropolis_c_10_north" },
      { "point": [ 1, 1, -2 ], "overmap": "necropolis_c_11_north" },
      { "point": [ 2, 1, -2 ], "overmap": "necropolis_c_12_north" },
      { "point": [ 3, 1, -2 ], "overmap": "necropolis_c_13_north" },
      { "point": [ 4, 1, -2 ], "overmap": "necropolis_c_14_north" },
      { "point": [ 5, 1, -2 ], "overmap": "necropolis_c_15_north" },
      { "point": [ 6, 1, -2 ], "overmap": "necropolis_c_16_north" },
      { "point": [ 7, 1, -2 ], "overmap": "necropolis_c_17_north" },
      { "point": [ 8, 1, -2 ], "overmap": "necropolis_c_18_north" },
      { "point": [ 0, 2, -2 ], "overmap": "necropolis_c_19_north" },
      { "point": [ 1, 2, -2 ], "overmap": "necropolis_c_20_north" },
      { "point": [ 2, 2, -2 ], "overmap": "necropolis_c_21_north" },
      { "point": [ 3, 2, -2 ], "overmap": "necropolis_c_22_north" },
      { "point": [ 4, 2, -2 ], "overmap": "necropolis_c_23_north" },
      { "point": [ 5, 2, -2 ], "overmap": "necropolis_c_24_north" },
      { "point": [ 6, 2, -2 ], "overmap": "necropolis_c_25_north" },
      { "point": [ 7, 2, -2 ], "overmap": "necropolis_c_26_north" },
      { "point": [ 8, 2, -2 ], "overmap": "necropolis_c_27_north" },
      { "point": [ 0, 3, -2 ], "overmap": "necropolis_c_28_north" },
      { "point": [ 1, 3, -2 ], "overmap": "necropolis_c_29_north" },
      { "point": [ 2, 3, -2 ], "overmap": "necropolis_c_30_north" },
      { "point": [ 3, 3, -2 ], "overmap": "necropolis_c_31_north" },
      { "point": [ 4, 3, -2 ], "overmap": "necropolis_c_32_north" },
      { "point": [ 5, 3, -2 ], "overmap": "necropolis_c_33_north" },
      { "point": [ 6, 3, -2 ], "overmap": "necropolis_c_34_north" },
      { "point": [ 7, 3, -2 ], "overmap": "necropolis_c_35_north" },
      { "point": [ 8, 3, -2 ], "overmap": "necropolis_c_36_north" },
      { "point": [ 0, 4, -2 ], "overmap": "necropolis_c_37_north" },
      { "point": [ 1, 4, -2 ], "overmap": "necropolis_c_38_north" },
      { "point": [ 2, 4, -2 ], "overmap": "necropolis_c_39_north" },
      { "point": [ 3, 4, -2 ], "overmap": "necropolis_c_40_north" },
      { "point": [ 4, 4, -2 ], "overmap": "necropolis_c_41_north" },
      { "point": [ 5, 4, -2 ], "overmap": "necropolis_c_42_north" },
      { "point": [ 6, 4, -2 ], "overmap": "necropolis_c_43_north" },
      { "point": [ 7, 4, -2 ], "overmap": "necropolis_c_44_north" },
      { "point": [ 8, 4, -2 ], "overmap": "necropolis_c_45_north" },
      { "point": [ 0, 5, -2 ], "overmap": "necropolis_c_46_north" },
      { "point": [ 1, 5, -2 ], "overmap": "necropolis_c_47_north" },
      { "point": [ 2, 5, -2 ], "overmap": "necropolis_c_48_north" },
      { "point": [ 3, 5, -2 ], "overmap": "necropolis_c_49_north" },
      { "point": [ 4, 5, -2 ], "overmap": "necropolis_c_50_north" },
      { "point": [ 5, 5, -2 ], "overmap": "necropolis_c_51_north" },
      { "point": [ 6, 5, -2 ], "overmap": "necropolis_c_52_north" },
      { "point": [ 7, 5, -2 ], "overmap": "necropolis_c_53_north" },
      { "point": [ 8, 5, -2 ], "overmap": "necropolis_c_54_north" },
      { "point": [ 0, 6, -2 ], "overmap": "necropolis_c_55_north" },
      { "point": [ 1, 6, -2 ], "overmap": "necropolis_c_56_north" },
      { "point": [ 2, 6, -2 ], "overmap": "necropolis_c_57_north" },
      { "point": [ 3, 6, -2 ], "overmap": "necropolis_c_58_north" },
      { "point": [ 4, 6, -2 ], "overmap": "necropolis_c_59_north" },
      { "point": [ 5, 6, -2 ], "overmap": "necropolis_c_60_north" },
      { "point": [ 6, 6, -2 ], "overmap": "necropolis_c_61_north" },
      { "point": [ 7, 6, -2 ], "overmap": "necropolis_c_62_north" },
      { "point": [ 8, 6, -2 ], "overmap": "necropolis_c_63_north" },
      { "point": [ 0, 7, -2 ], "overmap": "necropolis_c_64_north" },
      { "point": [ 1, 7, -2 ], "overmap": "necropolis_c_65_north" },
      { "point": [ 2, 7, -2 ], "overmap": "necropolis_c_66_north" },
      { "point": [ 3, 7, -2 ], "overmap": "necropolis_c_67_north" },
      { "point": [ 4, 7, -2 ], "overmap": "necropolis_c_68_north" },
      { "point": [ 5, 7, -2 ], "overmap": "necropolis_c_69_north" },
      { "point": [ 6, 7, -2 ], "overmap": "necropolis_c_70_north" },
      { "point": [ 7, 7, -2 ], "overmap": "necropolis_c_71_north" },
      { "point": [ 8, 7, -2 ], "overmap": "necropolis_c_72_north" },
      { "point": [ 0, 8, -2 ], "overmap": "necropolis_c_73_north" },
      { "point": [ 1, 8, -2 ], "overmap": "necropolis_c_74_north" },
      { "point": [ 2, 8, -2 ], "overmap": "necropolis_c_75_north" },
      { "point": [ 3, 8, -2 ], "overmap": "necropolis_c_76_north" },
      { "point": [ 4, 8, -2 ], "overmap": "necropolis_c_77_north" },
      { "point": [ 5, 8, -2 ], "overmap": "necropolis_c_78_north" },
      { "point": [ 6, 8, -2 ], "overmap": "necropolis_c_79_north" },
      { "point": [ 7, 8, -2 ], "overmap": "necropolis_c_80_north" },
      { "point": [ 8, 8, -2 ], "overmap": "necropolis_c_81_north" },
      { "point": [ 0, 0, -3 ], "overmap": "necropolis_d_1_north" },
      { "point": [ 1, 0, -3 ], "overmap": "necropolis_d_2_north" },
      { "point": [ 2, 0, -3 ], "overmap": "necropolis_d_3_north" },
      { "point": [ 3, 0, -3 ], "overmap": "necropolis_d_4_north" },
      { "point": [ 4, 0, -3 ], "overmap": "necropolis_d_5_north" },
      { "point": [ 5, 0, -3 ], "overmap": "necropolis_d_6_north" },
      { "point": [ 6, 0, -3 ], "overmap": "necropolis_d_7_north" },
      { "point": [ 7, 0, -3 ], "overmap": "necropolis_d_8_north" },
      { "point": [ 8, 0, -3 ], "overmap": "necropolis_d_9_north" },
      { "point": [ 0, 1, -3 ], "overmap": "necropolis_d_10_north" },
      { "point": [ 1, 1, -3 ], "overmap": "necropolis_d_11_north" },
      { "point": [ 2, 1, -3 ], "overmap": "necropolis_d_12_north" },
      { "point": [ 3, 1, -3 ], "overmap": "necropolis_d_13_north" },
      { "point": [ 4, 1, -3 ], "overmap": "necropolis_d_14_north" },
      { "point": [ 5, 1, -3 ], "overmap": "necropolis_d_15_north" },
      { "point": [ 6, 1, -3 ], "overmap": "necropolis_d_16_north" },
      { "point": [ 7, 1, -3 ], "overmap": "necropolis_d_17_north" },
      { "point": [ 8, 1, -3 ], "overmap": "necropolis_d_18_north" },
      { "point": [ 0, 2, -3 ], "overmap": "necropolis_d_19_north" },
      { "point": [ 1, 2, -3 ], "overmap": "necropolis_d_20_north" },
      { "point": [ 2, 2, -3 ], "overmap": "necropolis_d_21_north" },
      { "point": [ 3, 2, -3 ], "overmap": "necropolis_d_22_north" },
      { "point": [ 4, 2, -3 ], "overmap": "necropolis_d_23_north" },
      { "point": [ 5, 2, -3 ], "overmap": "necropolis_d_24_north" },
      { "point": [ 6, 2, -3 ], "overmap": "necropolis_d_25_north" },
      { "point": [ 7, 2, -3 ], "overmap": "necropolis_d_26_north" },
      { "point": [ 8, 2, -3 ], "overmap": "necropolis_d_27_north" },
      { "point": [ 0, 3, -3 ], "overmap": "necropolis_d_28_north" },
      { "point": [ 1, 3, -3 ], "overmap": "necropolis_d_29_north" },
      { "point": [ 2, 3, -3 ], "overmap": "necropolis_d_30_north" },
      { "point": [ 3, 3, -3 ], "overmap": "necropolis_d_31_north" },
      { "point": [ 4, 3, -3 ], "overmap": "necropolis_d_32_north" },
      { "point": [ 5, 3, -3 ], "overmap": "necropolis_d_33_north" },
      { "point": [ 6, 3, -3 ], "overmap": "necropolis_d_34_north" },
      { "point": [ 7, 3, -3 ], "overmap": "necropolis_d_35_north" },
      { "point": [ 8, 3, -3 ], "overmap": "necropolis_d_36_north" },
      { "point": [ 0, 4, -3 ], "overmap": "necropolis_d_37_north" },
      { "point": [ 1, 4, -3 ], "overmap": "necropolis_d_38_north" },
      { "point": [ 2, 4, -3 ], "overmap": "necropolis_d_39_north" },
      { "point": [ 3, 4, -3 ], "overmap": "necropolis_d_40_north" },
      { "point": [ 4, 4, -3 ], "overmap": "necropolis_d_41_north" },
      { "point": [ 5, 4, -3 ], "overmap": "necropolis_d_42_north" },
      { "point": [ 6, 4, -3 ], "overmap": "necropolis_d_43_north" },
      { "point": [ 7, 4, -3 ], "overmap": "necropolis_d_44_north" },
      { "point": [ 8, 4, -3 ], "overmap": "necropolis_d_45_north" },
      { "point": [ 0, 5, -3 ], "overmap": "necropolis_d_46_north" },
      { "point": [ 1, 5, -3 ], "overmap": "necropolis_d_47_north" },
      { "point": [ 2, 5, -3 ], "overmap": "necropolis_d_48_north" },
      { "point": [ 3, 5, -3 ], "overmap": "necropolis_d_49_north" },
      { "point": [ 4, 5, -3 ], "overmap": "necropolis_d_50_north" },
      { "point": [ 5, 5, -3 ], "overmap": "necropolis_d_51_north" },
      { "point": [ 6, 5, -3 ], "overmap": "necropolis_d_52_north" },
      { "point": [ 7, 5, -3 ], "overmap": "necropolis_d_53_north" },
      { "point": [ 8, 5, -3 ], "overmap": "necropolis_d_54_north" },
      { "point": [ 0, 6, -3 ], "overmap": "necropolis_d_55_north" },
      { "point": [ 1, 6, -3 ], "overmap": "necropolis_d_56_north" },
      { "point": [ 2, 6, -3 ], "overmap": "necropolis_d_57_north" },
      { "point": [ 3, 6, -3 ], "overmap": "necropolis_d_58_north" },
      { "point": [ 4, 6, -3 ], "overmap": "necropolis_d_59_north" },
      { "point": [ 5, 6, -3 ], "overmap": "necropolis_d_60_north" },
      { "point": [ 6, 6, -3 ], "overmap": "necropolis_d_61_north" },
      { "point": [ 7, 6, -3 ], "overmap": "necropolis_d_62_north" },
      { "point": [ 8, 6, -3 ], "overmap": "necropolis_d_63_north" },
      { "point": [ 0, 7, -3 ], "overmap": "necropolis_d_64_north" },
      { "point": [ 1, 7, -3 ], "overmap": "necropolis_d_65_north" },
      { "point": [ 2, 7, -3 ], "overmap": "necropolis_d_66_north" },
      { "point": [ 3, 7, -3 ], "overmap": "necropolis_d_67_north" },
      { "point": [ 4, 7, -3 ], "overmap": "necropolis_d_68_north" },
      { "point": [ 5, 7, -3 ], "overmap": "necropolis_d_69_north" },
      { "point": [ 6, 7, -3 ], "overmap": "necropolis_d_70_north" },
      { "point": [ 7, 7, -3 ], "overmap": "necropolis_d_71_north" },
      { "point": [ 8, 7, -3 ], "overmap": "necropolis_d_72_north" },
      { "point": [ 0, 8, -3 ], "overmap": "necropolis_d_73_north" },
      { "point": [ 1, 8, -3 ], "overmap": "necropolis_d_74_north" },
      { "point": [ 2, 8, -3 ], "overmap": "necropolis_d_75_north" },
      { "point": [ 3, 8, -3 ], "overmap": "necropolis_d_76_north" },
      { "point": [ 4, 8, -3 ], "overmap": "necropolis_d_77_north" },
      { "point": [ 5, 8, -3 ], "overmap": "necropolis_d_78_north" },
      { "point": [ 6, 8, -3 ], "overmap": "necropolis_d_79_north" },
      { "point": [ 7, 8, -3 ], "overmap": "necropolis_d_80_north" },
      { "point": [ 8, 8, -3 ], "overmap": "necropolis_d_81_north" },
      { "point": [ -5, -4, 0 ], "overmap": "house_north" },
      { "point": [ -5, -6, 0 ], "overmap": "house_south" },
      { "point": [ -2, -4, 0 ], "overmap": "house_west" },
      { "point": [ -1, -6, 0 ], "overmap": "house_west" },
      { "point": [ -3, -4, 0 ], "overmap": "house_north" },
      { "point": [ -3, -5, 0 ], "overmap": "house_east" },
      { "point": [ -3, -6, 0 ], "overmap": "house_south" },
      { "point": [ -7, -3, 0 ], "overmap": "s_restaurant_fast_south" },
      { "point": [ -7, -5, 0 ], "overmap": "sub_station_south" },
      { "point": [ -7, -5, -1 ], "overmap": "underground_sub_station" },
      { "point": [ -10, -7, 0 ], "overmap": "radio_tower" },
      { "point": [ 4, -2, 0 ], "overmap": "sai" }
    ],
    "connections": [ { "point": [ -7, -6, -1 ], "terrain": "subway" }, { "point": [ -7, -4, 0 ], "terrain": "road" } ],
    "locations": [ "swamp", "wilderness" ],
    "city_distance": [ 6, -1 ],
    "city_sizes": [ 4, 16 ],
    "occurrences": [ 1, 1 ],
    "rotate": false
  },
  {
    "type": "overmap_special",
    "id": "evac_center",
    "copy-from": "evac_center",
    "city_distance": [ 2, 12 ],
    "city_sizes": [ 4, 16 ],
    "occurrences": [ 1, 1 ],
    "rotate": false
  },
  {
    "type": "overmap_special",
    "id": "FEMA Camp",
    "copy-from": "FEMA Camp",
    "locations": [ "land" ],
    "city_distance": [ 8, 30 ],
    "city_sizes": [ 4, 20 ],
    "occurrences": [ 1, 2 ],
    "rotate": true
  },
  {
    "type": "overmap_special",
    "id": "Strange Temple",
    "copy-from": "Strange Temple",
    "locations": [ "forest" ],
    "occurrences": [ 0, 2 ]
  },
  {
    "type": "overmap_special",
    "id": "Strangle Temple_swamp",
    "overmaps": [
      { "point": [ 0, 0, 0 ], "overmap": "temple_stairs" },
      { "point": [ 0, 0, -1 ], "overmap": "temple_stairs" },
      { "point": [ 0, 0, -2 ], "overmap": "temple_stairs" },
      { "point": [ 0, 0, -3 ], "overmap": "temple_stairs" },
      { "point": [ 0, 0, -4 ], "overmap": "temple_stairs" },
      { "point": [ 0, 0, -5 ], "overmap": "temple_finale" }
    ],
    "locations": [ "swamp" ],
    "city_distance": [ 20, -1 ],
    "city_sizes": [ 4, 12 ],
    "occurrences": [ 0, 2 ]
  },
  {
    "type": "overmap_special",
    "id": "bandit_cabin",
    "copy-from": "bandit_cabin",
    "connections": [ { "point": [ 1, 0, 0 ], "terrain": "road", "existing": true } ],
    "locations": [ "forest", "swamp" ],
    "city_distance": [ 15, -1 ],
    "city_sizes": [ 4, 16 ],
    "occurrences": [ 0, 2 ]
  },
  {
    "type": "overmap_special",
    "id": "bandit_camp",
    "copy-from": "bandit_camp",
    "connections": [ { "point": [ -1, 0, 0 ], "terrain": "road", "existing": true } ],
    "city_distance": [ 10, -1 ],
    "city_sizes": [ 4, 16 ],
    "occurrences": [ 0, 2 ]
  },
  {
    "type": "overmap_special",
    "id": "bandit_camp wilderness",
    "overmaps": [
      { "point": [ 0, 0, 0 ], "overmap": "bandit_camp_1" },
      { "point": [ 1, 0, 0 ], "overmap": "bandit_camp_2" },
      { "point": [ 0, 1, 0 ], "overmap": "bandit_camp_3" },
      { "point": [ 1, 1, 0 ], "overmap": "bandit_camp_4" }
    ],
    "locations": [ "field" ],
    "city_distance": [ 10, -1 ],
    "city_sizes": [ 4, 16 ],
    "occurrences": [ 0, 2 ],
    "rotate": false,
    "flags": [ "CLASSIC" ]
  },
  {
    "type": "overmap_special",
    "id": "power_station_small",
    "copy-from": "power_station_small",
    "connections": [ { "point": [ -1, 0, 0 ], "terrain": "road", "existing": true } ],
    "locations": [ "land" ],
    "city_distance": [ 0, 20 ],
    "occurrences": [ 1, 4 ],
    "rotate": false,
    "spawns": { "group": "GROUP_SMALL_STATION", "population": [ 4, 12 ], "radius": [ 2, 5 ] }
  },
  {
    "type": "overmap_special",
    "id": "power_station_large",
    "copy-from": "power_station_large",
    "locations": [ "land" ],
    "city_distance": [ 4, 20 ],
    "spawns": { "group": "GROUP_LARGE_STATION", "population": [ 6, 18 ], "radius": [ 3, 8 ] }
  },
  {
    "type": "overmap_special",
    "id": "power_station_large By Road",
    "overmaps": [
      { "point": [ 0, 1, 0 ], "overmap": "pwr_large_entrance" },
      { "point": [ -1, 1, 0 ], "overmap": "pwr_large_2" },
      { "point": [ -1, 0, 0 ], "overmap": "pwr_large_3" },
      { "point": [ 0, 0, 0 ], "overmap": "pwr_large_4" }
    ],
    "connections": [ { "point": [ 0, 2, 0 ], "terrain": "road", "existing": true } ],
    "locations": [ "land" ],
    "city_distance": [ 4, 20 ],
    "city_sizes": [ 4, 14 ],
    "occurrences": [ 0, 1 ],
    "rotate": false,
    "spawns": { "group": "GROUP_LARGE_STATION", "population": [ 6, 18 ], "radius": [ 3, 8 ] }
  },
  {
    "type": "overmap_special",
    "id": "Lab",
    "copy-from": "Lab",
    "city_distance": [ 10, -1 ],
    "city_sizes": [ 8, 12 ],
    "occurrences": [ 1, 4 ],
    "rotate": true
  },
  {
    "type": "overmap_special",
    "id": "Lab By Road",
    "overmaps": [ { "point": [ 0, 0, 0 ], "overmap": "lab_stairs" } ],
    "connections": [ { "point": [ 0, -1, 0 ], "terrain": "road", "existing": true } ],
    "locations": [ "land" ],
    "city_distance": [ 10, -1 ],
    "city_sizes": [ 8, 12 ],
    "occurrences": [ 1, 3 ],
    "rotate": true
  },
  {
    "type": "overmap_special",
    "id": "Ice Lab",
    "copy-from": "Ice Lab",
    "city_distance": [ 10, -1 ],
    "occurrences": [ 1, 3 ],
    "rotate": true
  },
  {
    "type": "overmap_special",
    "id": "LMOE Shelter",
    "copy-from": "LMOE Shelter",
    "city_distance": [ 0, -1 ],
    "occurrences": [ 0, 2 ]
  },
  {
    "type": "overmap_special",
    "id": "LMOE Shelter_swamp",
    "overmaps": [ { "point": [ 0, 0, 0 ], "overmap": "lmoe" }, { "point": [ 0, 0, -1 ], "overmap": "lmoe_under" } ],
    "locations": [ "swamp" ],
    "city_distance": [ 15, -1 ],
    "city_sizes": [ 4, 12 ],
    "occurrences": [ 0, 2 ],
    "rotate": false,
    "flags": [ "CLASSIC" ]
  },
  {
    "type": "overmap_special",
    "id": "Strange Cabin",
    "overmaps": [
      { "point": [ 0, 0, 0 ], "overmap": "cabin_strange" },
      { "point": [ 1, 0, 0 ], "overmap": "cabin_strange_100" },
      { "point": [ 0, 1, 0 ], "overmap": "cabin_strange_010" },
      { "point": [ 1, 1, 0 ], "overmap": "cabin_strange_110" },
      { "point": [ 0, 0, -1 ], "overmap": "cabin_strange_b" },
      { "point": [ 1, 0, -1 ], "overmap": "cabin_strange_b_101" },
      { "point": [ 0, 1, -1 ], "overmap": "cabin_strange_b_011" },
      { "point": [ 1, 1, -1 ], "overmap": "cabin_strange_b_111" },
      { "point": [ 0, 0, -2 ], "overmap": "cabin_strange_b2" }
    ],
    "connections": [ { "point": [ 1, 2, 0 ], "terrain": "road", "existing": true } ],
    "locations": [ "forest", "swamp" ],
    "city_distance": [ 20, -1 ],
    "city_sizes": [ 4, 12 ],
    "occurrences": [ 0, 1 ],
    "rotate": false,
    "flags": [ "CLASSIC" ],
    "spawns": { "group": "GROUP_CABIN", "population": [ 40, 120 ], "radius": [ 80, 240 ] }
  },
  {
    "type": "overmap_special",
    "id": "Standing stones",
    "copy-from": "Standing stones",
    "overmaps": [ { "point": [ 0, 0, 0 ], "overmap": "standing_stones" } ],
    "locations": [ "forest", "swamp" ],
    "city_distance": [ 20, -1 ],
    "city_sizes": [ 0, 6 ],
    "occurrences": [ 0, 1 ],
    "spawns": { "group": "GROUP_CABIN", "population": [ 25, 80 ], "radius": [ 250, 500 ] }
  },
  {
    "type": "overmap_special",
    "id": "Cabin",
    "copy-from": "Cabin",
    "locations": [ "forest" ],
    "occurrences": [ 0, 3 ]
  },
  {
    "type": "overmap_special",
    "id": "Cabin_swamp",
    "overmaps": [ { "point": [ 0, 0, 0 ], "overmap": "cabin" } ],
    "locations": [ "swamp" ],
    "city_distance": [ 20, -1 ],
    "city_sizes": [ 4, 12 ],
    "occurrences": [ 0, 1 ],
    "rotate": false,
    "flags": [ "CLASSIC" ]
  },
  {
    "type": "overmap_special",
    "id": "Sewage Treatment Plant",
    "copy-from": "Sewage Treatment Plant",
    "overmaps": [
      { "point": [ 0, 0, 0 ], "overmap": "s_lot" },
      { "point": [ 0, 1, 0 ], "overmap": "sewage_treatment" },
      { "point": [ 0, 1, -1 ], "overmap": "sewage_treatment_hub" },
      { "point": [ 0, 0, -1 ], "overmap": "sewage_treatment_under" },
      { "point": [ -1, 0, -1 ], "overmap": "sewage_treatment_under" },
      { "point": [ 1, 0, -1 ], "overmap": "sewage_treatment_under" },
      { "point": [ -1, 1, -1 ], "overmap": "sewage_treatment_under" },
      { "point": [ 1, 1, -1 ], "overmap": "sewage_treatment_under" },
      { "point": [ -1, 2, -1 ], "overmap": "sewage_treatment_under" },
      { "point": [ 0, 2, -1 ], "overmap": "sewage_treatment_under" },
      { "point": [ 1, 2, -1 ], "overmap": "sewage_treatment_under" }
    ],
    "connections": [
      { "point": [ 0, -1, 0 ], "terrain": "road" },
      { "point": [ 2, 0, -1 ], "terrain": "sewer" },
      { "point": [ 0, 3, -1 ], "terrain": "sewer" }
    ],
    "locations": [ "land", "swamp" ],
    "city_distance": [ 12, 30 ],
    "occurrences": [ 1, 2 ]
  },
  {
    "type": "overmap_special",
    "id": "Sewage Treatment Plant By Road",
    "overmaps": [
      { "point": [ 0, 0, 0 ], "overmap": "s_lot" },
      { "point": [ 0, 1, 0 ], "overmap": "sewage_treatment" },
      { "point": [ 0, 1, -1 ], "overmap": "sewage_treatment_hub" },
      { "point": [ 0, 0, -1 ], "overmap": "sewage_treatment_under" },
      { "point": [ -1, 0, -1 ], "overmap": "sewage_treatment_under" },
      { "point": [ 1, 0, -1 ], "overmap": "sewage_treatment_under" },
      { "point": [ -1, 1, -1 ], "overmap": "sewage_treatment_under" },
      { "point": [ 1, 1, -1 ], "overmap": "sewage_treatment_under" },
      { "point": [ -1, 2, -1 ], "overmap": "sewage_treatment_under" },
      { "point": [ 0, 2, -1 ], "overmap": "sewage_treatment_under" },
      { "point": [ 1, 2, -1 ], "overmap": "sewage_treatment_under" }
    ],
    "connections": [
      { "point": [ 0, -1, 0 ], "terrain": "road", "existing": true },
      { "point": [ 2, 0, -1 ], "terrain": "sewer" },
      { "point": [ 0, 3, -1 ], "terrain": "sewer" }
    ],
    "locations": [ "land", "swamp" ],
    "city_distance": [ 6, 20 ],
    "city_sizes": [ 4, 12 ],
    "occurrences": [ 0, 1 ],
    "rotate": false,
    "flags": [ "CLASSIC" ]
  },
  {
    "type": "overmap_special",
    "id": "Military Bunker",
    "copy-from": "Military Bunker",
    "locations": [ "land" ],
    "city_distance": [ 0, -1 ],
    "occurrences": [ 1, 3 ]
  },
  {
    "type": "overmap_special",
    "id": "Missile Silo",
    "copy-from": "Missile Silo",
    "locations": [ "land", "swamp" ],
    "occurrences": [ 0, 1 ],
    "rotate": true
  },
  {
    "type": "overmap_special",
    "id": "Radio Tower",
    "copy-from": "Radio Tower",
    "locations": [ "wilderness" ],
    "city_distance": [ 8, -1 ],
    "occurrences": [ 1, 3 ],
    "rotate": true
  },
  {
    "type": "overmap_special",
    "id": "Radio Tower Road",
    "overmaps": [ { "point": [ 0, 0, 0 ], "overmap": "radio_tower" } ],
    "connections": [ { "point": [ 0, -1, 0 ], "terrain": "road", "existing": true } ],
    "locations": [ "wilderness" ],
    "city_distance": [ 0, -1 ],
    "city_sizes": [ 4, 12 ],
    "occurrences": [ 1, 6 ],
    "rotate": true,
    "flags": [ "CLASSIC" ]
  },
  {
    "type": "overmap_special",
    "id": "Mansion_Road",
    "copy-from": "Mansion_Road",
    "city_distance": [ 0, -1 ],
    "occurrences": [ 0, 2 ],
    "rotate": true
  },
  {
    "type": "overmap_special",
    "id": "Mansion_Wild",
    "copy-from": "Mansion_Wild",
    "occurrences": [ 0, 1 ],
    "rotate": true
  },
  {
    "type": "overmap_special",
    "id": "campsite",
    "copy-from": "campsite",
    "locations": [ "forest", "swamp" ],
    "occurrences": [ 0, 4 ]
  },
  {
    "type": "overmap_special",
    "id": "campsite_cabin_incomplete",
    "copy-from": "campsite_cabin_incomplete",
    "occurrences": [ 0, 2 ]
  },
  {
    "type": "overmap_special",
    "id": "campsite_a",
    "copy-from": "campsite_a",
    "locations": [ "forest", "swamp" ],
    "occurrences": [ 0, 4 ]
  },
  {
    "type": "overmap_special",
    "id": "campsite_field_biker",
    "copy-from": "campsite_field_biker",
    "connections": [ { "point": [ 0, -1, 0 ], "terrain": "road", "existing": true } ],
    "occurrences": [ 0, 3 ]
  },
  {
    "type": "overmap_special",
    "id": "campsite_field_biker_destroyed",
    "copy-from": "campsite_field_biker_destroyed",
    "connections": [ { "point": [ 0, -1, 0 ], "terrain": "road", "existing": true } ],
    "occurrences": [ 0, 7 ]
  },
  {
    "type": "overmap_special",
    "id": "rest_stop",
    "copy-from": "rest_stop",
    "connections": [ { "point": [ 0, -1, 0 ], "terrain": "road", "existing": true } ],
    "city_sizes": [ 4, 12 ],
    "occurrences": [ 0, 2 ],
    "rotate": true
  },
  {
    "type": "overmap_special",
    "id": "roadstop_a",
    "copy-from": "roadstop_a",
    "city_sizes": [ 4, 12 ],
    "occurrences": [ 0, 2 ],
    "rotate": true
  },
  {
    "type": "overmap_special",
    "id": "roadstop_b",
    "copy-from": "roadstop_b",
    "city_sizes": [ 4, 12 ],
    "occurrences": [ 0, 2 ],
    "rotate": true
  },
  {
    "type": "overmap_special",
    "id": "Pump Station Terminal",
    "overmaps": [
      { "point": [ 0, 0, 0 ], "overmap": "pump_station_1_north" },
      { "point": [ 0, 1, 0 ], "overmap": "pump_station_2_north" },
      { "point": [ 0, -1, -1 ], "overmap": "pump_station_3_north" },
      { "point": [ 0, 0, -1 ], "overmap": "pump_station_4_north" },
      { "point": [ 0, 1, -1 ], "overmap": "pump_station_5_north" }
    ],
    "connections": [
      { "point": [ 0, -1, 0 ], "terrain": "road" },
      { "point": [ 0, -2, -1 ], "terrain": "sewer" },
      { "point": [ 0, 2, -1 ], "terrain": "sewer" }
    ],
    "locations": [ "land", "swamp" ],
    "city_distance": [ 0, 4 ],
    "city_sizes": [ 4, 12 ],
    "occurrences": [ 1, 1 ],
    "rotate": true,
    "flags": [ "CLASSIC" ]
  },
  {
    "type": "overmap_special",
    "id": "pump_station",
    "copy-from": "pump_station",
    "overmaps": [
      { "point": [ 0, 0, 0 ], "overmap": "pump_station_1_north" },
      { "point": [ 0, 1, 0 ], "overmap": "pump_station_2_north" },
      { "point": [ 0, -1, -1 ], "overmap": "pump_station_3_north" },
      { "point": [ 0, 0, -1 ], "overmap": "pump_station_4_north" },
      { "point": [ 0, 1, -1 ], "overmap": "pump_station_5_north" }
    ],
    "connections": [
      { "point": [ 0, -1, 0 ], "terrain": "road", "existing": true },
      { "point": [ 0, -2, -1 ], "terrain": "sewer" },
      { "point": [ 0, 2, -1 ], "terrain": "sewer" }
    ],
    "locations": [ "land", "swamp" ],
    "city_distance": [ 0, -1 ],
    "occurrences": [ 0, 1 ],
    "rotate": true
  },
  {
    "type": "overmap_special",
    "id": "garage_gas",
    "copy-from": "garage_gas",
    "locations": [ "land" ],
    "city_distance": [ 0, 2 ],
    "rotate": true
  },
  {
    "type": "overmap_special",
    "id": "Shipwreck",
    "copy-from": "Shipwreck",
    "locations": [ "water" ],
    "city_sizes": [ 1, 16 ],
    "occurrences": [ 0, 2 ],
    "rotate": false,
    "spawns": { "group": "GROUP_RAZORCLAW", "population": [ 15, 50 ], "radius": [ 50, 155 ] }
  },
  {
    "type": "overmap_special",
    "id": "Dairy Farm",
    "copy-from": "Dairy Farm",
    "locations": [ "wilderness" ],
    "city_distance": [ 8, 25 ],
    "city_sizes": [ 4, 12 ],
    "rotate": false,
    "occurrences": [ 0, 2 ],
    "spawns": { "group": "GROUP_COW", "population": [ 10, 30 ], "radius": [ 12, 30 ] }
  },
  {
    "type": "overmap_special",
    "id": "Sugar House",
    "copy-from": "Sugar House",
    "locations": [ "forest" ],
    "city_distance": [ 24, -1 ],
    "city_sizes": [ 4, 12 ],
    "occurrences": [ 0, 1 ],
    "flags": [ "CLASSIC" ]
  },
  {
    "type": "overmap_special",
    "id": "State Park",
    "copy-from": "State_Park",
    "locations": [ "wilderness" ],
    "city_distance": [ -1, 3 ],
    "city_sizes": [ 4, 12 ],
    "occurrences": [ 0, 2 ]
  },
  {
    "type": "overmap_special",
    "id": "Derelict Property",
    "copy-from": "Derelict Property",
    "locations": [ "wilderness" ],
    "city_distance": [ -1, -1 ],
    "city_sizes": [ 1, 16 ],
    "occurrences": [ 0, 5 ]
  },
  {
    "type": "overmap_special",
    "id": "Hunting Blind",
    "copy-from": "Hunting Blind",
    "locations": [ "wilderness" ],
    "city_distance": [ 16, -1 ],
    "city_sizes": [ 1, 12 ],
    "occurrences": [ 0, 3 ]
  },
  {
    "type": "overmap_special",
    "id": "Mansion2_Road",
    "copy-from": "Mansion2_Road",
    "locations": [ "land" ],
    "city_sizes": [ 4, 12 ],
    "occurrences": [ 0, 1 ],
    "flags": [ "CLASSIC" ]
  },
  {
    "type": "overmap_special",
    "id": "Mansion2_Road_Alt",
    "copy-from": "Mansion2_Road_Alt",
    "locations": [ "land" ],
    "city_sizes": [ 4, 12 ],
    "occurrences": [ 0, 1 ],
    "flags": [ "CLASSIC" ]
  },
  {
    "type": "overmap_special",
    "id": "Mansion2_Wild",
    "copy-from": "Mansion2_Wild",
    "locations": [ "land" ],
    "city_distance": [ 10, -1 ],
    "city_sizes": [ 4, 12 ],
    "occurrences": [ 0, 1 ],
    "flags": [ "CLASSIC" ]
  },
  {
    "type": "overmap_special",
    "id": "Mansion2_WildAlt",
    "copy-from": "Mansion2_WildAlt",
    "locations": [ "land" ],
    "city_distance": [ 10, -1 ],
    "city_sizes": [ 4, 12 ],
    "occurrences": [ 0, 1 ],
    "flags": [ "CLASSIC" ]
  },
  {
    "type": "overmap_special",
    "id": "State Park",
    "copy-from": "State Park",
    "locations": [ "land" ],
    "city_distance": [ 3, -1 ],
    "city_sizes": [ 0, 20 ],
    "occurrences": [ 0, 1 ]
  }
]
