[
  {
    "type": "overmap_special",
    "id": "Camp Ground Small",
    "overmaps": [
      { "point": [ 0, -2, 0 ], "overmap": "campsite_a" },
      { "point": [ 1, -1, 0 ], "overmap": "field" },
      { "point": [ 0, 0, 0 ], "overmap": "campsite" },
      { "point": [ 1, 0, 0 ], "overmap": "campsite_field_biker" },
      { "point": [ 0, 1, 0 ], "overmap": "s_lot" }
    ],
    "connections": [ { "point": [ 1, 1, 0 ], "terrain": "road" } ],
    "locations": [ "forest", "swamp" ],
    "city_distance": [ 12, -1 ],
    "city_sizes": [ 4, 12 ],
    "occurrences": [ 0, 3 ],
    "rotate": false,
    "flags": [ "CLASSIC" ]
  },
  {
    "type": "overmap_special",
    "id": "old barn",
    "overmaps": [ { "point": [ 0, 0, 0 ], "overmap": "barn_old" } ],
    "locations": [ "field" ],
    "city_distance": [ 12, -1 ],
    "city_sizes": [ 4, 12 ],
    "occurrences": [ 0, 4 ],
    "rotate": false,
    "flags": [ "CLASSIC" ]
  },
  {
    "type": "overmap_special",
    "id": "cave_dusk_horror",
    "overmaps": [ { "point": [ 0, 0, 0 ], "overmap": "pit_topside" }, { "point": [ 0, 0, -1 ], "overmap": "pit_dusk_horror" } ],
    "locations": [ "wilderness", "swamp" ],
    "city_distance": [ 8, -1 ],
    "city_sizes": [ 4, 16 ],
    "occurrences": [ 0, 1 ],
    "rotate": false,
    "flags": [ "CLASSIC" ],
    "spawns": { "group": "GROUP_HORROR", "population": [ 4, 12 ], "radius": [ 55, 165 ] }
  },
  {
    "type": "overmap_special",
    "id": "Evac Camp Site",
    "overmaps": [
      { "point": [ -1, -1, 0 ], "overmap": "forest" },
      { "point": [ -1, 0, 0 ], "overmap": "forest" },
      { "point": [ -1, 1, 0 ], "overmap": "forest" },
      { "point": [ 0, -1, 0 ], "overmap": "shelter" },
      { "point": [ 0, -1, -1 ], "overmap": "shelter_under" },
      { "point": [ 0, 0, 0 ], "overmap": "dirtroad2_aban1_east" },
      { "point": [ 1, 1, 0 ], "overmap": "campsite_field_biker_destroyed" }
    ],
    "connections": [ { "point": [ 0, 1, 0 ], "terrain": "road", "existing": true } ],
    "locations": [ "forest" ],
    "city_distance": [ 10, -1 ],
    "city_sizes": [ 4, 16 ],
    "occurrences": [ 0, 3 ],
    "rotate": false,
    "flags": [ "CLASSIC" ]
  },
  {
    "type": "overmap_special",
    "id": "Bee Hive",
    "copy-from": "Bee Hive",
    "overmaps": [
      { "point": [ 0, 0, 0 ], "overmap": "hive" },
      { "point": [ 0, 1, 0 ], "overmap": "hive" },
      { "point": [ 0, 2, 0 ], "overmap": "hive" },
      { "point": [ 1, 0, 0 ], "overmap": "hive" },
      { "point": [ 1, 1, 0 ], "overmap": "beehive_center" },
      { "point": [ 1, 2, 0 ], "overmap": "hive" },
      { "point": [ 2, 0, 0 ], "overmap": "hive" },
      { "point": [ 2, 1, 0 ], "overmap": "hive" },
      { "point": [ 2, 2, 0 ], "overmap": "hive" }
    ],
    "locations": [ "forest", "swamp" ],
    "city_sizes": [ 4, 16 ],
    "occurrences": [ 0, 3 ],
    "spawns": { "group": "GROUP_BEE", "population": [ 800, 2400 ], "radius": [ 80, 240 ] }
  },
  {
    "type": "overmap_special",
    "id": "Farm_unsettled",
    "overmaps": [
      { "point": [ 0, 0, 0 ], "overmap": "farm_unsettled_barn" },
      { "point": [ 0, 0, 1 ], "overmap": "farm_unsettled_barn_f2" },
      { "point": [ 1, 0, 0 ], "overmap": "farm_unsettled_house" },
      { "point": [ 2, 0, 0 ], "overmap": "farm_unsettled_topright" },
      { "point": [ 0, 1, 0 ], "overmap": "farm_unsettled_centerleft" },
      { "point": [ 1, 1, 0 ], "overmap": "farm_unsettled_centercenter" },
      { "point": [ 2, 1, 0 ], "overmap": "farm_unsettled_centerright" },
      { "point": [ 0, 2, 0 ], "overmap": "farm_unsettled_bottomleft" },
      { "point": [ 1, 2, 0 ], "overmap": "farm_unsettled_bottomcenter" },
      { "point": [ 2, 2, 0 ], "overmap": "farm_unsettled_bottomright" }
    ],
    "connections": [ { "point": [ 1, -1, 0 ], "terrain": "road" } ],
    "locations": [ "wilderness" ],
    "city_distance": [ 20, -1 ],
    "city_sizes": [ 4, 12 ],
    "occurrences": [ 0, 3 ],
    "rotate": false,
    "flags": [ "CLASSIC" ]
  },
  {
    "type": "overmap_special",
    "id": "police_hub",
    "overmaps": [
      { "point": [ -1, -1, 0 ], "overmap": "police_hub_00" },
      { "point": [ 0, -1, 0 ], "overmap": "police_hub_01" },
      { "point": [ 1, -1, 0 ], "overmap": "police_hub_02" },
      { "point": [ -1, 0, 0 ], "overmap": "police_hub_10" },
      { "point": [ 0, 0, 0 ], "overmap": "police_hub_11" },
      { "point": [ 1, 0, 0 ], "overmap": "police_hub_12" },
      { "point": [ -1, 1, 0 ], "overmap": "police_hub_20" },
      { "point": [ 0, 1, 0 ], "overmap": "police_hub_21" },
      { "point": [ 1, 1, 0 ], "overmap": "police_hub_22" }
    ],
    "connections": [ { "point": [ -2, 0, 0 ], "terrain": "road" } ],
    "locations": [ "land" ],
    "city_distance": [ 0, 8 ],
    "city_sizes": [ 4, 16 ],
    "occurrences": [ 0, 1 ],
    "rotate": false,
    "spawns": { "group": "GROUP_ROBOCOP", "population": [ 12, 36 ], "radius": [ 65, 130 ] }
  },
  {
    "type": "overmap_special",
    "id": "Apartments_Con",
    "copy-from": "Apartments_Con",
    "overmaps": [
      { "point": [ 0, 0, 0 ], "overmap": "apartments_con_tower_NW_north" },
      { "point": [ 1, 0, 0 ], "overmap": "apartments_con_tower_NE_north" },
      { "point": [ 0, 1, 0 ], "overmap": "apartments_con_tower_SW_north" },
      { "point": [ 1, 1, 0 ], "overmap": "apartments_con_tower_SE_north" },
      { "point": [ 0, 2, 0 ], "overmap": "field" },
      { "point": [ 1, 2, 0 ], "overmap": "field" },
      { "point": [ 0, 3, 0 ], "overmap": "apartments_con_tower_NW_north" },
      { "point": [ 1, 3, 0 ], "overmap": "apartments_con_tower_NE_north" },
      { "point": [ 0, 4, 0 ], "overmap": "apartments_con_tower_SW_north" },
      { "point": [ 1, 4, 0 ], "overmap": "apartments_con_tower_SE_north" }
    ],
    "connections": [
      { "point": [ 0, -1, 0 ], "terrain": "road" },
      { "point": [ 2, 2, 0 ], "terrain": "road" },
      { "point": [ -1, 4, 0 ], "terrain": "road" },
      { "point": [ 2, 4, 0 ], "terrain": "road" }
    ],
    "locations": [ "land" ],
    "city_distance": [ 0, 8 ],
    "city_sizes": [ 4, 20 ],
    "occurrences": [ 0, 2 ],
    "rotate": false
  },
  {
    "type": "overmap_special",
    "id": "Apartments_Con_wide",
    "overmaps": [
      { "point": [ 0, 0, 0 ], "overmap": "apartments_con_tower_NW_north" },
      { "point": [ 1, 0, 0 ], "overmap": "apartments_con_tower_NE_north" },
      { "point": [ 0, 1, 0 ], "overmap": "apartments_con_tower_SW_north" },
      { "point": [ 1, 1, 0 ], "overmap": "apartments_con_tower_SE_north" },
      { "point": [ 0, 2, 0 ], "overmap": "s_lot" },
      { "point": [ 1, 2, 0 ], "overmap": "s_lot" },
      { "point": [ 0, 3, 0 ], "overmap": "apartments_con_tower_NW_north" },
      { "point": [ 1, 3, 0 ], "overmap": "apartments_con_tower_NE_north" },
      { "point": [ 0, 4, 0 ], "overmap": "apartments_con_tower_SW_north" },
      { "point": [ 1, 4, 0 ], "overmap": "apartments_con_tower_SE_north" },
      { "point": [ 0, 5, 0 ], "overmap": "s_lot" },
      { "point": [ 1, 5, 0 ], "overmap": "s_lot" },
      { "point": [ 0, 6, 0 ], "overmap": "apartments_con_tower_NW_north" },
      { "point": [ 1, 6, 0 ], "overmap": "apartments_con_tower_NE_north" },
      { "point": [ 0, 7, 0 ], "overmap": "apartments_con_tower_SW_north" },
      { "point": [ 1, 7, 0 ], "overmap": "apartments_con_tower_SE_north" },
      { "point": [ -2, 2, 0 ], "overmap": "sub_station_east" },
      { "point": [ -2, 2, -1 ], "overmap": "underground_sub_station" }
    ],
    "connections": [
      { "point": [ -1, 2, 0 ], "terrain": "road" },
      { "point": [ 2, 5, 0 ], "terrain": "road" },
      { "point": [ -1, 2, -1 ], "terrain": "subway" }
    ],
    "locations": [ "land" ],
    "city_distance": [ 0, 4 ],
    "city_sizes": [ 7, 20 ],
    "occurrences": [ 0, 2 ],
    "rotate": false,
    "flags": [ "CLASSIC" ]
  },
  {
    "type": "overmap_special",
    "id": "Triffid Grove",
    "copy-from": "Triffid Grove",
    "overmaps": [
      { "point": [ 0, 0, 0 ], "overmap": "triffid_grove" },
      { "point": [ 0, 0, -1 ], "overmap": "triffid_roots" },
      { "point": [ 0, 0, -2 ], "overmap": "triffid_roots" },
      { "point": [ 0, 0, -3 ], "overmap": "triffid_finale" }
    ],
    "city_distance": [ 2, -1 ],
    "city_sizes": [ 4, 16 ],
    "occurrences": [ 1, 4 ],
    "rotate": false,
    "spawns": { "group": "GROUP_TRIFFID", "population": [ 350, 950 ], "radius": [ 30, 75 ] }
  },
  {
    "type": "overmap_special",
    "id": "Triffid Grove Swamp",
    "overmaps": [
      { "point": [ 0, 0, 0 ], "overmap": "triffid_grove_swamp" },
      { "point": [ 0, 0, -1 ], "overmap": "triffid_roots" },
      { "point": [ 0, 0, -2 ], "overmap": "triffid_roots" },
      { "point": [ 0, 0, -3 ], "overmap": "triffid_finale" }
    ],
    "locations": [ "swamp" ],
    "city_distance": [ 2, -1 ],
    "city_sizes": [ 4, 16 ],
    "occurrences": [ 0, 3 ],
    "rotate": false,
    "spawns": { "group": "GROUP_TRIFFID_SWAMP", "population": [ 400, 1050 ], "radius": [ 35, 90 ] }
  },
  {
    "type": "overmap_special",
    "id": "Fungal Bloom",
    "copy-from": "Fungal Bloom",
    "locations": [ "land" ],
    "city_distance": [ 0, -1 ],
    "occurrences": [ 0, 2 ],
    "spawns": { "group": "GROUP_FUNGI", "population": [ 350, 950 ], "radius": [ 35, 75 ] }
  },
  {
    "type": "overmap_special",
    "id": "Fungal Tower",
    "copy-from": "Fungal Tower",
    "overmaps": [ { "point": [ 0, 0, 0 ], "overmap": "fungal_tower", "connect": "road", "existing": true } ],
    "locations": [ "land" ],
    "occurrences": [ 0, 2 ],
    "spawns": { "group": "GROUP_FUNGI_TOWER", "population": [ 150, 300 ], "radius": [ 12, 24 ] }
  },
  {
    "type": "overmap_special",
    "id": "Fungal Flowers",
    "overmaps": [ { "point": [ 0, 0, 0 ], "overmap": "fungal_flowers" } ],
    "locations": [ "swamp" ],
    "city_distance": [ 8, -1 ],
    "city_sizes": [ 4, 12 ],
    "occurrences": [ 1, 2 ],
    "rotate": false,
    "spawns": { "group": "GROUP_FUNGI_FLOWERS", "population": [ 50, 150 ], "radius": [ 20, 45 ] }
  },
  {
    "type": "overmap_special",
    "id": "Wasp Hive",
    "overmaps": [ { "point": [ 0, 0, 0 ], "overmap": "wasp_center" } ],
    "locations": [ "swamp", "forest" ],
    "city_distance": [ 0, -1 ],
    "city_sizes": [ 4, 16 ],
    "occurrences": [ 0, 3 ],
    "rotate": false,
    "spawns": { "group": "GROUP_WASP", "population": [ 150, 450 ], "radius": [ 90, 180 ] }
  },
  {
    "type": "overmap_special",
    "id": "Anthill",
    "copy-from": "Anthill",
    "locations": [ "land" ],
    "city_distance": [ 3, -1 ],
    "city_sizes": [ 4, 16 ],
    "occurrences": [ 1, 5 ],
    "spawns": { "group": "GROUP_ANT", "population": [ 600, 1800 ], "radius": [ 25, 65 ] }
  },
  {
    "type": "overmap_special",
    "id": "Acid Anthill",
    "copy-from": "Acid_Anthill",
    "city_distance": [ 3, -1 ],
    "city_sizes": [ 0, 20 ],
    "occurrences": [ 0, 3 ],
    "rotate": false,
    "spawns": { "group": "GROUP_ANT_ACID", "population": [ 450, 1350 ], "radius": [ 20, 60 ] }
  },
  {
    "type": "overmap_special",
    "id": "Spider Pit",
    "copy-from": "Spider Pit",
    "city_distance": [ 0, -1 ],
    "occurrences": [ 0, 6 ],
    "rotate": false,
    "spawns": { "group": "GROUP_SPIDER", "population": [ 20, 60 ], "radius": [ 4, 12 ] }
  },
  {
    "type": "overmap_special",
    "id": "spider_pit_close",
    "overmaps": [ { "point": [ 0, 0, 0 ], "overmap": "spider_pit" }, { "point": [ 0, 0, -1 ], "overmap": "spider_pit_under" } ],
    "locations": [ "forest" ],
    "city_distance": [ 0, 10 ],
    "city_sizes": [ 1, 12 ],
    "occurrences": [ 0, 3 ],
    "rotate": false,
    "spawns": { "group": "GROUP_SPIDER", "population": [ 18, 54 ], "radius": [ 4, 10 ] }
  },
  {
    "type": "overmap_special",
    "id": "trapdoor_spider_pit_close",
    "overmaps": [ { "point": [ 0, 0, 0 ], "overmap": "trapdoor_pit" }, { "point": [ 0, 0, -1 ], "overmap": "trapdoor_pit_b1" } ],
    "locations": [ "field" ],
    "city_distance": [ 0, 8 ],
    "city_sizes": [ 4, 16 ],
    "occurrences": [ 0, 3 ],
    "rotate": false,
    "spawns": { "group": "GROUP_SPIDER_TRAP", "population": [ 15, 40 ], "radius": [ 4, 12 ] }
  },
  {
    "type": "overmap_special",
    "id": "trapdoor_spider_pit",
    "overmaps": [ { "point": [ 0, 0, 0 ], "overmap": "trapdoor_pit" }, { "point": [ 0, 0, -1 ], "overmap": "trapdoor_pit_b1" } ],
    "locations": [ "field" ],
    "city_distance": [ 2, -1 ],
    "city_sizes": [ 4, 16 ],
    "occurrences": [ 0, 5 ],
    "rotate": false,
    "spawns": { "group": "GROUP_SPIDER_TRAP", "population": [ 15, 40 ], "radius": [ 4, 10 ] }
  },
  {
    "type": "overmap_special",
    "id": "hell_spire",
    "overmaps": [
      { "point": [ 0, 0, 0 ], "overmap": "hell_city_entranceNW" },
      { "point": [ 1, 0, 0 ], "overmap": "hell_city_entranceNE" },
      { "point": [ 0, 1, 0 ], "overmap": "hell_city_entranceSW" },
      { "point": [ 1, 1, 0 ], "overmap": "hell_city_entranceSE" },
      { "point": [ 0, 0, -1 ], "overmap": "hell_city_tunnel_B1W" },
      { "point": [ 1, 0, -1 ], "overmap": "hell_city_tunnel_B1E" },
      { "point": [ 0, 0, -2 ], "overmap": "hell_city_tunnel_prison_N" },
      { "point": [ 0, 1, -2 ], "overmap": "hell_city_tunnel_prison_S" },
      { "point": [ 1, 0, -2 ], "overmap": "hell_city_tunnel_B2E" },
      { "point": [ 1, 0, -3 ], "overmap": "hell_city_B3N" },
      { "point": [ 1, 1, -3 ], "overmap": "hell_city_B3S" }
    ],
    "locations": [ "land" ],
    "city_distance": [ -1, 4 ],
    "city_sizes": [ 5, 16 ],
    "occurrences": [ 0, 2 ],
    "rotate": false,
    "spawns": { "group": "GROUP_DOOM", "population": [ 50, 130 ], "radius": [ 12, 35 ] }
  },
  {
    "type": "overmap_special",
    "id": "hell_castle",
    "overmaps": [
      { "point": [ 0, 0, 0 ], "overmap": "hell_castle_NW" },
      { "point": [ 1, 0, 0 ], "overmap": "hell_castle_N" },
      { "point": [ 2, 0, 0 ], "overmap": "hell_castle_NE" },
      { "point": [ 0, 1, 0 ], "overmap": "hell_castle_CW" },
      { "point": [ 1, 1, 0 ], "overmap": "hell_castle_C" },
      { "point": [ 2, 1, 0 ], "overmap": "hell_castle_CE" },
      { "point": [ 0, 2, 0 ], "overmap": "hell_castle_SW" },
      { "point": [ 1, 2, 0 ], "overmap": "hell_castle_S" },
      { "point": [ 2, 2, 0 ], "overmap": "hell_castle_SE" },
      { "point": [ 0, 0, -1 ], "overmap": "hell_castle_B1_NW" },
      { "point": [ 1, 0, -1 ], "overmap": "hell_castle_B1_N" },
      { "point": [ 2, 0, -1 ], "overmap": "hell_castle_B1_NE" },
      { "point": [ 0, 1, -1 ], "overmap": "hell_castle_B1_CW" },
      { "point": [ 1, 1, -1 ], "overmap": "hell_castle_B1_C" },
      { "point": [ 2, 1, -1 ], "overmap": "hell_castle_B1_CE" },
      { "point": [ 0, 2, -1 ], "overmap": "hell_castle_B1_SW" },
      { "point": [ 1, 2, -1 ], "overmap": "hell_castle_B1_S" },
      { "point": [ 2, 2, -1 ], "overmap": "hell_castle_B1_SE" },
      { "point": [ 0, 0, -2 ], "overmap": "hell_castle_B2_NW" },
      { "point": [ 1, 0, -2 ], "overmap": "hell_castle_B2_N" },
      { "point": [ 2, 0, -2 ], "overmap": "hell_castle_B2_NE" },
      { "point": [ 0, 1, -2 ], "overmap": "hell_castle_B2_CW" },
      { "point": [ 1, 1, -2 ], "overmap": "hell_castle_B2_C" },
      { "point": [ 2, 1, -2 ], "overmap": "hell_castle_B2_CE" },
      { "point": [ 0, 2, -2 ], "overmap": "hell_castle_B2_SW" },
      { "point": [ 1, 2, -2 ], "overmap": "hell_castle_B2_S" },
      { "point": [ 2, 2, -2 ], "overmap": "hell_castle_B2_SE" }
    ],
    "locations": [ "land" ],
    "city_distance": [ 2, 25 ],
    "city_sizes": [ 4, 16 ],
    "occurrences": [ 0, 1 ],
    "rotate": false,
    "spawns": { "group": "GROUP_DOOM", "population": [ 100, 300 ], "radius": [ 25, 65 ] }
  },
  {
    "type": "overmap_special",
    "id": "doom_lab",
    "overmaps": [
      { "point": [ 0, 0, 0 ], "overmap": "forest" },
      { "point": [ 1, 0, 0 ], "overmap": "forest" },
      { "point": [ 2, 0, 0 ], "overmap": "doomlab_f00_20" },
      { "point": [ 3, 0, 0 ], "overmap": "forest" },
      { "point": [ 4, 0, 0 ], "overmap": "forest" },
      { "point": [ 0, 1, 0 ], "overmap": "forest" },
      { "point": [ 1, 1, 0 ], "overmap": "forest" },
      { "point": [ 2, 1, 0 ], "overmap": "forest" },
      { "point": [ 3, 1, 0 ], "overmap": "forest" },
      { "point": [ 4, 1, 0 ], "overmap": "forest" },
      { "point": [ 0, 2, 0 ], "overmap": "forest" },
      { "point": [ 1, 2, 0 ], "overmap": "forest" },
      { "point": [ 2, 2, 0 ], "overmap": "forest" },
      { "point": [ 3, 2, 0 ], "overmap": "forest" },
      { "point": [ 4, 2, 0 ], "overmap": "forest" },
      { "point": [ 0, 3, 0 ], "overmap": "forest" },
      { "point": [ 1, 3, 0 ], "overmap": "forest" },
      { "point": [ 2, 3, 0 ], "overmap": "forest" },
      { "point": [ 3, 3, 0 ], "overmap": "forest" },
      { "point": [ 4, 3, 0 ], "overmap": "forest" },
      { "point": [ 0, 4, 0 ], "overmap": "forest" },
      { "point": [ 1, 4, 0 ], "overmap": "forest" },
      { "point": [ 2, 4, 0 ], "overmap": "forest" },
      { "point": [ 3, 4, 0 ], "overmap": "forest" },
      { "point": [ 4, 4, 0 ], "overmap": "forest" },
      { "point": [ 0, 0, -1 ], "overmap": "doomlab_lab_open" },
      { "point": [ 1, 0, -1 ], "overmap": "doomlab_lab_open" },
      { "point": [ 2, 0, -1 ], "overmap": "doomlab_f01_20" },
      { "point": [ 3, 0, -1 ], "overmap": "doomlab_office" },
      { "point": [ 4, 0, -1 ], "overmap": "doomlab_office" },
      { "point": [ 0, 1, -1 ], "overmap": "doomlab_lab_open" },
      { "point": [ 1, 1, -1 ], "overmap": "doomlab_lab_open" },
      { "point": [ 2, 1, -1 ], "overmap": "doomlab_lab_open" },
      { "point": [ 3, 1, -1 ], "overmap": "doomlab_office" },
      { "point": [ 4, 1, -1 ], "overmap": "doomlab_office" },
      { "point": [ 0, 2, -1 ], "overmap": "doomlab_dorm" },
      { "point": [ 1, 2, -1 ], "overmap": "doomlab_lab_open" },
      { "point": [ 2, 2, -1 ], "overmap": "doomlab_lab_open" },
      { "point": [ 3, 2, -1 ], "overmap": "doomlab_office" },
      { "point": [ 4, 2, -1 ], "overmap": "doomlab_office" },
      { "point": [ 0, 3, -1 ], "overmap": "doomlab_office" },
      { "point": [ 1, 3, -1 ], "overmap": "doomlab_lab_open" },
      { "point": [ 2, 3, -1 ], "overmap": "doomlab_lab_open" },
      { "point": [ 3, 3, -1 ], "overmap": "doomlab_dorm" },
      { "point": [ 4, 3, -1 ], "overmap": "doomlab_dorm" },
      { "point": [ 0, 4, -1 ], "overmap": "doomlab_stairs" },
      { "point": [ 1, 4, -1 ], "overmap": "doomlab_dorm" },
      { "point": [ 2, 4, -1 ], "overmap": "doomlab_comms" },
      { "point": [ 3, 4, -1 ], "overmap": "doomlab_lab_open" },
      { "point": [ 4, 4, -1 ], "overmap": "doomlab_stairs" },
      { "point": [ -1, 2, -1 ], "overmap": "doomlab_redacted" },
      { "point": [ 1, 5, -1 ], "overmap": "doomlab_redacted" },
      { "point": [ 0, 0, -2 ], "overmap": "doomlab_comms" },
      { "point": [ 1, 0, -2 ], "overmap": "doomlab_lab_open" },
      { "point": [ 2, 0, -2 ], "overmap": "doomlab_finale" },
      { "point": [ 3, 0, -2 ], "overmap": "doomlab_lab_open" },
      { "point": [ 4, 0, -2 ], "overmap": "doomlab_lab_open" },
      { "point": [ 0, 1, -2 ], "overmap": "doomlab_dorm" },
      { "point": [ 1, 1, -2 ], "overmap": "doomlab_dorm" },
      { "point": [ 2, 1, -2 ], "overmap": "doomlab_dorm" },
      { "point": [ 3, 1, -2 ], "overmap": "doomlab_lab_prm" },
      { "point": [ 4, 1, -2 ], "overmap": "doomlab_lab_prm" },
      { "point": [ 0, 2, -2 ], "overmap": "doomlab_redacted" },
      { "point": [ 1, 2, -2 ], "overmap": "doomlab_lab_open" },
      { "point": [ 2, 2, -2 ], "overmap": "doomlab_lab_prm" },
      { "point": [ 3, 2, -2 ], "overmap": "doomlab_comms" },
      { "point": [ 4, 2, -2 ], "overmap": "doomlab_lab_open" },
      { "point": [ 0, 3, -2 ], "overmap": "doomlab_lab_prm" },
      { "point": [ 1, 3, -2 ], "overmap": "doomlab_comms" },
      { "point": [ 2, 3, -2 ], "overmap": "doomlab_lab_open" },
      { "point": [ 3, 3, -2 ], "overmap": "doomlab_office" },
      { "point": [ 4, 3, -2 ], "overmap": "doomlab_office" },
      { "point": [ 0, 4, -2 ], "overmap": "doomlab_stairs_II" },
      { "point": [ 1, 4, -2 ], "overmap": "doomlab_office" },
      { "point": [ 2, 4, -2 ], "overmap": "doomlab_redacted" },
      { "point": [ 3, 4, -2 ], "overmap": "doomlab_office" },
      { "point": [ 4, 4, -2 ], "overmap": "doomlab_stairs_II" },
      { "point": [ 0, -1, -2 ], "overmap": "doomlab_redacted" },
      { "point": [ 1, -1, -2 ], "overmap": "doomlab_comms" },
      { "point": [ 2, -1, -2 ], "overmap": "doomlab_office" },
      { "point": [ 3, -1, -2 ], "overmap": "doomlab_lab_open" },
      { "point": [ 4, -1, -2 ], "overmap": "doomlab_redacted" },
      { "point": [ 2, 5, -2 ], "overmap": "doomlab_redacted" },
      { "point": [ 2, 0, -3 ], "overmap": "doomlab_finale_II" }
    ],
    "connections": [ { "point": [ 2, -1, 0 ], "terrain": "road" } ],
    "locations": [ "land" ],
    "city_distance": [ 3, -1 ],
    "city_sizes": [ 4, 16 ],
    "occurrences": [ 0, 2 ],
    "rotate": false,
    "spawns": { "group": "GROUP_DOOM", "population": [ 10, 35 ], "radius": [ 7, 21 ] }
  },
  {
    "type": "overmap_special",
    "id": "cemetery_public_large",
    "overmaps": [
      { "point": [ 0, 0, 0 ], "overmap": "cemetery_large_00" },
      { "point": [ 1, 0, 0 ], "overmap": "cemetery_large_10" },
      { "point": [ 2, 0, 0 ], "overmap": "cemetery_large_20" },
      { "point": [ 3, 0, 0 ], "overmap": "cemetery_large_30" },
      { "point": [ 4, 0, 0 ], "overmap": "cemetery_large_40" },
      { "point": [ 5, 0, 0 ], "overmap": "cemetery_large_50" },
      { "point": [ 0, 1, 0 ], "overmap": "cemetery_large_01" },
      { "point": [ 1, 1, 0 ], "overmap": "cemetery_large_11" },
      { "point": [ 2, 1, 0 ], "overmap": "cemetery_large_21" },
      { "point": [ 3, 1, 0 ], "overmap": "cemetery_large_31" },
      { "point": [ 4, 1, 0 ], "overmap": "cemetery_large_41" },
      { "point": [ 5, 1, 0 ], "overmap": "cemetery_large_51" },
      { "point": [ 0, 2, 0 ], "overmap": "cemetery_large_02" },
      { "point": [ 1, 2, 0 ], "overmap": "cemetery_large_12" },
      { "point": [ 2, 2, 0 ], "overmap": "cemetery_large_22" },
      { "point": [ 3, 2, 0 ], "overmap": "cemetery_large_32" },
      { "point": [ 4, 2, 0 ], "overmap": "cemetery_large_42" },
      { "point": [ 5, 2, 0 ], "overmap": "cemetery_large_52" },
      { "point": [ 0, 3, 0 ], "overmap": "cemetery_large_03" },
      { "point": [ 1, 3, 0 ], "overmap": "cemetery_large_13" },
      { "point": [ 2, 3, 0 ], "overmap": "cemetery_large_23" },
      { "point": [ 3, 3, 0 ], "overmap": "cemetery_large_33" },
      { "point": [ 4, 3, 0 ], "overmap": "cemetery_large_43" },
      { "point": [ 5, 3, 0 ], "overmap": "cemetery_large_53" },
      { "point": [ 0, 4, 0 ], "overmap": "cemetery_large_04" },
      { "point": [ 1, 4, 0 ], "overmap": "cemetery_large_14" },
      { "point": [ 2, 4, 0 ], "overmap": "cemetery_large_24" },
      { "point": [ 3, 4, 0 ], "overmap": "cemetery_large_34" },
      { "point": [ 4, 4, 0 ], "overmap": "cemetery_large_44" },
      { "point": [ 5, 4, 0 ], "overmap": "cemetery_large_54" },
      { "point": [ 0, 5, 0 ], "overmap": "road_ew" },
      { "point": [ 1, 5, 0 ], "overmap": "road_ew" },
      { "point": [ 2, 5, 0 ], "overmap": "road_ew" },
      { "point": [ 3, 5, 0 ], "overmap": "road_nesw" },
      { "point": [ 4, 5, 0 ], "overmap": "road_ew" },
      { "point": [ 5, 5, 0 ], "overmap": "road_ew" }
    ],
    "connections": [ { "point": [ 3, 6, 0 ], "terrain": "road" } ],
    "locations": [ "land" ],
    "city_distance": [ 0, 20 ],
    "city_sizes": [ 6, 16 ],
    "occurrences": [ 0, 2 ],
    "rotate": false
  },
  {
    "type": "overmap_special",
    "id": "Pond",
    "copy-from": "Pond",
    "city_distance": [ 0, -1 ],
    "occurrences": [ 1, 10 ]
  },
  {
    "type": "overmap_special",
    "id": "basin",
    "copy-from": "basin",
    "city_distance": [ 0, -1 ],
    "occurrences": [ 1, 8 ]
  },
  {
    "type": "overmap_special",
    "id": "bog",
    "copy-from": "bog",
    "city_distance": [ 0, -1 ],
    "occurrences": [ 0, 3 ],
    "spawns": { "group": "GROUP_BOG", "population": [ 0, 3 ], "chance": 60 }
  },
  {
    "type": "overmap_special",
    "id": "Plantation",
    "//": "Created and donated by Kedryn on the C:DDA Forums.",
    "overmaps": [
      { "point": [ -1, -1, 0 ], "overmap": "farm_pasture_nw" },
      { "point": [ 0, -1, 0 ], "overmap": "farm_pasture_n" },
      { "point": [ 1, -1, 0 ], "overmap": "farm_pasture_n" },
      { "point": [ 2, -1, 0 ], "overmap": "farm_pasture_n" },
      { "point": [ 3, -1, 0 ], "overmap": "farm_pasture_ne" },
      { "point": [ -1, 0, 0 ], "overmap": "farm_pasture_w" },
      { "point": [ 0, 0, 0 ], "overmap": "farm_lot" },
      { "point": [ 1, 0, 0 ], "overmap": "farm_house" },
      { "point": [ 2, 0, 0 ], "overmap": "farm_house_e" },
      { "point": [ 3, 0, 0 ], "overmap": "farm_pasture_e" },
      { "point": [ -1, 1, 0 ], "overmap": "farm_pasture_sw" },
      { "point": [ 0, 1, 0 ], "overmap": "barn" },
      { "point": [ 1, 1, 0 ], "overmap": "farm_garden" },
      { "point": [ 2, 1, 0 ], "overmap": "farm_garden_e" },
      { "point": [ 3, 1, 0 ], "overmap": "farm_pasture_se" },
      { "point": [ -1, 2, 0 ], "overmap": "farm_crops_nw" },
      { "point": [ 0, 2, 0 ], "overmap": "barn_drive" },
      { "point": [ 1, 2, 0 ], "overmap": "farm_drive_n" },
      { "point": [ 2, 2, 0 ], "overmap": "farm_crops_n" },
      { "point": [ 3, 2, 0 ], "overmap": "farm_crops_ne" },
      { "point": [ -1, 3, 0 ], "overmap": "farm_crops_w" },
      { "point": [ 0, 3, 0 ], "overmap": "farm_17" },
      { "point": [ 1, 3, 0 ], "overmap": "farm_drive" },
      { "point": [ 2, 3, 0 ], "overmap": "farm_crops" },
      { "point": [ 3, 3, 0 ], "overmap": "farm_crops_e" },
      { "point": [ -1, 4, 0 ], "overmap": "farm_crops_sw" },
      { "point": [ 0, 4, 0 ], "overmap": "farm_drive_sw" },
      { "point": [ 1, 4, 0 ], "overmap": "farm_drive_s" },
      { "point": [ 2, 4, 0 ], "overmap": "farm_crops_s" },
      { "point": [ 3, 4, 0 ], "overmap": "farm_crops_se" },
      { "point": [ 1, 0, -1 ], "overmap": "farm_wine_cellar" },
      { "point": [ -1, 5, 0 ], "overmap": "road_ew" },
      { "point": [ 0, 5, 0 ], "overmap": "road_ew" },
      { "point": [ 1, 5, 0 ], "overmap": "road_ew" },
      { "point": [ 2, 5, 0 ], "overmap": "road_ew" },
      { "point": [ 3, 5, 0 ], "overmap": "road_ew" }
    ],
    "connections": [ { "point": [ -2, 5, 0 ], "terrain": "road" } ],
    "locations": [ "land" ],
    "city_distance": [ 15, -1 ],
    "city_sizes": [ 4, 16 ],
    "occurrences": [ 0, 1 ],
    "rotate": false,
    "flags": [ "CLASSIC" ]
  },
  {
    "type": "overmap_special",
    "id": "sludge pit",
    "overmaps": [
      { "point": [ -1, -1, 0 ], "overmap": "crater" },
      { "point": [ 0, -1, 0 ], "overmap": "crater" },
      { "point": [ 1, -1, 0 ], "overmap": "crater" },
      { "point": [ -1, 0, 0 ], "overmap": "crater" },
      { "point": [ 0, 0, 0 ], "overmap": "sludge_pit" },
      { "point": [ 1, 0, 0 ], "overmap": "crater" },
      { "point": [ -1, 1, 0 ], "overmap": "crater" },
      { "point": [ 0, 1, 0 ], "overmap": "crater" },
      { "point": [ 1, 1, 0 ], "overmap": "crater" },
      { "point": [ 0, 0, -1 ], "overmap": "sludge_pit_under" }
    ],
    "connections": [ { "point": [ -2, 0, 0 ], "terrain": "road" } ],
    "locations": [ "swamp", "field" ],
    "city_distance": [ 6, -1 ],
    "city_sizes": [ 4, 16 ],
    "occurrences": [ 0, 2 ],
    "rotate": false,
    "spawns": { "group": "GROUP_SLUDGE", "population": [ 15, 35 ], "radius": [ 8, 32 ] }
  },
  {
    "type": "overmap_special",
    "id": "sky anomalie",
    "overmaps": [ { "point": [ 0, 0, 0 ], "overmap": "sky_vortex_ground" }, { "point": [ 0, 0, 1 ], "overmap": "sky_vortex" } ],
    "locations": [ "swamp", "field" ],
    "city_distance": [ 0, -1 ],
    "city_sizes": [ 4, 16 ],
    "occurrences": [ 0, 2 ],
    "rotate": false
  },
  {
    "type": "overmap_special",
    "id": "sky anomalie_city",
    "overmaps": [ { "point": [ 0, 0, 0 ], "overmap": "sky_vortex_ground" }, { "point": [ 0, 0, 1 ], "overmap": "sky_vortex" } ],
    "locations": [ "swamp", "wilderness" ],
    "city_distance": [ -1, 3 ],
    "city_sizes": [ 4, 16 ],
    "occurrences": [ 0, 1 ],
    "rotate": false
  },
  {
    "type": "overmap_special",
    "id": "hunter_cabin",
    "overmaps": [ { "point": [ 0, 0, 0 ], "overmap": "hunter_shack" } ],
    "locations": [ "swamp" ],
    "city_distance": [ 18, -1 ],
    "city_sizes": [ 4, 16 ],
    "occurrences": [ 0, 2 ],
    "rotate": false
  }
]
