[
  {
    "type": "profession",
    "ident": "doomguy",
    "name": "毁灭战士",
    "description": "你挖开了地狱的入口，走进了传送门。到达这里以后发现你的收音机坏了，补给也没了，你陷入了死亡的深渊。",
    "points": 7,
    "skills": [
      { "name": "gun", "level": 4 },
      { "name": "dodge", "level": 5 },
      { "name": "melee", "level": 3 },
      { "name": "shotgun", "level": 4 },
      { "name": "firstaid", "level": 3 }
    ],
    "traits": [ "PSYCHOPATH", "TERRIFYING" ],
    "items": {
      "both": {
        "items": [
          "socks",
          "megaarmor_boots_1",
          "megaarmor_leggings_1",
          "megaarmor_torso_2",
          "megaarmor_armguards_1",
          "megaarmor_gloves_1",
          "megaarmor_head_1",
          "legrig",
          "knife_rambo",
          "flashlight",
          "shot_00",
          "berserker_drug",
          "medikit",
          "stamina_vial"
        ],
        "entries": [
          { "item": "m1911", "ammo-item": "45_jhp", "charges": 7, "container-item": "holster" },
          { "item": "45_jhp", "charges": 7, "container-item": "m1911mag" },
          { "item": "45_jhp", "charges": 16 },
          { "item": "ithaca_doom", "ammo-item": "shot_00", "charges": 12, "container-item": "megaarmor_torso_1" },
          { "item": "shot_00", "charges": 8 }
        ]
      }
    }
  },
  {
    "type": "profession",
    "ident": "riot_cop",
    "name": "SWAT精英",
    "description": "作为SWAT部队的精英，你被派遣领导一个小组去解决目前遇到的一些问题。希望你和你的小组可以已更加合理的方式处理目前出现的暴乱。",
    "points": 5,
    "skills": [
      { "name": "gun", "level": 3 },
      { "name": "launcher", "level": 2 },
      { "name": "melee", "level": 2 },
      { "name": "unarmed", "level": 2 },
      { "name": "bashing", "level": 1 }
    ],
    "traits": [ "PROF_SWAT" ],
    "items": {
      "both": {
        "items": [
          "badge_swat",
          "socks",
          "boots_combat",
          "gloves_tactical",
          "technician_pants_gray",
          "knee_pads",
          "legrig",
          "technician_shirt_gray",
          "armguard_hard",
          "fanny",
          "fanny",
          "tac_helmet",
          "swat_shield",
          "PR24-retracted",
          "bomblet_stun",
          "bomblet_stun",
          "bomblet_explosive",
          "stamina_vial"
        ],
        "entries": [ { "item": "bomblet_launcher_dualshot", "ammo-item": "bomblet_stun", "charges": 6 } ]
      },
      "male": [ "boxer_briefs" ],
      "female": [ "bra", "boxer_shorts" ]
    }
  },
  {
    "type": "profession",
    "ident": "huntsman",
    "name": "森林猎人",
    "description": "在森林里进行长时间单独狩猎的劣人。你比城市里面的人类更加善于在野外求生。你除了基本装备以外还携带了打猎用的弓箭和左轮手枪。",
    "points": 5,
    "skills": [
      { "name": "survival", "level": 3 },
      { "name": "archery", "level": 3 },
      { "name": "fabrication", "level": 2 },
      { "name": "gun", "level": 2 },
      { "name": "traps", "level": 2 }
    ],
    "traits": [ "LIGHTSTEP", "OUTDOORSMAN" ],
    "items": {
      "both": {
        "items": [
          "mocassins",
          "gloves_fingerless",
          "union_suit",
          "pants",
          "longshirt",
          "vest",
          "vest_leather",
          "armguard_soft",
          "vambrace_larmor",
          "leather_pouch",
          "leather_pouch",
          "hat_fur",
          "quiver",
          "sheath",
          "knife_hunting",
          "shortbow",
          "arrow_wood",
          "arrow_wood",
          "arrow_wood",
          "arrow_wood",
          "mil_mess_kit",
          "multitool",
          "ref_lighter_dare",
          "canteen",
          "1st_aid",
          "salt",
          "stamina_vial",
          "beartrap",
          "beartrap"
        ],
        "entries": [ { "item": "ruger_lcr_38", "ammo-item": "38_special", "charges": 6 } ]
      }
    }
  },
  {
    "type": "profession",
    "ident": "mutant_crafter",
    "name": "实验室助理",
    "description": "你是一个诱变剂实验室的助理，在灾难发生的时候你携带了一些装备后慌乱的逃跑了。",
    "points": 4,
    "skills": [
      { "name": "computer", "level": 3 },
      { "name": "cooking", "level": 2 },
      { "name": "firstaid", "level": 2 },
      { "name": "survival", "level": 1 },
      { "name": "speech", "level": 1 }
    ],
    "items": {
      "male": [ "briefs" ],
      "female": [ "bra", "panties" ],
      "both": {
        "items": [
          "dress_shirt",
          "pants",
          "socks",
          "boots",
          "coat_lab",
          "mbag",
          "gloves_rubber",
          "glasses_safety",
          "recipe_labchem",
          "battery",
          "scalpel",
          "syringe",
          "syringe",
          "oxy_powder",
          "lye_powder",
          "tallow_tainted",
          "tallow_tainted",
          "tallow_tainted",
          "tallow_tainted",
          "tallow_tainted",
          "tallow_tainted"
        ],
        "entries": [ { "item": "chemistry_set", "ammo-item": "battery", "charges": 100 } ]
      }
    }
  },
  {
    "type": "profession",
    "ident": "a pisskop",
    "name": "未知世代",
    "description": "你是一个40多岁的成熟中年人，英俊潇洒，身体状况良好。犹豫年纪的关系，变得多愁伤感起来。",
    "points": 4,
    "//": "gotta keep in mind balance . . .",
    "skills": [
      { "name": "swimming", "level": 2 },
      { "name": "speech", "level": 2 },
      { "name": "computer", "level": 2 },
      { "name": "firstaid", "level": 1 },
      { "name": "gun", "level": 1 }
    ],
    "traits": [ "PRETTY", "FORGETFUL" ],
    "items": {
      "male": [ "boxer_shorts" ],
      "female": [ "sports_bra", "boy_shorts" ],
      "both": {
        "items": [
          "sneakers",
          "socks",
          "pants",
          "leather_belt",
          "tshirt",
          "dress_shirt",
          "turtleneck",
          "hat_cotton",
          "gloves_leather",
          "cell_phone",
          "matches",
          "permanent_marker",
          "cash_card",
          "diveknife",
          "banana",
          "maple_candy",
          "newest_newspaper"
        ],
        "entries": [ { "item": "protein_drink", "charges": 1, "container-item": "flask_hip" } ]
      }
    }
  }
]
