[
  {
    "result": "candlestick",
    "type": "uncraft",
    "override": true,
    "time": 3500,
    "qualities": [ { "id": "HAMMER", "level": 1 }, { "id": "SCREW", "level": 1 } ],
    "components": [ [ [ "gold_small", 100 ] ], [ [ "silver_small", 400 ] ], [ [ "steel_lump", 1 ] ] ]
  },
  {
    "result": "duster_leather",
    "type": "recipe",
    "override": true,
    "category": "CC_ARMOR",
    "subcategory": "CSC_ARMOR_TORSO",
    "skill_used": "tailor",
    "difficulty": 5,
    "time": 200000,
    "autolearn": true,
    "book_learn": [ [ "textbook_tailor", 4 ], [ "tailor_portfolio", 4 ] ],
    "tools": [ [ [ "sewing_kit", 60 ] ] ],
    "components": [ [ [ "leather", 29 ], [ "tanned_hide", 5 ] ] ]
  },
  {
    "result": "trenchcoat_leather",
    "type": "recipe",
    "override": true,
    "category": "CC_ARMOR",
    "subcategory": "CSC_ARMOR_TORSO",
    "skill_used": "tailor",
    "difficulty": 5,
    "time": 200000,
    "autolearn": true,
    "book_learn": [ [ "textbook_tailor", 4 ], [ "tailor_portfolio", 4 ] ],
    "tools": [ [ [ "sewing_kit", 45 ] ] ],
    "components": [ [ [ "leather", 22 ], [ "tanned_hide", 4 ] ] ]
  },
  {
    "result": "broken_tripod",
    "type": "uncraft",
    "skill_used": "electronics",
    "difficulty": 8,
    "time": 300000,
    "qualities": [ { "id": "SCREW", "level": 1, "amount": 1 }, { "id": "SAW_M", "level": 1, "amount": 1 } ],
    "tools": [
      [ [ "soldering_iron", 10 ], [ "toolset", 10 ] ],
      [ [ "oxy_torch", 20 ], [ "welder", 100 ], [ "toolset", 150 ], [ "welder_crude", 150 ] ]
    ],
    "components": [
      [ [ "power_supply", 12 ] ],
      [ [ "processor", 1 ] ],
      [ [ "RAM", 1 ] ],
      [ [ "welder", 1 ] ],
      [ [ "wire", 4 ] ],
      [ [ "motor", 2 ] ],
      [ [ "steel_chunk", 60 ] ]
    ]
  },
  {
    "type": "recipe",
    "result": "mutagen",
    "override": true,
    "category": "CC_CHEM",
    "subcategory": "CSC_CHEM_MUTAGEN",
    "skill_used": "cooking",
    "skills_required": [ [ "firstaid", 2 ] ],
    "difficulty": 3,
    "time": 10000,
    "autolearn": true,
    "book_learn": [
      [ "textbook_gaswarfare", 2 ],
      [ "recipe_creepy", 2 ],
      [ "recipe_animal", 2 ],
      [ "recipe_maiar", 2 ],
      [ "recipe_serum", 2 ],
      [ "recipe_labchem", 2 ]
    ],
    "qualities": [ { "id": "CHEM", "level": 2, "amount": 1 } ],
    "tools": [ [ [ "surface_heat", 25, "LIST" ] ] ],
    "components": [
      [ [ "tallow_tainted", 1 ], [ "dry_meat_tainted", 2 ], [ "slime_scrap", 3 ], [ "fetus", 1 ], [ "arm", 1 ], [ "leg", 1 ] ],
      [ [ "bleach", 2 ], [ "oxy_powder", 40 ] ],
      [ [ "ammonia", 1 ], [ "lye_powder", 20 ] ]
    ]
  },
  {
    "type": "recipe",
    "result": "iv_mutagen",
    "override": true,
    "category": "CC_CHEM",
    "subcategory": "CSC_CHEM_MUTAGEN",
    "skill_used": "cooking",
    "skills_required": [ "firstaid", 5 ],
    "difficulty": 5,
    "time": 15000,
    "book_learn": [ [ "recipe_serum", 6 ], [ "recipe_labchem", 6 ] ],
    "qualities": [ { "id": "CHEM", "level": 2, "amount": 1 } ],
    "tools": [ [ [ "surface_heat", 37, "LIST" ] ] ],
    "components": [ [ [ "mutagen", 2 ] ], [ [ "slime_scrap", 2 ] ] ]
  },
  {
    "type": "recipe",
    "result": "mutagen_plant",
    "override": true,
    "category": "CC_CHEM",
    "subcategory": "CSC_CHEM_MUTAGEN",
    "skill_used": "cooking",
    "skills_required": [ [ "survival", 3 ] ],
    "difficulty": 3,
    "time": 10000,
    "autolearn": true,
    "book_learn": [ [ "recipe_creepy", 2 ] ],
    "qualities": [ { "id": "CHEM", "level": 2, "amount": 1 } ],
    "tools": [ [ [ "surface_heat", 25, "LIST" ] ] ],
    "components": [
      [ [ "mutagen", 1 ] ],
      [ [ "biollante_bud", 1 ], [ "datura_seed", 8 ] ],
      [ [ "fighter_sting", 3 ], [ "poppy_bud", 4 ] ],
      [ [ "ammonia", 1 ], [ "lye_powder", 20 ] ]
    ]
  },
  {
    "type": "recipe",
    "result": "iv_mutagen_plant",
    "override": true,
    "category": "CC_CHEM",
    "subcategory": "CSC_CHEM_MUTAGEN",
    "skill_used": "cooking",
    "skills_required": [ "survival", 5 ],
    "difficulty": 5,
    "time": 15000,
    "book_learn": [ [ "recipe_serum", 6 ], [ "recipe_creepy", 6 ] ],
    "qualities": [ { "id": "CHEM", "level": 2, "amount": 1 } ],
    "tools": [ [ [ "surface_heat", 25, "LIST" ] ] ],
    "components": [ [ [ "mutagen_plant", 2 ] ], [ [ "slime_scrap", 2 ] ] ]
  },
  {
    "type": "recipe",
    "result": "mutagen_insect",
    "override": true,
    "category": "CC_CHEM",
    "subcategory": "CSC_CHEM_MUTAGEN",
    "skill_used": "cooking",
    "skills_required": [ [ "survival", 3 ] ],
    "difficulty": 3,
    "time": 10000,
    "book_learn": [ [ "recipe_maiar", 2 ] ],
    "qualities": [ { "id": "CHEM", "level": 2, "amount": 1 } ],
    "tools": [ [ [ "surface_heat", 25, "LIST" ] ] ],
    "components": [
      [ [ "mutagen", 1 ] ],
      [ [ "honey_bottled", 3 ], [ "honeycomb", 5 ], [ "bee_sting", 2 ], [ "wasp_sting", 2 ] ],
      [ [ "bee_sting", 1 ], [ "wasp_sting", 1 ] ],
      [ [ "ammonia", 1 ], [ "lye_powder", 20 ] ]
    ]
  },
  {
    "type": "recipe",
    "result": "iv_mutagen_insect",
    "override": true,
    "category": "CC_CHEM",
    "subcategory": "CSC_CHEM_MUTAGEN",
    "skill_used": "cooking",
    "skills_required": [ "survival", 5 ],
    "difficulty": 5,
    "time": 15000,
    "book_learn": [ [ "recipe_serum", 6 ], [ "recipe_maiar", 6 ] ],
    "qualities": [ { "id": "CHEM", "level": 2, "amount": 1 } ],
    "tools": [ [ [ "surface_heat", 25, "LIST" ] ] ],
    "components": [ [ [ "mutagen_insect", 2 ] ], [ [ "slime_scrap", 2 ] ] ]
  },
  {
    "type": "recipe",
    "result": "mutagen_spider",
    "override": true,
    "category": "CC_CHEM",
    "subcategory": "CSC_CHEM_MUTAGEN",
    "skill_used": "cooking",
    "skills_required": [ [ "firstaid", 3 ] ],
    "difficulty": 3,
    "time": 10000,
    "book_learn": [ [ "recipe_maiar", 2 ] ],
    "qualities": [ { "id": "CHEM", "level": 2, "amount": 1 } ],
    "tools": [ [ [ "surface_heat", 25, "LIST" ] ] ],
    "components": [ [ [ "mutagen", 1 ] ], [ [ "spider_egg", 2 ], [ "chitin_piece", 4 ] ], [ [ "ammonia", 1 ], [ "lye_powder", 20 ] ] ]
  },
  {
    "type": "recipe",
    "result": "iv_mutagen_spider",
    "override": true,
    "category": "CC_CHEM",
    "subcategory": "CSC_CHEM_MUTAGEN",
    "skill_used": "cooking",
    "skills_required": [ "firstaid", 6 ],
    "difficulty": 5,
    "time": 15000,
    "book_learn": [ [ "recipe_serum", 6 ], [ "recipe_maiar", 6 ] ],
    "qualities": [ { "id": "CHEM", "level": 2, "amount": 1 } ],
    "tools": [ [ [ "surface_heat", 25, "LIST" ] ] ],
    "components": [ [ [ "mutagen_spider", 2 ] ], [ [ "slime_scrap", 2 ] ] ]
  },
  {
    "type": "recipe",
    "result": "mutagen_slime",
    "override": true,
    "category": "CC_CHEM",
    "subcategory": "CSC_CHEM_MUTAGEN",
    "skill_used": "cooking",
    "skills_required": [ [ "firstaid", 3 ] ],
    "difficulty": 3,
    "time": 10000,
    "book_learn": [ [ "recipe_maiar", 2 ], [ "recipe_creepy", 2 ] ],
    "qualities": [ { "id": "CHEM", "level": 2, "amount": 1 } ],
    "tools": [ [ [ "surface_heat", 25, "LIST" ] ] ],
    "components": [ [ [ "mutagen", 1 ] ], [ [ "sewage", 1 ], [ "slime_scrap", 4 ] ], [ [ "ammonia", 1 ], [ "lye_powder", 20 ] ] ]
  },
  {
    "type": "recipe",
    "result": "iv_mutagen_slime",
    "override": true,
    "category": "CC_CHEM",
    "subcategory": "CSC_CHEM_MUTAGEN",
    "skill_used": "cooking",
    "skills_required": [ "firstaid", 5 ],
    "difficulty": 5,
    "time": 15000,
    "book_learn": [ [ "recipe_serum", 6 ], [ "recipe_maiar", 6 ], [ "recipe_creepy", 6 ] ],
    "qualities": [ { "id": "CHEM", "level": 2, "amount": 1 } ],
    "tools": [ [ [ "surface_heat", 25, "LIST" ] ] ],
    "components": [ [ [ "mutagen_slime", 2 ] ], [ [ "slime_scrap", 4 ], [ "sewage", 1 ] ] ]
  },
  {
    "type": "recipe",
    "result": "mutagen_fish",
    "override": true,
    "category": "CC_CHEM",
    "subcategory": "CSC_CHEM_MUTAGEN",
    "skill_used": "cooking",
    "skills_required": [ [ "firstaid", 3 ] ],
    "difficulty": 3,
    "time": 10000,
    "book_learn": [ [ "recipe_animal", 2 ] ],
    "qualities": [ { "id": "CHEM", "level": 2, "amount": 1 } ],
    "tools": [ [ [ "surface_heat", 25, "LIST" ] ] ],
    "components": [
      [ [ "mutagen", 1 ] ],
      [ [ "fish", 2 ], [ "can_sardine", 1 ], [ "can_tuna", 1 ], [ "can_salmon", 1 ], [ "can_herring", 1 ] ],
      [ [ "ammonia", 1 ], [ "lye_powder", 20 ] ]
    ]
  },
  {
    "type": "recipe",
    "result": "iv_mutagen_fish",
    "override": true,
    "category": "CC_CHEM",
    "subcategory": "CSC_CHEM_MUTAGEN",
    "skill_used": "cooking",
    "skills_required": [ "firstaid", 5 ],
    "difficulty": 5,
    "time": 15000,
    "book_learn": [ [ "recipe_serum", 6 ], [ "recipe_animal", 6 ] ],
    "qualities": [ { "id": "CHEM", "level": 2, "amount": 1 } ],
    "tools": [ [ [ "surface_heat", 25, "LIST" ] ] ],
    "components": [ [ [ "mutagen_fish", 2 ] ], [ [ "fish", 2 ], [ "slime_scrap", 2 ] ] ]
  },
  {
    "type": "recipe",
    "result": "mutagen_rat",
    "override": true,
    "category": "CC_CHEM",
    "subcategory": "CSC_CHEM_MUTAGEN",
    "skill_used": "cooking",
    "skills_required": [ [ "survival", 3 ] ],
    "difficulty": 3,
    "time": 10000,
    "book_learn": [ [ "recipe_creepy", 2 ] ],
    "qualities": [ { "id": "CHEM", "level": 2, "amount": 1 } ],
    "tools": [ [ [ "surface_heat", 25, "LIST" ] ] ],
    "components": [
      [ [ "mutagen", 1 ] ],
      [ [ "meat_tainted", 6 ], [ "dry_meat_tainted", 3 ] ],
      [ [ "ammonia", 1 ], [ "lye_powder", 20 ] ]
    ]
  },
  {
    "type": "recipe",
    "result": "iv_mutagen_rat",
    "override": true,
    "category": "CC_CHEM",
    "subcategory": "CSC_CHEM_MUTAGEN",
    "skill_used": "cooking",
    "skills_required": [ "firstaid", 5 ],
    "difficulty": 5,
    "time": 15000,
    "book_learn": [ [ "recipe_serum", 6 ], [ "recipe_creepy", 6 ] ],
    "qualities": [ { "id": "CHEM", "level": 2, "amount": 1 } ],
    "tools": [ [ [ "surface_heat", 25, "LIST" ] ] ],
    "components": [ [ [ "mutagen_rat", 2 ] ], [ [ "slime_scrap", 2 ] ] ]
  },
  {
    "type": "recipe",
    "result": "mutagen_mouse",
    "category": "CC_CHEM",
    "subcategory": "CSC_CHEM_MUTAGEN",
    "skill_used": "cooking",
    "skills_required": [ "survival", 3 ],
    "difficulty": 3,
    "time": 10000,
    "book_learn": [ [ "recipe_animal", 3 ] ],
    "qualities": [ { "id": "CHEM", "level": 2 } ],
    "tools": [ [ [ "surface_heat", 25, "LIST" ] ] ],
    "components": [
      [ [ "mutagen", 1 ] ],
      [
        [ "cheese", 1 ],
        [ "cheese_hard", 1 ],
        [ "can_cheese", 1 ],
        [ "chocolate", 2 ],
        [ "candy", 3 ],
        [ "candy2", 3 ],
        [ "candy3", 3 ],
        [ "sugar", 30 ]
      ],
      [ [ "ammonia", 1 ], [ "lye_powder", 100 ] ]
    ],
    "//": "fun fact: mice don't like cheese as much as sugar! we include it in the recipe because most people correlate the two, and as a fun poke at it"
  },
  {
    "type": "recipe",
    "result": "iv_mutagen_mouse",
    "category": "CC_CHEM",
    "subcategory": "CSC_CHEM_MUTAGEN",
    "skill_used": "cooking",
    "skills_required": [ [ "firstaid", 3 ], [ "survival", 3 ] ],
    "difficulty": 6,
    "time": 15000,
    "book_learn": [ [ "recipe_serum", 6 ], [ "recipe_animal", 7 ] ],
    "qualities": [ { "id": "CHEM", "level": 3 } ],
    "tools": [ [ [ "surface_heat", 37, "LIST" ] ] ],
    "components": [ [ [ "mutagen_mouse", 2 ] ], [ [ "slime_scrap", 2 ] ] ]
  },
  {
    "type": "recipe",
    "result": "mutagen_beast",
    "override": true,
    "category": "CC_CHEM",
    "subcategory": "CSC_CHEM_MUTAGEN",
    "skill_used": "cooking",
    "skills_required": [ [ "survival", 3 ] ],
    "difficulty": 3,
    "time": 10000,
    "book_learn": [ [ "recipe_animal", 2 ] ],
    "qualities": [ { "id": "CHEM", "level": 2, "amount": 1 } ],
    "tools": [ [ [ "surface_heat", 25, "LIST" ] ] ],
    "components": [
      [ [ "mutagen", 1 ] ],
      [ [ "bone", 5 ] ],
      [ [ "liver", 3 ] ],
      [ [ "raw_fur", 1 ] ],
      [ [ "ammonia", 1 ], [ "lye_powder", 20 ] ]
    ]
  },
  {
    "type": "recipe",
    "result": "iv_mutagen_beast",
    "override": true,
    "category": "CC_CHEM",
    "subcategory": "CSC_CHEM_MUTAGEN",
    "skill_used": "cooking",
    "skills_required": [ "survival", 5 ],
    "difficulty": 5,
    "time": 15000,
    "book_learn": [ [ "recipe_serum", 6 ], [ "recipe_animal", 6 ] ],
    "qualities": [ { "id": "CHEM", "level": 2, "amount": 1 } ],
    "tools": [ [ [ "surface_heat", 25, "LIST" ] ] ],
    "components": [ [ [ "mutagen_beast", 2 ] ], [ [ "slime_scrap", 2 ] ] ]
  },
  {
    "type": "recipe",
    "result": "mutagen_ursine",
    "override": true,
    "category": "CC_CHEM",
    "subcategory": "CSC_CHEM_MUTAGEN",
    "skill_used": "cooking",
    "skills_required": [ [ "survival", 3 ] ],
    "difficulty": 3,
    "time": 10000,
    "book_learn": [ [ "recipe_animal", 2 ] ],
    "qualities": [ { "id": "CHEM", "level": 2, "amount": 1 } ],
    "tools": [ [ [ "surface_heat", 25, "LIST" ] ] ],
    "components": [ [ [ "mutagen", 1 ] ], [ [ "raw_fur", 2 ] ], [ [ "ammonia", 1 ], [ "lye_powder", 20 ] ] ]
  },
  {
    "type": "recipe",
    "result": "iv_mutagen_ursine",
    "override": true,
    "category": "CC_CHEM",
    "subcategory": "CSC_CHEM_MUTAGEN",
    "skill_used": "cooking",
    "skills_required": [ "firstaid", 3 ],
    "difficulty": 5,
    "time": 15000,
    "book_learn": [ [ "recipe_serum", 8 ], [ "recipe_animal", 8 ] ],
    "qualities": [ { "id": "CHEM", "level": 2, "amount": 1 } ],
    "tools": [ [ [ "surface_heat", 25, "LIST" ] ] ],
    "components": [ [ [ "mutagen_ursine", 2 ] ], [ [ "slime_scrap", 2 ] ] ]
  },
  {
    "type": "recipe",
    "result": "mutagen_feline",
    "override": true,
    "category": "CC_CHEM",
    "subcategory": "CSC_CHEM_MUTAGEN",
    "skill_used": "cooking",
    "skills_required": [ [ "firstaid", 3 ] ],
    "difficulty": 3,
    "time": 10000,
    "book_learn": [ [ "recipe_animal", 2 ] ],
    "qualities": [ { "id": "CHEM", "level": 2, "amount": 1 } ],
    "tools": [ [ [ "surface_heat", 25, "LIST" ] ] ],
    "components": [ [ [ "mutagen", 1 ] ], [ [ "liver", 6 ] ], [ [ "ammonia", 1 ], [ "lye_powder", 20 ] ] ]
  },
  {
    "type": "recipe",
    "result": "iv_mutagen_feline",
    "override": true,
    "category": "CC_CHEM",
    "subcategory": "CSC_CHEM_MUTAGEN",
    "skill_used": "cooking",
    "skills_required": [ "firstaid", 5 ],
    "difficulty": 5,
    "time": 15000,
    "book_learn": [ [ "recipe_serum", 6 ], [ "recipe_animal", 6 ] ],
    "qualities": [ { "id": "CHEM", "level": 2, "amount": 1 } ],
    "tools": [ [ [ "surface_heat", 25, "LIST" ] ] ],
    "components": [ [ [ "mutagen_feline", 2 ] ], [ [ "slime_scrap", 2 ] ] ]
  },
  {
    "type": "recipe",
    "result": "mutagen_lupine",
    "override": true,
    "category": "CC_CHEM",
    "subcategory": "CSC_CHEM_MUTAGEN",
    "skill_used": "cooking",
    "skills_required": [ [ "firstaid", 3 ] ],
    "difficulty": 3,
    "time": 10000,
    "book_learn": [ [ "recipe_animal", 2 ] ],
    "qualities": [ { "id": "CHEM", "level": 2, "amount": 1 } ],
    "tools": [ [ [ "surface_heat", 25, "LIST" ] ] ],
    "components": [ [ [ "mutagen", 1 ] ], [ [ "bone", 10 ] ], [ [ "ammonia", 1 ], [ "lye_powder", 20 ] ] ]
  },
  {
    "type": "recipe",
    "result": "iv_mutagen_lupine",
    "override": true,
    "category": "CC_CHEM",
    "subcategory": "CSC_CHEM_MUTAGEN",
    "skill_used": "cooking",
    "skills_required": [ "firstaid", 5 ],
    "difficulty": 5,
    "time": 15000,
    "book_learn": [ [ "recipe_serum", 8 ], [ "recipe_animal", 8 ] ],
    "qualities": [ { "id": "CHEM", "level": 2, "amount": 1 } ],
    "tools": [ [ [ "surface_heat", 25, "LIST" ] ] ],
    "components": [ [ [ "mutagen_lupine", 2 ] ], [ [ "slime_scrap", 2 ] ] ]
  },
  {
    "type": "recipe",
    "result": "mutagen_cattle",
    "override": true,
    "category": "CC_CHEM",
    "subcategory": "CSC_CHEM_MUTAGEN",
    "skill_used": "cooking",
    "skills_required": [ [ "firstaid", 3 ] ],
    "difficulty": 3,
    "time": 10000,
    "book_learn": [ [ "recipe_animal", 2 ] ],
    "qualities": [ { "id": "CHEM", "level": 2, "amount": 1 } ],
    "tools": [ [ [ "surface_heat", 25, "LIST" ] ] ],
    "components": [ [ [ "mutagen", 1 ] ], [ [ "stomach_large", 2 ] ], [ [ "ammonia", 1 ], [ "lye_powder", 20 ] ] ]
  },
  {
    "type": "recipe",
    "result": "iv_mutagen_cattle",
    "override": true,
    "category": "CC_CHEM",
    "subcategory": "CSC_CHEM_MUTAGEN",
    "skill_used": "cooking",
    "skills_required": [ "firstaid", 4 ],
    "difficulty": 5,
    "time": 15000,
    "book_learn": [ [ "recipe_serum", 6 ], [ "recipe_animal", 6 ] ],
    "qualities": [ { "id": "CHEM", "level": 2, "amount": 1 } ],
    "tools": [ [ [ "surface_heat", 25, "LIST" ] ] ],
    "components": [ [ [ "mutagen_cattle", 2 ] ], [ [ "slime_scrap", 2 ] ] ]
  },
  {
    "type": "recipe",
    "result": "mutagen_cephalopod",
    "override": true,
    "category": "CC_CHEM",
    "subcategory": "CSC_CHEM_MUTAGEN",
    "skill_used": "cooking",
    "skills_required": [ [ "firstaid", 3 ] ],
    "difficulty": 3,
    "time": 10000,
    "book_learn": [ [ "recipe_creepy", 2 ] ],
    "qualities": [ { "id": "CHEM", "level": 2, "amount": 1 } ],
    "tools": [ [ [ "surface_heat", 25, "LIST" ] ] ],
    "components": [
      [ [ "mutagen", 1 ] ],
      [ [ "tallow", 4 ], [ "can_chowder", 1 ], [ "can_clams", 1 ] ],
      [ [ "ammonia", 1 ], [ "lye_powder", 20 ] ]
    ]
  },
  {
    "type": "recipe",
    "result": "iv_mutagen_cephalopod",
    "override": true,
    "category": "CC_CHEM",
    "subcategory": "CSC_CHEM_MUTAGEN",
    "skill_used": "cooking",
    "skills_required": [ "firstaid", 5 ],
    "difficulty": 5,
    "time": 15000,
    "book_learn": [ [ "recipe_serum", 6 ], [ "recipe_creepy", 6 ] ],
    "qualities": [ { "id": "CHEM", "level": 2, "amount": 1 } ],
    "tools": [ [ [ "surface_heat", 25, "LIST" ] ] ],
    "components": [ [ [ "mutagen_cephalopod", 2 ] ], [ [ "slime_scrap", 2 ] ] ]
  },
  {
    "type": "recipe",
    "result": "mutagen_bird",
    "override": true,
    "category": "CC_CHEM",
    "subcategory": "CSC_CHEM_MUTAGEN",
    "skill_used": "cooking",
    "skills_required": [ [ "survival", 3 ] ],
    "difficulty": 3,
    "time": 10000,
    "book_learn": [ [ "recipe_animal", 2 ] ],
    "qualities": [ { "id": "CHEM", "level": 2, "amount": 1 } ],
    "tools": [ [ [ "surface_heat", 25, "LIST" ] ] ],
    "components": [ [ [ "mutagen", 1 ] ], [ [ "egg_bird", 1 ], [ "feather", 10 ] ], [ [ "ammonia", 1 ], [ "lye_powder", 20 ] ] ]
  },
  {
    "type": "recipe",
    "result": "iv_mutagen_bird",
    "override": true,
    "category": "CC_CHEM",
    "subcategory": "CSC_CHEM_MUTAGEN",
    "skill_used": "cooking",
    "skills_required": [ "survival", 5 ],
    "difficulty": 5,
    "time": 15000,
    "book_learn": [ [ "recipe_serum", 6 ], [ "recipe_animal", 6 ] ],
    "qualities": [ { "id": "CHEM", "level": 2, "amount": 1 } ],
    "tools": [ [ [ "surface_heat", 25, "LIST" ] ] ],
    "components": [ [ [ "mutagen_bird", 2 ] ], [ [ "slime_scrap", 2 ] ] ]
  },
  {
    "type": "recipe",
    "result": "mutagen_lizard",
    "override": true,
    "category": "CC_CHEM",
    "subcategory": "CSC_CHEM_MUTAGEN",
    "skill_used": "cooking",
    "skills_required": [ [ "firstaid", 3 ] ],
    "difficulty": 3,
    "time": 10000,
    "book_learn": [ [ "recipe_animal", 2 ] ],
    "qualities": [ { "id": "CHEM", "level": 2, "amount": 1 } ],
    "tools": [ [ [ "surface_heat", 25, "LIST" ] ] ],
    "components": [ [ [ "mutagen", 1 ] ], [ [ "egg_reptile", 1 ], [ "vaccine_shot", 1 ] ], [ [ "ammonia", 1 ], [ "lye_powder", 20 ] ] ]
  },
  {
    "type": "recipe",
    "result": "iv_mutagen_lizard",
    "override": true,
    "category": "CC_CHEM",
    "subcategory": "CSC_CHEM_MUTAGEN",
    "skill_used": "cooking",
    "skills_required": [ "firstaid", 5 ],
    "difficulty": 5,
    "time": 15000,
    "book_learn": [ [ "recipe_serum", 6 ], [ "recipe_animal", 6 ] ],
    "qualities": [ { "id": "CHEM", "level": 2, "amount": 1 } ],
    "tools": [ [ [ "surface_heat", 25, "LIST" ] ] ],
    "components": [ [ [ "mutagen_lizard", 2 ] ], [ [ "slime_scrap", 2 ] ] ]
  },
  {
    "type": "recipe",
    "result": "mutagen_troglobite",
    "override": true,
    "category": "CC_CHEM",
    "subcategory": "CSC_CHEM_MUTAGEN",
    "skill_used": "cooking",
    "skills_required": [ [ "survival", 2 ], [ "firstaid", 2 ] ],
    "difficulty": 3,
    "time": 10000,
    "book_learn": [ [ "recipe_maiar", 2 ] ],
    "qualities": [ { "id": "CHEM", "level": 2, "amount": 1 } ],
    "tools": [ [ [ "surface_heat", 25, "LIST" ] ] ],
    "components": [
      [ [ "mutagen", 1 ] ],
      [ [ "raw_tainted_leather", 1 ], [ "raw_tainted_fur", 1 ], [ "tallow_tainted", 4 ] ],
      [ [ "ammonia", 1 ], [ "lye_powder", 20 ] ]
    ]
  },
  {
    "type": "recipe",
    "result": "iv_mutagen_troglobite",
    "override": true,
    "category": "CC_CHEM",
    "subcategory": "CSC_CHEM_MUTAGEN",
    "skill_used": "cooking",
    "skills_required": [ [ "firstaid", 4 ], [ "survival", 4 ] ],
    "difficulty": 5,
    "time": 15000,
    "book_learn": [ [ "recipe_serum", 6 ], [ "recipe_maiar", 6 ] ],
    "qualities": [ { "id": "CHEM", "level": 2, "amount": 1 } ],
    "tools": [ [ [ "surface_heat", 25, "LIST" ] ] ],
    "components": [ [ [ "mutagen_troglobite", 2 ] ], [ [ "slime_scrap", 2 ] ] ]
  },
  {
    "type": "recipe",
    "result": "mutagen_medical",
    "override": true,
    "category": "CC_CHEM",
    "subcategory": "CSC_CHEM_MUTAGEN",
    "skill_used": "cooking",
    "skills_required": [ [ "survival", 2 ], [ "firstaid", 3 ] ],
    "difficulty": 4,
    "time": 10000,
    "book_learn": [ [ "recipe_medicalmut", 2 ] ],
    "qualities": [ { "id": "CHEM", "level": 2, "amount": 1 } ],
    "tools": [ [ [ "surface_heat", 25, "LIST" ] ] ],
    "components": [
      [ [ "mutagen", 1 ] ],
      [
        [ "heroin", 5 ],
        [ "oxycodone", 10 ],
        [ "tramadol", 15 ],
        [ "diazepam", 15 ],
        [ "codeine", 20 ],
        [ "poppy_pain", 20 ]
      ],
      [
        [ "lsd", 5 ],
        [ "prozac", 10 ],
        [ "thorazine", 10 ],
        [ "adderall", 10 ],
        [ "xanax", 10 ],
        [ "pills_sleep", 10 ],
        [ "poppy_sleep", 15 ]
      ],
      [ [ "vitamins", 10 ], [ "iodine", 10 ], [ "disinfectant", 4 ], [ "hflesh_powder", 6 ], [ "protein_powder", 5 ] ],
      [ [ "ammonia", 1 ], [ "lye_powder", 20 ] ]
    ]
  },
  {
    "type": "recipe",
    "result": "iv_mutagen_medical",
    "override": true,
    "category": "CC_CHEM",
    "subcategory": "CSC_CHEM_MUTAGEN",
    "skill_used": "cooking",
    "skills_required": [ [ "survival", 4 ], [ "firstaid", 5 ] ],
    "difficulty": 6,
    "time": 15000,
    "book_learn": [ [ "recipe_medicalmut", 6 ], [ "recipe_serum", 6 ] ],
    "qualities": [ { "id": "CHEM", "level": 2, "amount": 1 } ],
    "tools": [ [ [ "surface_heat", 25, "LIST" ] ] ],
    "components": [ [ [ "mutagen_medical", 2 ] ], [ [ "slime_scrap", 1 ] ], [ [ "ammonia", 1 ], [ "lye_powder", 20 ] ] ]
  },
  {
    "type": "recipe",
    "result": "purifier",
    "override": true,
    "category": "CC_CHEM",
    "subcategory": "CSC_CHEM_MUTAGEN",
    "skill_used": "cooking",
    "skills_required": [ "firstaid", 4 ],
    "difficulty": 6,
    "time": 10000,
    "book_learn": [
      [ "textbook_gaswarfare", 6 ],
      [ "atomic_survival", 6 ],
      [ "record_patient", 6 ],
      [ "recipe_maiar", 6 ],
      [ "recipe_labchem", 5 ]
    ],
    "qualities": [ { "id": "CHEM", "level": 2, "amount": 1 } ],
    "tools": [ [ [ "surface_heat", 25, "LIST" ] ] ],
    "components": [
      [ [ "royal_jelly", 1 ], [ "royal_jelly_sap", 1 ] ],
      [ [ "mutagen", 1 ] ],
      [ [ "human_flesh", 2 ] ],
      [ [ "bleach", 1 ], [ "oxy_powder", 20 ] ],
      [ [ "ammonia", 1 ], [ "lye_powder", 20 ] ]
    ]
  },
  {
    "type": "recipe",
    "result": "iv_purifier",
    "override": true,
    "category": "CC_CHEM",
    "subcategory": "CSC_CHEM_MUTAGEN",
    "skill_used": "cooking",
    "skills_required": [ "firstaid", 6 ],
    "difficulty": 9,
    "time": 15000,
    "book_learn": [ [ "recipe_serum", 8 ], [ "recipe_labchem", 8 ] ],
    "qualities": [ { "id": "CHEM", "level": 2, "amount": 1 } ],
    "tools": [ [ [ "surface_heat", 25, "LIST" ] ] ],
    "components": [ [ [ "purifier", 2 ] ], [ [ "human_flesh", 1 ] ] ]
  },
  {
    "type": "recipe",
    "result": "mutagen_alpha",
    "override": true,
    "result_mult": 2,
    "category": "CC_CHEM",
    "subcategory": "CSC_CHEM_MUTAGEN",
    "skill_used": "cooking",
    "skills_required": [ [ "survival", 3 ], [ "firstaid", 2 ] ],
    "difficulty": 4,
    "time": 20000,
    "book_learn": [ [ "recipe_alpha", 3 ] ],
    "qualities": [ { "id": "CHEM", "level": 2, "amount": 1 } ],
    "tools": [ [ [ "surface_heat", 50, "LIST" ] ] ],
    "components": [
      [ [ "mutagen_slime", 1 ], [ "mutagen_plant", 1 ] ],
      [ [ "mutagen_rat", 1 ], [ "mutagen_cephalopod", 1 ] ],
      [ [ "mutagen_bird", 1 ], [ "mutagen_lizard", 1 ] ],
      [ [ "purifier", 1 ], [ "human_flesh", 4 ] ]
    ]
  },
  {
    "type": "recipe",
    "result": "iv_mutagen_alpha",
    "override": true,
    "category": "CC_CHEM",
    "subcategory": "CSC_CHEM_MUTAGEN",
    "skill_used": "cooking",
    "skills_required": [ [ "survival", 5 ], [ "firstaid", 4 ] ],
    "difficulty": 6,
    "time": 15000,
    "book_learn": [ [ "recipe_alpha", 6 ] ],
    "qualities": [ { "id": "CHEM", "level": 2, "amount": 1 } ],
    "tools": [ [ [ "surface_heat", 25, "LIST" ] ] ],
    "components": [ [ [ "mutagen_alpha", 2 ] ], [ [ "purifier", 1 ] ] ]
  },
  {
    "type": "recipe",
    "result": "mutagen_elfa",
    "override": true,
    "result_mult": 2,
    "category": "CC_CHEM",
    "subcategory": "CSC_CHEM_MUTAGEN",
    "skill_used": "cooking",
    "skills_required": [ [ "survival", 3 ], [ "firstaid", 3 ] ],
    "difficulty": 4,
    "time": 12500,
    "book_learn": [ [ "recipe_elfa", 2 ] ],
    "qualities": [ { "id": "CHEM", "level": 2, "amount": 1 } ],
    "tools": [ [ [ "surface_heat", 31, "LIST" ] ] ],
    "components": [
      [ [ "mutagen_slime", 1 ], [ "mutagen_bird", 1 ] ],
      [ [ "mutagen_plant", 1 ], [ "mutagen_medical", 1 ] ],
      [ [ "fighter_sting", 3 ], [ "biollante_bud", 1 ] ]
    ]
  },
  {
    "type": "recipe",
    "result": "iv_mutagen_elfa",
    "override": true,
    "category": "CC_CHEM",
    "subcategory": "CSC_CHEM_MUTAGEN",
    "skill_used": "cooking",
    "skills_required": [ [ "survival", 5 ], [ "firstaid", 5 ] ],
    "difficulty": 6,
    "time": 15000,
    "book_learn": [ [ "recipe_elfa", 6 ] ],
    "qualities": [ { "id": "CHEM", "level": 2, "amount": 1 } ],
    "tools": [ [ [ "surface_heat", 25, "LIST" ] ] ],
    "components": [ [ [ "mutagen_elfa", 2 ] ], [ [ "sugar", 10 ] ] ]
  },
  {
    "type": "recipe",
    "result": "mutagen_chimera",
    "override": true,
    "result_mult": 4,
    "category": "CC_CHEM",
    "subcategory": "CSC_CHEM_MUTAGEN",
    "skill_used": "cooking",
    "skills_required": [ [ "survival", 2 ], [ "firstaid", 2 ] ],
    "difficulty": 4,
    "time": 15000,
    "book_learn": [ [ "recipe_chimera", 2 ] ],
    "qualities": [ { "id": "CHEM", "level": 2, "amount": 1 } ],
    "tools": [ [ [ "surface_heat", 25, "LIST" ] ] ],
    "components": [
      [ [ "mutagen_lizard", 1 ], [ "mutagen_cephalopod", 1 ], [ "mutagen_bird", 1 ] ],
      [ [ "mutagen_bird", 1 ], [ "mutagen_elfa", 1 ], [ "mutagen_lizard", 1 ] ],
      [ [ "mutagen_beast", 1 ], [ "mutagen_ursine", 1 ], [ "mutagen_cattle", 1 ] ],
      [ [ "mutagen_cattle", 1 ], [ "mutagen_plant", 1 ], [ "mutagen_beast", 1 ] ]
    ]
  },
  {
    "type": "recipe",
    "result": "iv_mutagen_chimera",
    "override": true,
    "category": "CC_CHEM",
    "subcategory": "CSC_CHEM_MUTAGEN",
    "skill_used": "cooking",
    "skills_required": [ [ "survival", 4 ], [ "firstaid", 4 ] ],
    "difficulty": 5,
    "time": 15000,
    "book_learn": [ [ "recipe_chimera", 6 ] ],
    "qualities": [ { "id": "CHEM", "level": 2, "amount": 1 } ],
    "tools": [ [ [ "surface_heat", 25, "LIST" ] ] ],
    "components": [ [ [ "mutagen_chimera", 1 ] ], [ [ "mutagen", 1 ] ] ]
  },
  {
    "type": "recipe",
    "result": "mutagen_raptor",
    "override": true,
    "result_mult": 3,
    "category": "CC_CHEM",
    "subcategory": "CSC_CHEM_MUTAGEN",
    "skill_used": "cooking",
    "skills_required": [ [ "survival", 3 ], [ "firstaid", 3 ] ],
    "difficulty": 4,
    "time": 12500,
    "book_learn": [ [ "recipe_raptor", 2 ] ],
    "qualities": [ { "id": "CHEM", "level": 2, "amount": 1 } ],
    "tools": [ [ [ "surface_heat", 31, "LIST" ] ] ],
    "components": [
      [ [ "mutagen_lizard", 1 ] ],
      [ [ "mutagen_bird", 1 ] ],
      [ [ "purifier", 1 ], [ "royal_jelly", 1 ], [ "royal_jelly_sap", 1 ] ]
    ]
  },
  {
    "type": "recipe",
    "result": "iv_mutagen_raptor",
    "override": true,
    "category": "CC_CHEM",
    "subcategory": "CSC_CHEM_MUTAGEN",
    "skill_used": "cooking",
    "skills_required": [ "firstaid", 3 ],
    "difficulty": 5,
    "time": 15000,
    "book_learn": [ [ "recipe_raptor", 9 ] ],
    "qualities": [ { "id": "CHEM", "level": 2, "amount": 1 } ],
    "tools": [ [ [ "surface_heat", 25, "LIST" ] ] ],
    "components": [ [ [ "mutagen_raptor", 2 ] ] ]
  }
]
