[
  {
    "type": "start_location",
    "ident": "doomlabs",
    "name": "PRM实验室",
    "target": "doomlab_lab_open"
  },
  {
    "type": "start_location",
    "ident": "hell_church",
    "name": "地狱尖塔",
    "target": "hell_city_tunnel_prison_S"
  },
  {
    "type": "start_location",
    "ident": "hell_fort",
    "name": "地狱城堡",
    "target": "hell_castle_B1_C"
  },
  {
    "type": "start_location",
    "ident": "religous_church",
    "name": "教堂",
    "target": "church"
  },
  {
    "type": "start_location",
    "ident": "religous_cemetery",
    "name": "宗教墓地",
    "target": "cemetery_4square_10"
  },
  {
    "type": "start_location",
    "ident": "public_cemetery",
    "name": "公共墓地",
    "target": "cemetery_large_43"
  },
  {
    "type": "start_location",
    "ident": "Swamp Shack",
    "name": "隐士小屋",
    "target": "hunter_shack"
  },
  {
    "type": "start_location",
    "ident": "campground",
    "name": "露营地",
    "target": "campsite_a"
  },
  {
    "type": "start_location",
    "ident": "survivalist farm",
    "name": "农场",
    "target": "farm"
  },
  {
    "type": "start_location",
    "ident": "farm unsettled",
    "name": "农场小屋",
    "target": "farm_unsettled_house"
  },
  {
    "type": "start_location",
    "ident": "cabin_woods",
    "name": "林中小屋",
    "target": "cabin"
  },
  {
    "type": "start_location",
    "ident": "sky anomalie",
    "name": "天空异常",
    "target": "sky_vortex_ground"
  },
  {
    "type": "start_location",
    "ident": "sludge pit",
    "name": "放射性碎石",
    "target": "sludge_pit"
  },
  {
    "type": "start_location",
    "ident": "Derelict Property",
    "name": "废弃财产",
    "target": "Derelict Property"
  },
  {
    "type": "start_location",
    "ident": "Strange Cabin",
    "name": "奇怪的木屋",
    "target": "cabin_strange_100"
  },
  {
    "type": "start_location",
    "ident": "Crater",
    "name": "弹坑",
    "target": "crater"
  },
  {
    "type": "start_location",
    "ident": "doom_lab_warp",
    "name": "厄运实验室",
    "target": "doomlab_redacted"
  },
  {
    "type": "start_location",
    "ident": "Standing stones",
    "name": "巨石乱堆",
    "target": "standing_stones"
  }
]
