[
  {
    "id": "laser_sniper",
    "type": "MIGRATION",
    "replace": "laser_rifle"
  },
  {
    "id": "bolt_rifle_elec",
    "type": "MIGRATION",
    "replace": "emp_gun"
  },
  {
    "id": "neo_33_manual",
    "type": "MIGRATION",
    "replace": "mag_pistol"
  },
  {
    "id": "akro_388_manual",
    "type": "MIGRATION",
    "replace": "mag_smg"
  },
  {
    "id": "arc_314_manual",
    "type": "MIGRATION",
    "replace": "mag_rifle"
  },
  {
    "id": "krx_108_manual",
    "type": "MIGRATION",
    "replace": "mag_rifle"
  },
  {
    "id": "mx_84_manual",
    "type": "MIGRATION",
    "replace": "mag_rifle"
  },
  {
    "id": "xarm_37_manual",
    "type": "MIGRATION",
    "replace": "mag_shotgun"
  },
  {
    "id": "neo_laser_pistol_plut",
    "type": "MIGRATION",
    "replace": "v29"
  },
  {
    "id": "akro_laser_smg_plut",
    "type": "MIGRATION",
    "replace": "laser_rifle"
  },
  {
    "id": "arc_laser_rifle_plut",
    "type": "MIGRATION",
    "replace": "laser_rifle"
  },
  {
    "id": "krx_laser_lmg_plut",
    "type": "MIGRATION",
    "replace": "laser_rifle"
  },
  {
    "id": "mx_laser_sniper_plut",
    "type": "MIGRATION",
    "replace": "laser_rifle"
  },
  {
    "id": "xarm_laser_shotgun_plut",
    "type": "MIGRATION",
    "replace": "laser_rifle"
  },
  {
    "id": "omnitech_plut_core",
    "type": "MIGRATION",
    "replace": "adv_UPS_off"
  },
  {
    "id": "omnitech_ups_core",
    "type": "MIGRATION",
    "replace": "UPS_off"
  },
  {
    "id": "fridge",
    "type": "MIGRATION",
    "replace": "minifridge"
  },
  {
    "id": "dc_fridge",
    "type": "MIGRATION",
    "replace": "minifridge"
  },
  {
    "id": "molded_saw",
    "type": "MIGRATION",
    "replace": "hacksaw"
  },
  {
    "id": "mon_zombie_bio_infantry",
    "copy-from": "mon_zombie_bio_infantry_rifle",
    "type": "MONSTER",
    "name": "超级战士丧尸"
  },
  {
    "id": "mon_zombie_bio_knight",
    "copy-from": "mon_zombie_bio_knight_lmg",
    "type": "MONSTER",
    "name": "超级主宰丧尸"
  },
  {
    "id": "mon_zombie_bio_scout",
    "copy-from": "mon_zombie_bio_scout_sniper",
    "type": "MONSTER",
    "name": "超级侦察兵丧尸"
  },
  {
    "id": "mon_zombie_bio_tool",
    "copy-from": "mon_zombie_bio_tool_pistol",
    "type": "MONSTER",
    "name": "超级B.A.M.R.U丧尸"
  },
  {
    "id": "can_forge_on",
    "type": "TOOL",
    "symbol": ";",
    "color": "light_gray",
    "name": "便携锻炉 (开)",
    "description": "锻炉开了。它可以按照指示灯的指示使用。多给它加些木炭，让它继续工作。",
    "price": 1000,
    "material": [ "aluminum", "stone" ],
    "weight": 153,
    "volume": 2,
    "bashing": 1,
    "to_hit": -2,
    "max_charges": 10,
    "turns_per_charge": 100,
    "ammo": "charcoal",
    "flags": "LIGHT_10",
    "revert_to": "can_forge",
    "qualities": [ [ "COOK", 2 ], [ "BOIL", 2 ] ],
    "use_action": {
      "type": "transform",
      "msg": "锻炉关闭了。",
      "target": "can_forge",
      "need_fire": 1,
      "need_fire_msg": "你需要一个打火机或火柴来点燃这个。"
    }
  },
  {
    "id": "mold_metal",
    "type": "TOOL",
    "color": "light_gray",
    "symbol": ";",
    "name": "金属模具",
    "description": "这是一个由塑料制成的临时模具。它可以成形并用于制作金属制品。",
    "price": 1000,
    "material": "plastic",
    "weight": 4,
    "volume": 15,
    "to_hit": 1,
    "bashing": 3
  }
]