[
	{
		"type": "mapgen",
		"method": "json",
		"om_terrain": "ghost_townservice",
		"object": {
			"rows": [
				"                        ",
				"                        ",
				"                        ",
				"                        ",
				"          aamamaa       ",
				"          afbabfa       ",
				"          afbabfa       ",
				"     aaaaaaacacaa       ",
				"     abbbcbbbbbna       ",
				"     mbbbabaaaaaaaaaa   ",
				"     aeehabcbbblaebba   ",
				"     aaaaababjikaebbm   ",
				"     ahbbcbabjjjahbba   ",
				"     mbbbababbbbaaaca   ",
				"     aeebabagbbbcbbba   ",
				"     aaaaabagbbbaaaca   ",
				"     aeebcbagbbbabbba   ",
				"     mbbbaaabbibabbbm   ",
				"     abhbabbbbjbaeeha   ",
				"     aaaaaijibjiaaaaa   ",
				"         aamacama       ",
				"             d          ",
				"             d          ",
				"oooooooooooooooooooooooo"
			],
			"place_items": [
				{
					"item": "elderbooks",
					"chance": 50,
					"repeat": [
						1,
						2
					],
					"x": [
						12,
						12
					],
					"y": [
						14,
						16
					]
				},
				{
					"item": "dresser",
					"chance": 75,
					"repeat": [
						1,
						4
					],
					"x": 8,
					"y": 10
				},
				{
					"item": "dresser",
					"chance": 75,
					"repeat": [
						1,
						4
					],
					"x": 6,
					"y": 12
				},
				{
					"item": "dresser",
					"chance": 75,
					"repeat": [
						1,
						4
					],
					"x": 7,
					"y": 18
				},
				{
					"item": "dresser",
					"chance": 75,
					"repeat": [
						1,
						4
					],
					"x": 19,
					"y": 18
				},
				{
					"item": "dresser",
					"chance": 75,
					"repeat": [
						1,
						4
					],
					"x": 17,
					"y": 12
				}
			],
			"palettes": [
				"ghosttownservices_palette"
			]
		}
	},
	{
		"type": "mapgen",
		"method": "json",
		"om_terrain": "ghost_townservice",
		"object": {
			"rows": [
				"                        ",
				"                        ",
				"                        ",
				"                        ",
				"                        ",
				"                        ",
				"                        ",
				"                        ",
				"                        ",
				"    aaaaaaamaa          ",
				"    abbbcbrrra          ",
				"    abbbabbbra          ",
				"    atttabbbrm          ",
				"    atttaqqbba          ",
				"    aaaaaaaaca          ",
				"       apbbbba          ",
				"       asrrbba          ",
				"       aamabba          ",
				"           dd           ",
				"           dd           ",
				"           dd           ",
				"          dddd          ",
				"          dddd          ",
				"oooooooooooooooooooooooo"
			],
			"palettes": [
				"ghosttownservices_palette"
			],
			"place_items": [
				{
					"item": "elder_blacksmithing",
					"chance": 50,
					"x": [
						9,
						10
					],
					"y": [
						16,
						16
					]
				},
				{
					"item": "archery",
					"chance": 20,
					"x": [
						12,
						12
					],
					"y": [
						11,
						12
					]
				},
				{
					"item": "archery_ammo",
					"chance": 25,
					"repeat": [
						1,
						2
					],
					"x": [
						10,
						12
					],
					"y": [
						10,
						10
					]
				},
				{
					"item": "elder_blacksmithing_spares",
					"chance": 50,
					"repeat": [
						1,
						5
					],
					"x": [
						5,
						7
					],
					"y": [
						12,
						13
					]
				}
			]
		}
	},
	{
		"type": "mapgen",
		"method": "json",
		"om_terrain": "ghost_townservice",
		"object": {
			"rows": [
				"                        ",
				"                        ",
				"                        ",
				"                        ",
				"                        ",
				"                        ",
				"                        ",
				"                        ",
				"                        ",
				"                        ",
				"       aaaaaaaamaaa     ",
				"       avbbcbbbjjva     ",
				"       mbubajbbubja     ",
				"       abbbajubbbjm     ",
				"       ajjjavjjgbga     ",
				"       aamaaamaabaa     ",
				"               aba      ",
				"               aca      ",
				"                d       ",
				"                d       ",
				"                d       ",
				"               ddd      ",
				"               ddd      ",
				"oooooooooooooooooooooooo"
			],
			"palettes": [
				"ghosttownservices_palette"
			],
			"place_items": [
				{
					"item": "tools_tailor",
					"chance": 50,
					"x": [
						8,
						10
					],
					"y": [
						14,
						14
					]
				},
				{
					"item": "tools_tailor",
					"chance": 20,
					"x": [
						12,
						12
					],
					"y": [
						12,
						13
					]
				},
				{
					"item": "tools_tailor",
					"chance": 20,
					"x": [
						13,
						14
					],
					"y": [
						14,
						14
					]
				},
				{
					"item": "tools_tailor",
					"chance": 20,
					"x": [
						15,
						16
					],
					"y": [
						11,
						11
					]
				},
				{
					"item": "tools_tailor",
					"chance": 20,
					"x": [
						17,
						17
					],
					"y": [
						12,
						13
					]
				},
				{
					"item": "tailorbooks",
					"chance": 25,
					"x": 15,
					"y": 14
				},
				{
					"item": "tailorbooks",
					"chance": 25,
					"x": 17,
					"y": 14
				},
				{
					"item": "fancyfurs",
					"chance": 5,
					"x": 8,
					"y": 11
				},
				{
					"item": "fancyfurs",
					"chance": 5,
					"x": 12,
					"y": 14
				},
				{
					"item": "fancyfurs",
					"chance": 5,
					"x": 17,
					"y": 11
				}
			]
		}
	}
]