[
	{
		"type": "mapgen",
		"method": "json",
		"om_terrain": [
			"ghost_townchurch"
		],
		"object": {
			
			"rows": [
				"    nn  nnnnnnnn  nn    ",
				"    naaaaaaaaaaaaaan    ",
				"    aajbjiiiiiajdgaa    ",
				" pppfbbbbbbbbbfbbbka    ",
				" pnnaaafaaaaaaaafaaann  ",
				" pnaajbbbbbbbbbbbbjaan  ",
				" p hjbbbebbddbbebbbjh   ",
				" pnabbbbbbbbbbbbbbbban  ",
				" p hbbbbbbbbbbbbbbbbh   ",
				" pnabccccccbbccccccban  ",
				" p hbbbbbbbbbbbbbbbbh   ",
				" pnabccccccbbccccccban  ",
				" p hbbbbbbbbbbbbbbbbh   ",
				" pnabccccccbbccccccban  ",
				" p hbbbbbbbbbbbbbbbbh   ",
				" pnabccccccbbccccccban  ",
				" p abbbbbbbbbbbbbbbba   ",
				" p aaaaaaaaffaaaaaaaa   ",
				" p  nnaggalbblaggann    ",
				" p   nambambblamban     ",
				" p    abbfbbbbfbma      ",
				" p    aaaaaffaaaaa      ",
				" p      n  oo  n        ",
				" pp     n  oo  n        "
			],
			"terrain": {
				" ": [
					"t_grass",
					"t_grass",
					"t_grass",
					"t_grass",
					"t_grass",
					"t_grass",
					"t_grass",
					"t_grass",
					"t_grass",
					"t_grass",
					"t_grass",
					"t_grass",
					"t_grass",
					"t_grass",
					"t_grass",
					"t_grass",
					"t_grass",
					"t_grass",
					"t_grass",
					"t_grass",
					"t_grass",
					"t_grass",
					"t_grass",
					"t_grass",
					"t_grass",
					"t_grass",
					"t_grass",
					"t_grass",
					"t_grass",
					"t_grass",
					"t_grass",
					"t_grass",
					"t_grass",
					"t_grass",
					"t_grass",
					"t_grass",
					"t_grass",
					"t_grass",
					"t_grass",
					"t_grass",
					"t_dirt",
					"t_dirt",
					"t_dirt",
					"t_dirt",
					"t_dirt",
					"t_dirt",
					"t_dirt",
					"t_dirt",
					"t_dirt",
					"t_dirt",
					"t_grass_long",
					"t_grass_long",
					"t_grass_long",
					"t_tree_dead"
				],
				"a": [
					"t_wall_wood",
					"t_wall_wood",
					"t_wall_wood",
					"t_wall_wood",
					"t_wall_wood",
					"t_wall_wood_chipped",
					"t_wall_wood_chipped",
					"t_wall_wood_broken"
				],
				"b": [
					"t_floor",
					"t_floor",
					"t_floor",
					"t_floor",
					"t_floor",
					"t_dirt"
				],
				"c": [
					"t_floor",
					"t_floor",
					"t_floor",
					"t_floor",
					"t_floor",
					"t_dirt"
				],
				"d": [
					"t_floor",
					"t_floor",
					"t_floor",
					"t_floor",
					"t_floor",
					"t_dirt"
				],
				"e": [
					"t_floor",
					"t_floor",
					"t_floor",
					"t_floor",
					"t_floor",
					"t_dirt"
				],
				"f": [
					"t_door_c",
					"t_door_c",
					"t_door_c",
					"t_door_b"
				],
				"g": [
					"t_floor",
					"t_floor",
					"t_floor",
					"t_floor",
					"t_floor",
					"t_dirt"
				],
				"h": [
					"t_window",
					"t_window",
					"t_window",
					"t_window_frame"
				],
				"i": [
					"t_floor",
					"t_floor",
					"t_floor",
					"t_floor",
					"t_floor",
					"t_dirt"
				],
				"j": [
					"t_floor",
					"t_floor",
					"t_floor",
					"t_floor",
					"t_floor",
					"t_dirt"
				],
				"k": [
					"t_floor",
					"t_floor",
					"t_floor",
					"t_floor",
					"t_floor",
					"t_dirt"
				],
				"l": [
					"t_floor",
					"t_floor",
					"t_floor",
					"t_floor",
					"t_floor",
					"t_dirt"
				],
				"m": [
					"t_floor",
					"t_floor",
					"t_floor",
					"t_floor",
					"t_floor",
					"t_dirt"
				],
				"n": ["t_shrub","t_shrub","t_shrub","t_grass_dead"],
				"o": ["t_dirt","t_dirt","t_dirt","t_grass"],
				"p": ["t_dirt","t_dirt","t_dirt","t_dirt","t_dirt","t_dirt","t_grass"]
			},
			"furniture": {
				"c": "f_bench",
				"d": "f_table",
				"e": "f_brazier",
				"g": "f_crate_c",
				"i": "f_bookcase",
				"j": "f_chair",
				"k": "f_bigmirror",
				"l": "f_rack_coat",
				"m": "f_stool"
			},
			"place_loot": [
				{
					"group": "church",
					"chance": 1,
					"repeat": [1,
						2
					],
					"x": [
						5,
						10
					],
					"y": [
						9,
						9
					]
				},
				{
					"group": "church",
					"chance": 1,
					"repeat": [1,
						2
					],
					"x": [
						13,
						18
					],
					"y": [
						9,
						9
					]
				},
				{
					"group": "church",
					"chance": 1,
					"repeat": [1,
						2
					],
					"x": [
						18,
						13
					],
					"y": [
						11,
						11
					]
				},
				{
					"group": "church",
					"chance": 1,
					"repeat": [1,
						2
					],
					"x": [
						18,
						13
					],
					"y": [
						13,
						13
					]
				},
				{
					"group": "church",
					"chance": 1,
					"repeat": [1,
						2
					],
					"x": [
						18,
						13
					],
					"y": [
						15,
						15
					]
				},
				{
					"group": "church",
					"chance": 1,
					"repeat": [1,
						2
					],
					"x": [
						10,
						5
					],
					"y": [
						15,
						15
					]
				},
				{
					"group": "church",
					"chance": 1,
					"repeat": [1,
						2
					],
					"x": [
						5,
						10
					],
					"y": [
						13,
						13
					]
				},
				{
					"group": "church",
					"chance": 1,
					"repeat": [1,
						2
					],
					"x": [
						10,
						5
					],
					"y": [
						11,
						11
					]
				},
				{
					"group": "jackets",
					"chance": 10,
					"x": [
						13,
						13
					],
					"y": [
						18,
						19
					]
				},
				{
					"group": "jackets",
					"chance": 10,
					"x": [
						10,
						10
					],
					"y": [
						18,
						18
					]
				},
				{
					"group": "church",
					"chance": 10,
					"repeat": [1,
						2
					],
					"x": [
						13,
						9
					],
					"y": [
						2,
						2
					]
				}
			]
		}
	}
]