[
  {
    "type": "mapgen",
    "method": "json",
    "om_terrain": [ "ghost_townhousesouth" ],
    "object": {
      "rows": [
        "                        ",
        "                        ",
        "                        ",
        "                        ",
        "                        ",
        "                        ",
        "                        ",
        "                        ",
        "                        ",
        "     aaaaagagaaaaa      ",
        "     ahbbabbbbbbia      ",
        "     ghbbcbbbbblia      ",
        "     ahbbakbbbbkia      ",
        "     aaaaalbbaaaaa      ",
        "     ambbbkbbajeea      ",
        "     gnbbbbbbcbbbg      ",
        "     alkbbbbbabkia      ",
        "     aaaaaacaaaaaa      ",
        "           d            ",
        "           d            ",
        "          ddd           ",
        "          ddd           ",
        "          ddd           ",
        "oooooooooooooooooooooooo"
      ],
      "terrain": {
        " ": [
          "t_grass",
          "t_grass",
          "t_grass",
          "t_grass",
          "t_grass",
          "t_grass",
          "t_grass",
          "t_grass",
          "t_grass",
          "t_grass",
          "t_grass",
          "t_grass",
          "t_grass",
          "t_grass",
          "t_grass",
          "t_grass",
          "t_grass",
          "t_grass",
          "t_grass",
          "t_grass",
          "t_grass",
          "t_grass",
          "t_grass",
          "t_grass",
          "t_grass",
          "t_grass",
          "t_grass",
          "t_grass",
          "t_grass",
          "t_grass",
          "t_grass",
          "t_grass",
          "t_grass",
          "t_grass",
          "t_grass",
          "t_grass",
          "t_grass",
          "t_grass",
          "t_grass",
          "t_grass",
          "t_dirt",
          "t_dirt",
          "t_dirt",
          "t_dirt",
          "t_dirt",
          "t_dirt",
          "t_dirt",
          "t_dirt",
          "t_dirt",
          "t_dirt",
          "t_grass_long",
          "t_grass_long",
          "t_grass_long",
          "t_tree_dead"
        ],
        "a": [
          "t_wall_wood",
          "t_wall_wood",
          "t_wall_wood",
          "t_wall_wood",
          "t_wall_wood",
          "t_wall_wood_chipped",
          "t_wall_wood_chipped",
          "t_wall_wood_broken"
        ],
        "b": [ "t_floor", "t_floor", "t_floor", "t_floor", "t_floor", "t_dirt" ],
        "c": [ "t_door_c", "t_door_c", "t_door_c", "t_door_b" ],
        "d": [ "t_dirt", "t_dirt", "t_dirt", "t_grass" ],
        "e": [ "t_floor", "t_floor", "t_floor", "t_floor", "t_floor", "t_dirt" ],
        "f": [ "t_floor", "t_floor", "t_floor", "t_floor", "t_floor", "t_dirt" ],
        "g": [ "t_window", "t_window", "t_window", "t_window_frame" ],
        "h": [ "t_floor", "t_floor", "t_floor", "t_floor", "t_floor", "t_dirt" ],
        "i": [ "t_floor", "t_floor", "t_floor", "t_floor", "t_floor", "t_dirt" ],
        "j": [ "t_floor", "t_floor", "t_floor", "t_floor", "t_floor", "t_dirt" ],
        "k": [ "t_floor", "t_floor", "t_floor", "t_floor", "t_floor", "t_dirt" ],
        "l": [ "t_floor", "t_floor", "t_floor", "t_floor", "t_floor", "t_dirt" ],
        "m": [ "t_floor", "t_floor", "t_floor", "t_floor", "t_floor", "t_dirt" ],
        "n": [ "t_floor", "t_floor", "t_floor", "t_floor", "t_floor", "t_dirt" ],
        "o": [ "t_dirt", "t_dirt", "t_dirt", "t_grass", "t_dirt", "t_dirt", "t_dirt" ]
      },
      "furniture": {
        "e": "f_bed",
        "h": "f_bathtub",
        "i": "f_bookcase",
        "j": "f_dresser",
        "k": "f_stool",
        "l": "f_table",
        "m": "f_cupboard",
        "n": "f_sink"
      },
      "place_loot": [
        { "group": "dresser", "chance": 50, "repeat": [ 1, 3 ], "x": [ 14, 14 ], "y": [ 14, 14 ] },
        { "group": "elderbooks", "chance": 30, "x": [ 16, 16 ], "y": [ 16, 16 ] },
        { "group": "elderbooks", "chance": 30, "x": [ 16, 16 ], "y": [ 10, 12 ] }
      ]
    }
  },
  {
    "type": "mapgen",
    "method": "json",
    "om_terrain": [ "ghost_townhousesouth" ],
    "object": {
      "rows": [
        "                        ",
        "                        ",
        "                        ",
        "                        ",
        "                        ",
        "                        ",
        "       aaaaagagaagaa    ",
        "       aibbblmnahhha    ",
        "       gbbbbbkbabbba    ",
        "       aibbklllabbba    ",
        "       aibbbbbkaacaa    ",
        "       aibbbbbbaibba    ",
        "       gbbbbbbbcbbbg    ",
        "       aibbbbbbajeea    ",
        "       aaaaaacaaaaaa    ",
        "             d          ",
        "             d          ",
        "             d          ",
        "             d          ",
        "             d          ",
        "            ddd         ",
        "            ddd         ",
        "           ddddd        ",
        "oooooooooooooooooooooooo"
      ],
      "terrain": {
        " ": [
          "t_grass",
          "t_grass",
          "t_grass",
          "t_grass",
          "t_grass",
          "t_grass",
          "t_grass",
          "t_grass",
          "t_grass",
          "t_grass",
          "t_grass",
          "t_grass",
          "t_grass",
          "t_grass",
          "t_grass",
          "t_grass",
          "t_grass",
          "t_grass",
          "t_grass",
          "t_grass",
          "t_grass",
          "t_grass",
          "t_grass",
          "t_grass",
          "t_grass",
          "t_grass",
          "t_grass",
          "t_grass",
          "t_grass",
          "t_grass",
          "t_grass",
          "t_grass",
          "t_grass",
          "t_grass",
          "t_grass",
          "t_grass",
          "t_grass",
          "t_grass",
          "t_grass",
          "t_grass",
          "t_dirt",
          "t_dirt",
          "t_dirt",
          "t_dirt",
          "t_dirt",
          "t_dirt",
          "t_dirt",
          "t_dirt",
          "t_dirt",
          "t_dirt",
          "t_grass_long",
          "t_grass_long",
          "t_grass_long",
          "t_tree_dead"
        ],
        "a": [
          "t_wall_wood",
          "t_wall_wood",
          "t_wall_wood",
          "t_wall_wood",
          "t_wall_wood",
          "t_wall_wood_chipped",
          "t_wall_wood_chipped",
          "t_wall_wood_broken"
        ],
        "b": [ "t_floor", "t_floor", "t_floor", "t_floor", "t_floor", "t_dirt" ],
        "c": [ "t_door_c", "t_door_c", "t_door_c", "t_door_b" ],
        "d": [ "t_dirt", "t_dirt", "t_dirt", "t_grass" ],
        "e": [ "t_floor", "t_floor", "t_floor", "t_floor", "t_floor", "t_dirt" ],
        "f": [ "t_floor", "t_floor", "t_floor", "t_floor", "t_floor", "t_dirt" ],
        "g": [ "t_window", "t_window", "t_window", "t_window_frame" ],
        "h": [ "t_floor", "t_floor", "t_floor", "t_floor", "t_floor", "t_dirt" ],
        "i": [ "t_floor", "t_floor", "t_floor", "t_floor", "t_floor", "t_dirt" ],
        "j": [ "t_floor", "t_floor", "t_floor", "t_floor", "t_floor", "t_dirt" ],
        "k": [ "t_floor", "t_floor", "t_floor", "t_floor", "t_floor", "t_dirt" ],
        "l": [ "t_floor", "t_floor", "t_floor", "t_floor", "t_floor", "t_dirt" ],
        "m": [ "t_floor", "t_floor", "t_floor", "t_floor", "t_floor", "t_dirt" ],
        "n": [ "t_floor", "t_floor", "t_floor", "t_floor", "t_floor", "t_dirt" ],
        "o": [ "t_dirt", "t_dirt", "t_dirt", "t_grass", "t_dirt", "t_dirt", "t_dirt" ]
      },
      "furniture": {
        "e": "f_bed",
        "h": "f_bathtub",
        "i": "f_bookcase",
        "j": "f_dresser",
        "k": "f_stool",
        "l": "f_table",
        "m": "f_cupboard",
        "n": "f_sink"
      },
      "place_loot": [
        { "group": "dresser", "chance": 50, "repeat": [ 1, 3 ], "x": [ 16, 16 ], "y": [ 13, 13 ] },
        { "group": "elderbooks", "chance": 30, "x": [ 16, 16 ], "y": [ 11, 11 ] },
        { "group": "elderbooks", "chance": 30, "x": [ 8, 8 ], "y": [ 13, 13 ] },
        { "group": "elderbooks", "chance": 30, "x": [ 8, 8 ], "y": [ 9, 11 ] },
        { "group": "elderbooks", "chance": 30, "x": [ 8, 8 ], "y": [ 7, 7 ] }
      ]
    }
  },
  {
    "type": "mapgen",
    "method": "json",
    "om_terrain": [ "ghost_townhousesouth" ],
    "object": {
      "rows": [
        "                        ",
        "                        ",
        "                        ",
        "                        ",
        "                        ",
        "                        ",
        "                        ",
        "                        ",
        "      aagaaagaaaaaa     ",
        "      ambbbbbbabbha     ",
        "      gnbbbbbbcbbhg     ",
        "      alkbbkbiabbha     ",
        "      abbbllbiaaaaa     ",
        "      abbbbkbiaibba     ",
        "      gbbbbbbbcbbbg     ",
        "      abbbbbbbajeea     ",
        "      aaaccagaaaaaa     ",
        "         dd             ",
        "         dd             ",
        "         dd             ",
        "         dd             ",
        "        dddd            ",
        "        dddd            ",
        "oooooooooooooooooooooooo"
      ],
      "terrain": {
        " ": [
          "t_grass",
          "t_grass",
          "t_grass",
          "t_grass",
          "t_grass",
          "t_grass",
          "t_grass",
          "t_grass",
          "t_grass",
          "t_grass",
          "t_grass",
          "t_grass",
          "t_grass",
          "t_grass",
          "t_grass",
          "t_grass",
          "t_grass",
          "t_grass",
          "t_grass",
          "t_grass",
          "t_grass",
          "t_grass",
          "t_grass",
          "t_grass",
          "t_grass",
          "t_grass",
          "t_grass",
          "t_grass",
          "t_grass",
          "t_grass",
          "t_grass",
          "t_grass",
          "t_grass",
          "t_grass",
          "t_grass",
          "t_grass",
          "t_grass",
          "t_grass",
          "t_grass",
          "t_grass",
          "t_dirt",
          "t_dirt",
          "t_dirt",
          "t_dirt",
          "t_dirt",
          "t_dirt",
          "t_dirt",
          "t_dirt",
          "t_dirt",
          "t_dirt",
          "t_grass_long",
          "t_grass_long",
          "t_grass_long",
          "t_tree_dead"
        ],
        "a": [
          "t_wall_wood",
          "t_wall_wood",
          "t_wall_wood",
          "t_wall_wood",
          "t_wall_wood",
          "t_wall_wood_chipped",
          "t_wall_wood_chipped",
          "t_wall_wood_broken"
        ],
        "b": [ "t_floor", "t_floor", "t_floor", "t_floor", "t_floor", "t_dirt" ],
        "c": [ "t_door_c", "t_door_c", "t_door_c", "t_door_b" ],
        "d": [ "t_dirt", "t_dirt", "t_dirt", "t_grass" ],
        "e": [ "t_floor", "t_floor", "t_floor", "t_floor", "t_floor", "t_dirt" ],
        "f": [ "t_floor", "t_floor", "t_floor", "t_floor", "t_floor", "t_dirt" ],
        "g": [ "t_window", "t_window", "t_window", "t_window_frame" ],
        "h": [ "t_floor", "t_floor", "t_floor", "t_floor", "t_floor", "t_dirt" ],
        "i": [ "t_floor", "t_floor", "t_floor", "t_floor", "t_floor", "t_dirt" ],
        "j": [ "t_floor", "t_floor", "t_floor", "t_floor", "t_floor", "t_dirt" ],
        "k": [ "t_floor", "t_floor", "t_floor", "t_floor", "t_floor", "t_dirt" ],
        "l": [ "t_floor", "t_floor", "t_floor", "t_floor", "t_floor", "t_dirt" ],
        "m": [ "t_floor", "t_floor", "t_floor", "t_floor", "t_floor", "t_dirt" ],
        "n": [ "t_floor", "t_floor", "t_floor", "t_floor", "t_floor", "t_dirt" ],
        "o": [ "t_dirt", "t_dirt", "t_dirt", "t_grass", "t_dirt", "t_dirt", "t_dirt" ]
      },
      "furniture": {
        "e": "f_bed",
        "h": "f_bathtub",
        "i": "f_bookcase",
        "j": "f_dresser",
        "k": "f_stool",
        "l": "f_table",
        "m": "f_cupboard",
        "n": "f_sink"
      },
      "place_loot": [
        { "group": "dresser", "chance": 50, "repeat": [ 1, 3 ], "x": [ 15, 15 ], "y": [ 15, 15 ] },
        { "group": "elderbooks", "chance": 30, "x": [ 15, 15 ], "y": [ 13, 13 ] },
        { "group": "elderbooks", "chance": 30, "x": [ 13, 13 ], "y": [ 11, 13 ] }
      ]
    }
  },
  {
    "type": "mapgen",
    "method": "json",
    "om_terrain": [ "ghost_townhousesouth" ],
    "object": {
      "rows": [
        "                        ",
        "                        ",
        "                        ",
        "                        ",
        "                        ",
        "                        ",
        "                        ",
        "                        ",
        "                        ",
        "                        ",
        "                        ",
        "                        ",
        "                        ",
        "                        ",
        "                        ",
        "                        ",
        "                        ",
        "                        ",
        "                        ",
        "                        ",
        "                        ",
        "                        ",
        "                        ",
        "oooooooooooooooooooooooo"
      ],
      "terrain": {
        " ": [
          "t_grass",
          "t_grass",
          "t_grass",
          "t_grass",
          "t_grass",
          "t_grass",
          "t_grass",
          "t_grass",
          "t_grass",
          "t_grass",
          "t_grass",
          "t_grass",
          "t_grass",
          "t_grass",
          "t_grass",
          "t_grass",
          "t_grass",
          "t_grass",
          "t_grass",
          "t_grass",
          "t_dirt",
          "t_dirt",
          "t_dirt",
          "t_dirt",
          "t_dirt",
          "t_dirt",
          "t_dirt",
          "t_dirt",
          "t_dirt",
          "t_dirt",
          "t_grass_long",
          "t_grass_long",
          "t_grass_long",
          "t_tree_dead"
        ],
        "o": [ "t_dirt", "t_dirt", "t_dirt", "t_grass", "t_dirt", "t_dirt", "t_dirt" ]
      }
    }
  }
]