[
  {
    "type": "mapgen",
    "method": "json",
    "om_terrain": [ "ghost_townhouseeast" ],
    "object": {
      "rows": [
        "                       o",
        "                       o",
        "                       o",
        "                       o",
        "                       o",
        "                       o",
        "                       o",
        "         aaamaaaaaaa   o",
        "         akjlbbbggga   o",
        "         abbbbbbbbim   o",
        "         mbbbbbbbbba   o",
        "         aibbbbaacaa   o",
        "         ajjjiba d   ddo",
        "         aaaaaba ddddddo",
        "         aheeaba     ddo",
        "         mbibcbm       o",
        "         agbbaba       o",
        "         aaaaaba       o",
        "          afbaba       o",
        "          mfbcbm       o",
        "          afbana       o",
        "          aaaaaa       o",
        "                       o",
        "                       o"
      ],
      "terrain": {
        " ": [
          "t_grass",
          "t_grass",
          "t_grass",
          "t_grass",
          "t_grass",
          "t_grass",
          "t_grass",
          "t_grass",
          "t_grass",
          "t_grass",
          "t_grass",
          "t_grass",
          "t_grass",
          "t_grass",
          "t_grass",
          "t_grass",
          "t_grass",
          "t_grass",
          "t_grass",
          "t_grass",
          "t_grass",
          "t_grass",
          "t_grass",
          "t_grass",
          "t_grass",
          "t_grass",
          "t_grass",
          "t_grass",
          "t_grass",
          "t_grass",
          "t_grass",
          "t_grass",
          "t_grass",
          "t_grass",
          "t_grass",
          "t_grass",
          "t_grass",
          "t_grass",
          "t_grass",
          "t_grass",
          "t_dirt",
          "t_dirt",
          "t_dirt",
          "t_dirt",
          "t_dirt",
          "t_dirt",
          "t_dirt",
          "t_dirt",
          "t_dirt",
          "t_dirt",
          "t_grass_long",
          "t_grass_long",
          "t_grass_long",
          "t_tree_dead"
        ],
        "a": [
          "t_wall_wood",
          "t_wall_wood",
          "t_wall_wood",
          "t_wall_wood",
          "t_wall_wood",
          "t_wall_wood_chipped",
          "t_wall_wood_chipped",
          "t_wall_wood_broken"
        ],
        "b": [ "t_floor", "t_floor", "t_floor", "t_floor", "t_floor", "t_dirt" ],
        "c": [ "t_door_c", "t_door_c", "t_door_c", "t_door_b" ],
        "d": [ "t_dirt", "t_dirt", "t_dirt", "t_grass" ],
        "e": [ "t_floor", "t_floor", "t_floor", "t_floor", "t_floor", "t_dirt" ],
        "f": [ "t_floor", "t_floor", "t_floor", "t_floor", "t_floor", "t_dirt" ],
        "g": [ "t_floor", "t_floor", "t_floor", "t_floor", "t_floor", "t_dirt" ],
        "h": [ "t_floor", "t_floor", "t_floor", "t_floor", "t_floor", "t_dirt" ],
        "i": [ "t_floor", "t_floor", "t_floor", "t_floor", "t_floor", "t_dirt" ],
        "j": [ "t_floor", "t_floor", "t_floor", "t_floor", "t_floor", "t_dirt" ],
        "k": [ "t_floor", "t_floor", "t_floor", "t_floor", "t_floor", "t_dirt" ],
        "l": [ "t_floor", "t_floor", "t_floor", "t_floor", "t_floor", "t_dirt" ],
        "m": [ "t_window", "t_window", "t_window", "t_window_frame" ],
        "n": [ "t_floor", "t_floor", "t_floor", "t_floor", "t_floor", "t_dirt" ],
        "o": [ "t_dirt", "t_dirt", "t_dirt", "t_grass", "t_dirt", "t_dirt", "t_dirt" ]
      },
      "furniture": {
        "e": "f_bed",
        "f": "f_bathtub",
        "g": "f_bookcase",
        "h": "f_dresser",
        "i": "f_stool",
        "j": "f_table",
        "k": "f_cupboard",
        "l": "f_sink",
        "n": "f_bigmirror"
      },
      "place_loot": [
        { "group": "elderbooks", "chance": 50, "x": [ 16, 18 ], "y": [ 8, 8 ] },
        { "group": "dresser", "chance": 50, "repeat": [ 1, 3 ], "x": [ 10, 10 ], "y": [ 14, 14 ] },
        { "group": "elderbooks", "chance": 50, "x": [ 10, 10 ], "y": [ 16, 16 ] }
      ]
    }
  },
  {
    "type": "mapgen",
    "method": "json",
    "om_terrain": [ "ghost_townhouseeast" ],
    "object": {
      "rows": [
        "                       o",
        "                       o",
        "                       o",
        "                       o",
        "             amma      o",
        "             affa      o",
        "             abba      o",
        "             acaaaaa   o",
        "             abageea   o",
        "             abcbbbm   o",
        "         aaaaababbha   o",
        "         agggabaaaaa   o",
        "         abbbbba     ddo",
        "         mjjjbbcdddddddo",
        "         aibbiba     ddo",
        "         abbbbbm       o",
        "         aljkbia       o",
        "         amaaaaa       o",
        "                       o",
        "                       o",
        "                       o",
        "                       o",
        "                       o",
        "                       o"
      ],
      "terrain": {
        " ": [
          "t_grass",
          "t_grass",
          "t_grass",
          "t_grass",
          "t_grass",
          "t_grass",
          "t_grass",
          "t_grass",
          "t_grass",
          "t_grass",
          "t_grass",
          "t_grass",
          "t_grass",
          "t_grass",
          "t_grass",
          "t_grass",
          "t_grass",
          "t_grass",
          "t_grass",
          "t_grass",
          "t_grass",
          "t_grass",
          "t_grass",
          "t_grass",
          "t_grass",
          "t_grass",
          "t_grass",
          "t_grass",
          "t_grass",
          "t_grass",
          "t_grass",
          "t_grass",
          "t_grass",
          "t_grass",
          "t_grass",
          "t_grass",
          "t_grass",
          "t_grass",
          "t_grass",
          "t_grass",
          "t_dirt",
          "t_dirt",
          "t_dirt",
          "t_dirt",
          "t_dirt",
          "t_dirt",
          "t_dirt",
          "t_dirt",
          "t_dirt",
          "t_dirt",
          "t_grass_long",
          "t_grass_long",
          "t_grass_long",
          "t_tree_dead"
        ],
        "a": [
          "t_wall_wood",
          "t_wall_wood",
          "t_wall_wood",
          "t_wall_wood",
          "t_wall_wood",
          "t_wall_wood_chipped",
          "t_wall_wood_chipped",
          "t_wall_wood_broken"
        ],
        "b": [ "t_floor", "t_floor", "t_floor", "t_floor", "t_floor", "t_dirt" ],
        "c": [ "t_door_c", "t_door_c", "t_door_c", "t_door_b" ],
        "d": [ "t_dirt", "t_dirt", "t_dirt", "t_grass" ],
        "e": [ "t_floor", "t_floor", "t_floor", "t_floor", "t_floor", "t_dirt" ],
        "f": [ "t_floor", "t_floor", "t_floor", "t_floor", "t_floor", "t_dirt" ],
        "g": [ "t_floor", "t_floor", "t_floor", "t_floor", "t_floor", "t_dirt" ],
        "h": [ "t_floor", "t_floor", "t_floor", "t_floor", "t_floor", "t_dirt" ],
        "i": [ "t_floor", "t_floor", "t_floor", "t_floor", "t_floor", "t_dirt" ],
        "j": [ "t_floor", "t_floor", "t_floor", "t_floor", "t_floor", "t_dirt" ],
        "k": [ "t_floor", "t_floor", "t_floor", "t_floor", "t_floor", "t_dirt" ],
        "l": [ "t_floor", "t_floor", "t_floor", "t_floor", "t_floor", "t_dirt" ],
        "m": [ "t_window", "t_window", "t_window", "t_window_frame" ],
        "n": [ "t_floor", "t_floor", "t_floor", "t_floor", "t_floor", "t_dirt" ],
        "o": [ "t_dirt", "t_dirt", "t_dirt", "t_grass", "t_dirt", "t_dirt", "t_dirt" ]
      },
      "furniture": {
        "e": "f_bed",
        "f": "f_bathtub",
        "g": "f_bookcase",
        "h": "f_dresser",
        "i": "f_stool",
        "j": "f_table",
        "k": "f_cupboard",
        "l": "f_sink",
        "n": "f_bigmirror"
      },
      "place_loot": [
        { "group": "elderbooks", "chance": 50, "x": [ 16, 16 ], "y": [ 8, 8 ] },
        { "group": "elderbooks", "chance": 50, "x": [ 10, 12 ], "y": [ 11, 11 ] },
        { "group": "dresser", "chance": 50, "repeat": [ 1, 3 ], "x": [ 18, 18 ], "y": [ 10, 10 ] }
      ]
    }
  },
  {
    "type": "mapgen",
    "method": "json",
    "om_terrain": [ "ghost_townhouseeast" ],
    "object": {
      "rows": [
        "                       o",
        "                       o",
        "                       o",
        "                       o",
        "                       o",
        "                       o",
        "                       o",
        "                       o",
        "                       o",
        "         aamaa         o",
        "         akljaaa       o",
        "         abibbga       o",
        "     aaaaabbbbba    dddo",
        "     aeegaijjjbcdddddddo",
        "     mbbbcbbbibcdddddddo",
        "     aihbabbbbbm    dddo",
        "     aaaaacaggga       o",
        "        abbaaaaa       o",
        "        affa           o",
        "        amma           o",
        "                       o",
        "                       o",
        "                       o",
        "                       o"
      ],
      "terrain": {
        " ": [
          "t_grass",
          "t_grass",
          "t_grass",
          "t_grass",
          "t_grass",
          "t_grass",
          "t_grass",
          "t_grass",
          "t_grass",
          "t_grass",
          "t_grass",
          "t_grass",
          "t_grass",
          "t_grass",
          "t_grass",
          "t_grass",
          "t_grass",
          "t_grass",
          "t_grass",
          "t_grass",
          "t_grass",
          "t_grass",
          "t_grass",
          "t_grass",
          "t_grass",
          "t_grass",
          "t_grass",
          "t_grass",
          "t_grass",
          "t_grass",
          "t_grass",
          "t_grass",
          "t_grass",
          "t_grass",
          "t_grass",
          "t_grass",
          "t_grass",
          "t_grass",
          "t_grass",
          "t_grass",
          "t_dirt",
          "t_dirt",
          "t_dirt",
          "t_dirt",
          "t_dirt",
          "t_dirt",
          "t_dirt",
          "t_dirt",
          "t_dirt",
          "t_dirt",
          "t_grass_long",
          "t_grass_long",
          "t_grass_long",
          "t_tree_dead"
        ],
        "a": [
          "t_wall_wood",
          "t_wall_wood",
          "t_wall_wood",
          "t_wall_wood",
          "t_wall_wood",
          "t_wall_wood_chipped",
          "t_wall_wood_chipped",
          "t_wall_wood_broken"
        ],
        "b": [ "t_floor", "t_floor", "t_floor", "t_floor", "t_floor", "t_dirt" ],
        "c": [ "t_door_c", "t_door_c", "t_door_c", "t_door_b" ],
        "d": [ "t_dirt", "t_dirt", "t_dirt", "t_grass" ],
        "e": [ "t_floor", "t_floor", "t_floor", "t_floor", "t_floor", "t_dirt" ],
        "f": [ "t_floor", "t_floor", "t_floor", "t_floor", "t_floor", "t_dirt" ],
        "g": [ "t_floor", "t_floor", "t_floor", "t_floor", "t_floor", "t_dirt" ],
        "h": [ "t_floor", "t_floor", "t_floor", "t_floor", "t_floor", "t_dirt" ],
        "i": [ "t_floor", "t_floor", "t_floor", "t_floor", "t_floor", "t_dirt" ],
        "j": [ "t_floor", "t_floor", "t_floor", "t_floor", "t_floor", "t_dirt" ],
        "k": [ "t_floor", "t_floor", "t_floor", "t_floor", "t_floor", "t_dirt" ],
        "l": [ "t_floor", "t_floor", "t_floor", "t_floor", "t_floor", "t_dirt" ],
        "m": [ "t_window", "t_window", "t_window", "t_window_frame" ],
        "n": [ "t_floor", "t_floor", "t_floor", "t_floor", "t_floor", "t_dirt" ],
        "o": [ "t_dirt", "t_dirt", "t_dirt", "t_grass", "t_dirt", "t_dirt", "t_dirt" ]
      },
      "furniture": {
        "e": "f_bed",
        "f": "f_bathtub",
        "g": "f_bookcase",
        "h": "f_dresser",
        "i": "f_stool",
        "j": "f_table",
        "k": "f_cupboard",
        "l": "f_sink",
        "n": "f_bigmirror"
      },
      "place_loot": [
        { "group": "elderbooks", "chance": 50, "x": [ 12, 14 ], "y": [ 16, 16 ] },
        { "group": "elderbooks", "chance": 50, "x": [ 14, 14 ], "y": [ 11, 11 ] },
        { "group": "elderbooks", "chance": 50, "x": [ 8, 8 ], "y": [ 13, 13 ] },
        { "group": "dresser", "chance": 50, "repeat": [ 1, 3 ], "x": [ 7, 7 ], "y": [ 15, 15 ] }
      ]
    }
  },
  {
    "\/\/": "Vacant spaces for ghost towns.",
    "type": "mapgen",
    "method": "json",
    "om_terrain": [ "ghost_townhouseeast" ],
    "object": {
      "rows": [
        "                       o",
        "                       o",
        "                       o",
        "                       o",
        "                       o",
        "                       o",
        "                       o",
        "                       o",
        "                       o",
        "                       o",
        "                       o",
        "                       o",
        "                       o",
        "                       o",
        "                       o",
        "                       o",
        "                       o",
        "                       o",
        "                       o",
        "                       o",
        "                       o",
        "                       o",
        "                       o",
        "                       o"
      ],
      "terrain": {
        " ": [
          "t_grass",
          "t_grass",
          "t_grass",
          "t_grass",
          "t_grass",
          "t_grass",
          "t_grass",
          "t_grass",
          "t_grass",
          "t_grass",
          "t_grass",
          "t_grass",
          "t_grass",
          "t_grass",
          "t_grass",
          "t_grass",
          "t_grass",
          "t_grass",
          "t_grass",
          "t_grass",
          "t_dirt",
          "t_dirt",
          "t_dirt",
          "t_dirt",
          "t_dirt",
          "t_dirt",
          "t_dirt",
          "t_dirt",
          "t_dirt",
          "t_dirt",
          "t_grass_long",
          "t_grass_long",
          "t_grass_long",
          "t_tree_dead"
        ],
        "o": [ "t_dirt", "t_dirt", "t_dirt", "t_grass", "t_dirt", "t_dirt", "t_dirt" ]
      }
    }
  }
]