[
	{
		"type": "mapgen",
		"method": "json",
		"om_terrain": [
			"ghost_townhousenorth"
		],
		"object": {
			"rows": [
				"oooooooooooooooooooooooo",
				"        dddd            ",
				"        dddd            ",
				"         dd             ",
				"         dd             ",
				"         dd             ",
				"         dd             ",
				"      aaaccagaaagaa     ",
				"      aiibbklkajbea     ",
				"      aibbbbbbabbea     ",
				"      gbbbbbbbabbba     ",
				"      gbbbbbbbaacaa     ",
				"      allllbbbabbja     ",
				"      abkbfbbbcbbbg     ",
				"      amlnbbbbabbka     ",
				"      aagaaagaaacaa     ",
				"              abbba     ",
				"              ahhha     ",
				"              aagaa     ",
				"                        ",
				"                        ",
				"                        ",
				"                        ",
				"                        "
			],
			"terrain": {
				" ": [
					"t_grass",
					"t_grass",
					"t_grass",
					"t_grass",
					"t_grass",
					"t_grass",
					"t_grass",
					"t_grass",
					"t_grass",
					"t_grass",
					"t_grass",
					"t_grass",
					"t_grass",
					"t_grass",
					"t_grass",
					"t_grass",
					"t_grass",
					"t_grass",
					"t_grass",
					"t_grass",
					"t_grass",
					"t_grass",
					"t_grass",
					"t_grass",
					"t_grass",
					"t_grass",
					"t_grass",
					"t_grass",
					"t_grass",
					"t_grass",
					"t_grass",
					"t_grass",
					"t_grass",
					"t_grass",
					"t_grass",
					"t_grass",
					"t_grass",
					"t_grass",
					"t_grass",
					"t_grass",
					"t_dirt",
					"t_dirt",
					"t_dirt",
					"t_dirt",
					"t_dirt",
					"t_dirt",
					"t_dirt",
					"t_dirt",
					"t_dirt",
					"t_dirt",
					"t_grass_long",
					"t_grass_long",
					"t_grass_long",
					"t_tree_dead"
				],
				"a": [
					"t_wall_wood",
					"t_wall_wood",
					"t_wall_wood",
					"t_wall_wood",
					"t_wall_wood",
					"t_wall_wood_chipped",
					"t_wall_wood_chipped",
					"t_wall_wood_broken"
				],
				"b": [
					"t_floor",
					"t_floor",
					"t_floor",
					"t_floor",
					"t_floor",
					"t_dirt"
				],
				"c": [
					"t_door_c",
					"t_door_c",
					"t_door_c",
					"t_door_b"
				],
				"d": [
					"t_dirt",
					"t_dirt",
					"t_dirt",
					"t_grass"
				],
				"e": [
					"t_floor",
					"t_floor",
					"t_floor",
					"t_floor",
					"t_floor",
					"t_dirt"
				],
				"f": [
					"t_floor",
					"t_floor",
					"t_floor",
					"t_floor",
					"t_floor",
					"t_dirt"
				],
				"g": [
					"t_window",
					"t_window",
					"t_window",
					"t_window_frame"
				],
				"h": [
					"t_floor",
					"t_floor",
					"t_floor",
					"t_floor",
					"t_floor",
					"t_dirt"
				],
				"i": [
					"t_floor",
					"t_floor",
					"t_floor",
					"t_floor",
					"t_floor",
					"t_dirt"
				],
				"j": [
					"t_floor",
					"t_floor",
					"t_floor",
					"t_floor",
					"t_floor",
					"t_dirt"
				],
				"k": [
					"t_floor",
					"t_floor",
					"t_floor",
					"t_floor",
					"t_floor",
					"t_dirt"
				],
				"l": [
					"t_floor",
					"t_floor",
					"t_floor",
					"t_floor",
					"t_floor",
					"t_dirt"
				],
				"m": [
					"t_floor",
					"t_floor",
					"t_floor",
					"t_floor",
					"t_floor",
					"t_dirt"
				],
				"n": [
					"t_floor",
					"t_floor",
					"t_floor",
					"t_floor",
					"t_floor",
					"t_dirt"
				],
				"o": [
					"t_dirt",
					"t_dirt",
					"t_dirt",
					"t_grass",
					"t_dirt",
					"t_dirt",
					"t_dirt"
				]
			},
			"furniture": {
				"e": "f_bed",
				"h": "f_bathtub",
				"i": "f_bookcase",
				"j": "f_dresser",
				"k": "f_stool",
				"l": "f_table",
				"m": "f_cupboard",
				"n": "f_sink"
			},
			"place_loot": [
				{
					"group": "elderbooks",
					"chance": 50,
					"x": [
						8,
						7
					],
					"y": [
						8,
						8
					]
				},
				{
					"group": "elderbooks",
					"chance": 50,
					"x": [
						7,
						7
					],
					"y": [
						9,
						8
					]
				},
				{
					"group": "dresser",
					"chance": 50,
					"repeat": [1,
						3
					],
					"x": [
						15,
						15
					],
					"y": [
						8,
						8
					]
				},
				{
					"group": "dresser",
					"chance": 50,
					"repeat": [1,
						3
					],
					"x": [
						17,
						17
					],
					"y": [
						12,
						12
					]
				}
			]
		}
	},
	{
		"type": "mapgen",
		"method": "json",
		"om_terrain": [
			"ghost_townhousenorth"
		],
		"object": {
			"rows": [
				"oooooooooooooooooooooooo",
				"           ddd          ",
				"           ddd          ",
				"           ddd          ",
				"            d           ",
				"            d           ",
				"      aagaaacaaagaa     ",
				"      ambbbbbbakbja     ",
				"      alkbbbbbcbbba     ",
				"      gnbbkbbbaieea     ",
				"      abbbllbbaaaaa     ",
				"      abbbbkbbabbha     ",
				"      abbbfbbbcbbhg     ",
				"      aiiibbiiabbha     ",
				"      aaaaggaaaaaaa     ",
				"                        ",
				"                        ",
				"                        ",
				"                        ",
				"                        ",
				"                        ",
				"                        ",
				"                        ",
				"                        "
			],
			"terrain": {
				" ": [
					"t_grass",
					"t_grass",
					"t_grass",
					"t_grass",
					"t_grass",
					"t_grass",
					"t_grass",
					"t_grass",
					"t_grass",
					"t_grass",
					"t_grass",
					"t_grass",
					"t_grass",
					"t_grass",
					"t_grass",
					"t_grass",
					"t_grass",
					"t_grass",
					"t_grass",
					"t_grass",
					"t_grass",
					"t_grass",
					"t_grass",
					"t_grass",
					"t_grass",
					"t_grass",
					"t_grass",
					"t_grass",
					"t_grass",
					"t_grass",
					"t_grass",
					"t_grass",
					"t_grass",
					"t_grass",
					"t_grass",
					"t_grass",
					"t_grass",
					"t_grass",
					"t_grass",
					"t_grass",
					"t_dirt",
					"t_dirt",
					"t_dirt",
					"t_dirt",
					"t_dirt",
					"t_dirt",
					"t_dirt",
					"t_dirt",
					"t_dirt",
					"t_dirt",
					"t_grass_long",
					"t_grass_long",
					"t_grass_long",
					"t_tree_dead"
				],
				"a": [
					"t_wall_wood",
					"t_wall_wood",
					"t_wall_wood",
					"t_wall_wood",
					"t_wall_wood",
					"t_wall_wood_chipped",
					"t_wall_wood_chipped",
					"t_wall_wood_broken"
				],
				"b": [
					"t_floor",
					"t_floor",
					"t_floor",
					"t_floor",
					"t_floor",
					"t_dirt"
				],
				"c": [
					"t_door_c",
					"t_door_c",
					"t_door_c",
					"t_door_b"
				],
				"d": [
					"t_dirt",
					"t_dirt",
					"t_dirt",
					"t_grass"
				],
				"e": [
					"t_floor",
					"t_floor",
					"t_floor",
					"t_floor",
					"t_floor",
					"t_dirt"
				],
				"f": [
					"t_floor",
					"t_floor",
					"t_floor",
					"t_floor",
					"t_floor",
					"t_dirt"
				],
				"g": [
					"t_window",
					"t_window",
					"t_window",
					"t_window_frame"
				],
				"h": [
					"t_floor",
					"t_floor",
					"t_floor",
					"t_floor",
					"t_floor",
					"t_dirt"
				],
				"i": [
					"t_floor",
					"t_floor",
					"t_floor",
					"t_floor",
					"t_floor",
					"t_dirt"
				],
				"j": [
					"t_floor",
					"t_floor",
					"t_floor",
					"t_floor",
					"t_floor",
					"t_dirt"
				],
				"k": [
					"t_floor",
					"t_floor",
					"t_floor",
					"t_floor",
					"t_floor",
					"t_dirt"
				],
				"l": [
					"t_floor",
					"t_floor",
					"t_floor",
					"t_floor",
					"t_floor",
					"t_dirt"
				],
				"m": [
					"t_floor",
					"t_floor",
					"t_floor",
					"t_floor",
					"t_floor",
					"t_dirt"
				],
				"n": [
					"t_floor",
					"t_floor",
					"t_floor",
					"t_floor",
					"t_floor",
					"t_dirt"
				],
				"o": [
					"t_dirt",
					"t_dirt",
					"t_dirt",
					"t_grass",
					"t_dirt",
					"t_dirt",
					"t_dirt"
				]
			},
			"furniture": {
				"e": "f_bed",
				"h": "f_bathtub",
				"i": "f_bookcase",
				"j": "f_dresser",
				"k": "f_stool",
				"l": "f_table",
				"m": "f_cupboard",
				"n": "f_sink"
			},
			"place_loot": [
				{
					"group": "dresser",
					"chance": 50,
					"repeat": [1,
						3
					],
					"x": [
						17,
						17
					],
					"y": [
						7,
						7
					]
				},
				{
					"group": "elderbooks",
					"chance": 30,
					"x": [
						7,
						9
					],
					"y": [
						13,
						13
					]
				},
				{
					"group": "elderbooks",
					"chance": 30,
					"x": [
						12,
						13
					],
					"y": [
						13,
						13
					]
				}
			]
		}
	},
	{
		"type": "mapgen",
		"method": "json",
		"om_terrain": [
			"ghost_townhousenorth"
		],
		"object": {
			"rows": [
				"oooooooooooooooooooooooo",
				"                   ddd  ",
				"                   ddd  ",
				"                   ddd  ",
				"                    d   ",
				"      aaaaagagaaaaa d   ",
				"      ambbbbbbbbiia d   ",
				"      abkbbbbbbbbbcdd   ",
				"      gnlbbbbbbbkia     ",
				"      aaaaalkbaaaaa     ",
				"      ahbbakbbajeea     ",
				"      ghbbcbbbcbbbg     ",
				"      ahbbabiiabkia     ",
				"      aaaaagaaaaaaa     ",
				"                        ",
				"                        ",
				"                        ",
				"                        ",
				"                        ",
				"                        ",
				"                        ",
				"                        ",
				"                        ",
				"                        "
			],
			"terrain": {
				" ": [
					"t_grass",
					"t_grass",
					"t_grass",
					"t_grass",
					"t_grass",
					"t_grass",
					"t_grass",
					"t_grass",
					"t_grass",
					"t_grass",
					"t_grass",
					"t_grass",
					"t_grass",
					"t_grass",
					"t_grass",
					"t_grass",
					"t_grass",
					"t_grass",
					"t_grass",
					"t_grass",
					"t_grass",
					"t_grass",
					"t_grass",
					"t_grass",
					"t_grass",
					"t_grass",
					"t_grass",
					"t_grass",
					"t_grass",
					"t_grass",
					"t_grass",
					"t_grass",
					"t_grass",
					"t_grass",
					"t_grass",
					"t_grass",
					"t_grass",
					"t_grass",
					"t_grass",
					"t_grass",
					"t_dirt",
					"t_dirt",
					"t_dirt",
					"t_dirt",
					"t_dirt",
					"t_dirt",
					"t_dirt",
					"t_dirt",
					"t_dirt",
					"t_dirt",
					"t_grass_long",
					"t_grass_long",
					"t_grass_long",
					"t_tree_dead"
				],
				"a": [
					"t_wall_wood",
					"t_wall_wood",
					"t_wall_wood",
					"t_wall_wood",
					"t_wall_wood",
					"t_wall_wood_chipped",
					"t_wall_wood_chipped",
					"t_wall_wood_broken"
				],
				"b": [
					"t_floor",
					"t_floor",
					"t_floor",
					"t_floor",
					"t_floor",
					"t_dirt"
				],
				"c": [
					"t_door_c",
					"t_door_c",
					"t_door_c",
					"t_door_b"
				],
				"d": [
					"t_dirt",
					"t_dirt",
					"t_dirt",
					"t_grass"
				],
				"e": [
					"t_floor",
					"t_floor",
					"t_floor",
					"t_floor",
					"t_floor",
					"t_dirt"
				],
				"f": [
					"t_floor",
					"t_floor",
					"t_floor",
					"t_floor",
					"t_floor",
					"t_dirt"
				],
				"g": [
					"t_window",
					"t_window",
					"t_window",
					"t_window_frame"
				],
				"h": [
					"t_floor",
					"t_floor",
					"t_floor",
					"t_floor",
					"t_floor",
					"t_dirt"
				],
				"i": [
					"t_floor",
					"t_floor",
					"t_floor",
					"t_floor",
					"t_floor",
					"t_dirt"
				],
				"j": [
					"t_floor",
					"t_floor",
					"t_floor",
					"t_floor",
					"t_floor",
					"t_dirt"
				],
				"k": [
					"t_floor",
					"t_floor",
					"t_floor",
					"t_floor",
					"t_floor",
					"t_dirt"
				],
				"l": [
					"t_floor",
					"t_floor",
					"t_floor",
					"t_floor",
					"t_floor",
					"t_dirt"
				],
				"m": [
					"t_floor",
					"t_floor",
					"t_floor",
					"t_floor",
					"t_floor",
					"t_dirt"
				],
				"n": [
					"t_floor",
					"t_floor",
					"t_floor",
					"t_floor",
					"t_floor",
					"t_dirt"
				],
				"o": [
					"t_dirt",
					"t_dirt",
					"t_dirt",
					"t_grass",
					"t_dirt",
					"t_dirt",
					"t_dirt"
				]
			},
			"furniture": {
				"e": "f_bed",
				"h": "f_bathtub",
				"i": "f_bookcase",
				"j": "f_dresser",
				"k": "f_stool",
				"l": "f_table",
				"m": "f_cupboard",
				"n": "f_sink"
			},
			"place_loot": [
				{
					"group": "elderbooks",
					"chance": 30,
					"x": [
						12,
						13
					],
					"y": [
						12,
						12
					]
				},
				{
					"group": "dresser",
					"chance": 50,
					"repeat": [1,
						3
					],
					"x": [
						15,
						15
					],
					"y": [
						10,
						10
					]
				},
				{
					"group": "elderbooks",
					"chance": 30,
					"x": [
						17,
						17
					],
					"y": [
						12,
						12
					]
				},
				{
					"group": "elderbooks",
					"chance": 30,
					"x": [
						17,
						16
					],
					"y": [
						6,
						6
					]
				},
				{
					"group": "elderbooks",
					"chance": 30,
					"x": [
						17,
						17
					],
					"y": [
						8,
						8
					]
				}
			]
		}
	},
	{
		"//": "Vacant spaces for ghost towns.",
		"type": "mapgen",
		"method": "json",
		"om_terrain": [
			"ghost_townhousenorth"
		],
		"object": {
			"rows": [
				"oooooooooooooooooooooooo",
				"                        ",
				"                        ",
				"                        ",
				"                        ",
				"                        ",
				"                        ",
				"                        ",
				"                        ",
				"                        ",
				"                        ",
				"                        ",
				"                        ",
				"                        ",
				"                        ",
				"                        ",
				"                        ",
				"                        ",
				"                        ",
				"                        ",
				"                        ",
				"                        ",
				"                        ",
				"                        "
			],
			"terrain": {
				" ": [
					"t_grass",
					"t_grass",
					"t_grass",
					"t_grass",
					"t_grass",
					"t_grass",
					"t_grass",
					"t_grass",
					"t_grass",
					"t_grass",
					"t_grass",
					"t_grass",
					"t_grass",
					"t_grass",
					"t_grass",
					"t_grass",
					"t_grass",
					"t_grass",
					"t_grass",
					"t_grass",
					"t_dirt",
					"t_dirt",
					"t_dirt",
					"t_dirt",
					"t_dirt",
					"t_dirt",
					"t_dirt",
					"t_dirt",
					"t_dirt",
					"t_dirt",
					"t_grass_long",
					"t_grass_long",
					"t_grass_long",
					"t_tree_dead"
				],
				"o": [
					"t_dirt",
					"t_dirt",
					"t_dirt",
					"t_grass",
					"t_dirt",
					"t_dirt",
					"t_dirt"
				]
			}
		}
	}
]