[
  {
    "id": "hacksaw",
    "copy-from": "hacksaw",
    "type": "TOOL",
    "name": "hacksaw",
    "extend": { "flags": [ "STOWABLE" ] }
  },
  {
    "id": "bootsheath",
    "copy-from": "bootsheath",
    "type": "ARMOR",
    "name": "ankle sheath",
    "extend": { "flags": [ "STOWABLE" ] }
  },
  {
    "id": "sheath",
    "copy-from": "sheath",
    "type": "ARMOR",
    "name": "sheath",
    "extend": { "flags": [ "STOWABLE" ] }
  },
  {
    "id": "scabbard",
    "copy-from": "scabbard",
    "type": "ARMOR",
    "name": "scabbard",
    "extend": { "flags": [ "STOWABLE" ] }
  },
  {
    "id": "bscabbard",
    "copy-from": "bscabbard",
    "type": "ARMOR",
    "name": "back scabbard",
    "extend": { "flags": [ "STOWABLE" ] }
  },
  {
    "id": "pliers",
    "copy-from": "pliers",
    "type": "TOOL",
    "name": "pliers",
    "extend": { "flags": [ "STOWABLE" ] }
  },
  {
    "id": "saw",
    "copy-from": "saw",
    "type": "TOOL",
    "name": "wood saw",
    "extend": { "flags": [ "STOWABLE" ] }
  },
  {
    "id": "screwdriver",
    "copy-from": "screwdriver",
    "type": "TOOL",
    "name": "screwdriver",
    "extend": { "flags": [ "STOWABLE" ] }
  },
  {
    "id": "screwdriver_set",
    "copy-from": "screwdriver_set",
    "type": "TOOL",
    "name": "screwdriver set",
    "extend": { "flags": [ "STOWABLE" ] }
  },
  {
    "id": "wrench",
    "copy-from": "wrench",
    "type": "TOOL",
    "name": "wrench",
    "extend": { "flags": [ "STOWABLE" ] }
  },
  {
    "id": "xacto",
    "copy-from": "xacto",
    "type": "TOOL",
    "name": "X-Acto knife",
    "extend": { "flags": [ "STOWABLE" ] }
  },
  {
    "id": "chisel",
    "copy-from": "chisel",
    "type": "TOOL",
    "name": "metalworking chisel",
    "extend": { "flags": [ "STOWABLE" ] }
  },
  {
    "id": "anvil",
    "copy-from": "anvil",
    "type": "TOOL",
    "name": "anvil",
    "extend": { "flags": [ "STOWABLE" ] }
  },
  {
    "id": "crucible",
    "copy-from": "crucible",
    "type": "TOOL",
    "name": "crucible",
    "extend": { "flags": [ "STOWABLE" ] }
  },
  {
    "id": "swage",
    "copy-from": "swage",
    "type": "TOOL",
    "name": "swage and die set",
    "extend": { "flags": [ "STOWABLE" ] }
  },
  {
    "id": "hand_drill",
    "copy-from": "hand_drill",
    "type": "TOOL",
    "name": "hand drill",
    "extend": { "flags": [ "STOWABLE" ] }
  },
  {
    "id": "ax",
    "copy-from": "ax",
    "type": "TOOL",
    "name": "wood axe",
    "extend": { "flags": [ "STOWABLE" ] }
  },
  {
    "id": "shovel",
    "copy-from": "shovel",
    "type": "TOOL",
    "name": "shovel",
    "extend": { "flags": [ "STOWABLE" ] }
  },
  {
    "id": "pickaxe",
    "copy-from": "pickaxe",
    "type": "TOOL",
    "name": "pickaxe",
    "extend": { "flags": [ "STOWABLE" ] }
  },
  {
    "id": "g_shovel",
    "copy-from": "g_shovel",
    "type": "TOOL",
    "name": "trowel",
    "extend": { "flags": [ "STOWABLE" ] }
  },
  {
    "id": "boltcutters",
    "copy-from": "boltcutters",
    "type": "TOOL",
    "name": "pair of bolt cutters",
    "extend": { "flags": [ "STOWABLE" ] }
  },
  {
    "id": "crowbar",
    "copy-from": "crowbar",
    "type": "TOOL",
    "name": "crowbar",
    "extend": { "flags": [ "STOWABLE" ] }
  },
  {
    "id": "hammer_sledge",
    "copy-from": "hammer_sledge",
    "type": "TOOL",
    "name": "sledge hammer",
    "extend": { "flags": [ "STOWABLE" ] }
  },
  {
    "id": "halligan",
    "copy-from": "halligan",
    "type": "TOOL",
    "name": "Halligan bar",
    "extend": { "flags": [ "STOWABLE" ] }
  },
  {
    "id": "puller",
    "copy-from": "puller",
    "type": "TOOL",
    "name": "kinetic bullet puller",
    "extend": { "flags": [ "STOWABLE" ] }
  },
  {
    "id": "press",
    "copy-from": "press",
    "type": "TOOL",
    "name": "hand press & die set",
    "extend": { "flags": [ "STOWABLE" ] }
  },
  {
    "id": "jack",
    "copy-from": "jack",
    "type": "TOOL",
    "name": "bottle jack",
    "extend": { "flags": [ "STOWABLE" ] }
  },
  {
    "id": "jack_small",
    "copy-from": "jack_small",
    "type": "TOOL",
    "name": "scissor jack",
    "extend": { "flags": [ "STOWABLE" ] }
  },
  {
    "id": "scalpel",
    "copy-from": "scalpel",
    "type": "TOOL",
    "name": "scalpel",
    "extend": { "flags": [ "STOWABLE" ] }
  },
  {
    "id": "scissors",
    "copy-from": "scissors",
    "type": "TOOL",
    "name": "pair of scissors",
    "extend": { "flags": [ "STOWABLE" ] }
  },
  {
    "id": "stethoscope",
    "copy-from": "stethoscope",
    "type": "TOOL_ARMOR",
    "name": "stethoscope",
    "extend": { "flags": [ "STOWABLE" ] }
  },
  {
    "id": "syringe",
    "copy-from": "syringe",
    "type": "TOOL",
    "name": "syringe",
    "extend": { "flags": [ "STOWABLE" ] }
  },
  {
    "id": "thermometer",
    "copy-from": "thermometer",
    "type": "TOOL",
    "name": "thermometer",
    "extend": { "flags": [ "STOWABLE" ] }
  },
  {
    "id": "e_tool",
    "copy-from": "e_tool",
    "type": "TOOL",
    "name": "entrenching tool",
    "extend": { "flags": [ "STOWABLE" ] }
  },
  {
    "id": "hatchet",
    "copy-from": "hatchet",
    "type": "GENERIC",
    "name": "hatchet",
    "extend": { "flags": [ "STOWABLE" ] }
  },
  {
    "id": "knitting_needles",
    "copy-from": "knitting_needles",
    "type": "GENERIC",
    "name": "knitting needles",
    "extend": { "flags": [ "STOWABLE" ] }
  },
  {
    "id": "pot",
    "copy-from": "pot",
    "type": "GENERIC",
    "name": "pot",
    "extend": { "flags": [ "STOWABLE" ] }
  },
  {
    "id": "distaff_spindle",
    "copy-from": "distaff_spindle",
    "type": "GENERIC",
    "name": "distaff and spindle",
    "extend": { "flags": [ "STOWABLE" ] }
  },
  {
    "id": "carding_paddles",
    "copy-from": "carding_paddles",
    "type": "GENERIC",
    "name": "carding paddles",
    "extend": { "flags": [ "STOWABLE" ] }
  },
  {
    "id": "chipper",
    "copy-from": "chipper",
    "type": "TOOL",
    "name": "paint chipper",
    "extend": { "flags": [ "STOWABLE" ] }
  },
  {
    "id": "pot_copper",
    "copy-from": "pot_copper",
    "type": "GENERIC",
    "name": "copper pot",
    "extend": { "flags": [ "STOWABLE" ] }
  },
  {
    "id": "pan",
    "copy-from": "pan",
    "type": "GENERIC",
    "name": "frying pan",
    "extend": { "flags": [ "STOWABLE" ] }
  },
  {
    "id": "waffleiron",
    "copy-from": "waffleiron",
    "type": "GENERIC",
    "name": "waffle iron",
    "extend": { "flags": [ "STOWABLE" ] }
  },
  {
    "id": "pastaextruder",
    "copy-from": "pastaextruder",
    "type": "GENERIC",
    "name": "pasta extruder",
    "extend": { "flags": [ "STOWABLE" ] }
  },
  {
    "id": "can_sealer",
    "copy-from": "can_sealer",
    "type": "GENERIC",
    "name": "can sealer",
    "extend": { "flags": [ "STOWABLE" ] }
  },
  {
    "id": "hammer",
    "copy-from": "hammer",
    "type": "TOOL",
    "name": "hammer",
    "extend": { "flags": [ "STOWABLE" ] }
  }
]
