[
  {
    "id": "tb_tool_bundle",
    "type": "TOOL",
    "category": "other",
    "name": "工具包",
    "description": "一个用帆布制作的简易能收纳工具的小包,激活已使用.",
    "weight": 415,
    "volume": 2,
    "price": 0,
    "to_hit": -5,
    "rigid": false,
    "material": "cotton",
    "symbol": ")",
    "color": "brown",
    "use_action": {
      "type": "holster",
      "holster_prompt": "在包里放什么工具呢?",
      "holster_msg": "你把你的 %s 放进 %s",
      "draw_cost": 200,
      "min_volume": 0,
      "max_volume": 4000,
      "multi": 20,
      "flags": [ "STOWABLE" ]
    }
  }
]
