[
  {
    "id": "mon_doom_archvile_queen",
    "type": "MONSTER",
    "name": "魔祭司",
    "species": [ "ABERRATION" ],
    "default_faction": "upper_doom",
    "symbol": "A",
    "color": "dark_gray",
    "size": "MEDIUM",
    "harvest": "zombie",
    "material": [ "flesh" ],
    "diff": 30,
    "aggression": 5,
    "morale": 200,
    "speed": 110,
    "melee_skill": 10,
    "melee_dice": 9,
    "melee_dice_sides": 4,
    "melee_cut": 4,
    "dodge": 6,
    "armor_bash": 15,
    "armor_cut": 15,
    "armor_stab": 5,
    "vision_day": 55,
    "vision_night": 5,
    "hp": 240,
    "death_function": [ "NORMAL" ],
    "starting_ammo": { "bomblet_archvile": 100 },
    "special_attacks": [
      [ "RESURRECT", 0 ],
      [ "UPGRADE", 0 ],
      {
        "id": "hammer",
        "damage_max_instance": [
          { "damage_type": "cut", "amount": 6, "armor_multiplier": 0.8 },
          { "damage_type": "bash", "amount": 26, "armor_multiplier": 0.8 }
        ]
      },
      {
        "type": "gun",
        "cooldown": 30,
        "gun_type": "bomblet_launcher_rotary",
        "ammo_type": "bomblet_archvile",
        "max_ammo": 1000,
        "fake_str": 10,
        "fake_dex": 20,
        "fake_per": 7,
        "fake_skills": [ [ "gun", 9 ], [ "launcher", 9 ] ],
        "move_cost": 100,
        "targeting_cost": 100,
        "require_targeting_player": false,
        "require_targeting_npc": false,
        "require_targeting_monster": false,
        "ranges": [ [ 0, 20, "AUTO" ] ],
        "description": "你体内的温度突然升高。",
        "no_ammo_sound": "一声沮丧的呼喊！"
      }
    ],
    "description": "一个黄色人形生物，通过对火焰的控制，可以从内部就燃烧敌人的身体。",
    "flags": [ "SEES", "HEARS", "PATH_AVOID_DANGER_2", "PRIORITIZE_TARGETS", "WARM", "POISON", "NO_BREATHE", "QUEEN" ],
    "anger_triggers": [ "HURT", "PLAYER_CLOSE", "PLAYER_WEAK" ]
  },
  {
    "id": "mon_imp_revive",
    "type": "MONSTER",
    "name": "伤痕厄运小鬼",
    "species": [ "ABERRATION" ],
    "default_faction": "doom",
    "symbol": "i",
    "color": "brown",
    "size": "MEDIUM",
    "harvest": "zombie_leather",
    "material": [ "flesh" ],
    "diff": 12,
    "aggression": 30,
    "morale": 30,
    "speed": 110,
    "melee_skill": 5,
    "melee_dice": 3,
    "melee_dice_sides": 4,
    "melee_cut": 7,
    "dodge": 3,
    "armor_bash": 2,
    "armor_cut": 2,
    "armor_fire": 5,
    "armor_acid": 1,
    "vision_day": 40,
    "vision_night": 4,
    "hp": 85,
    "death_function": [ "NORMAL" ],
    "starting_ammo": { "flaming_skull": 66 },
    "special_attacks": [
      [ "LUNGE", 40 ],
      [ "wound_minor", 30 ],
      [ "hammer", 20 ],
      { "type": "leap", "cooldown": 25, "max_range": 4 },
      {
        "type": "bite",
        "cooldown": 40,
        "damage_max_instance": [ { "damage_type": "cut", "amount": 14, "armor_multiplier": 0.8 } ]
      },
      {
        "type": "gun",
        "cooldown": 5,
        "gun_type": "hell_ball",
        "ammo_type": "flaming_skull",
        "max_ammo": 1000,
        "fake_str": 10,
        "fake_dex": 13,
        "fake_per": 7,
        "fake_skills": [ [ "gun", 2 ], [ "pistol", 3 ] ],
        "move_cost": 150,
        "targeting_cost": 200,
        "ranges": [ [ 1, 10, "DEFAULT" ] ],
        "description": "小鬼释放了一个火球！",
        "targeting_sound": "RAAAAGHH!",
        "targeting_volume": 25,
        "no_ammo_sound": "RAAGH?"
      }
    ],
    "description": "这是恶魔部队的先锋，利用利爪与火焰进行攻击。外观就像一个烧焦了的人类。",
    "flags": [
      "SEES",
      "HEARS",
      "WARM",
      "BASHES",
      "POISON",
      "BLEED",
      "CLIMBS",
      "PUSH_MON",
      "GROUP_MORALE",
      "REVIVES",
      "REVIVES_HEALTHY"
    ]
  },
  {
    "id": "mon_pinky_revive",
    "type": "MONSTER",
    "name": "伤痕恶魔",
    "species": [ "ABERRATION" ],
    "default_faction": "doom",
    "symbol": "D",
    "color": "red",
    "size": "LARGE",
    "harvest": "exempt",
    "material": [ "flesh" ],
    "diff": 16,
    "aggression": 60,
    "morale": 80,
    "speed": 95,
    "melee_skill": 5,
    "melee_dice": 7,
    "melee_dice_sides": 4,
    "melee_cut": 4,
    "dodge": 7,
    "armor_bash": 8,
    "armor_cut": 4,
    "armor_stab": 10,
    "armor_fire": 8,
    "armor_acid": 1,
    "vision_day": 35,
    "vision_night": 9,
    "hp": 140,
    "death_function": "NORMAL",
    "special_attacks": [
      [ "hammer", 30 ],
      [ "wound_minor", 30 ],
      [ "GRAB_DRAG", 10 ],
      {
        "type": "bite",
        "cooldown": 5,
        "accuracy": 4,
        "damage_max_instance": [
          { "damage_type": "stab", "amount": 15, "armor_multiplier": 0.5 },
          { "damage_type": "bash", "amount": 24, "armor_multiplier": 0.5 }
        ]
      }
    ],
    "description": "恶魔将融入阴影中伏击受害者。全身皮肤呈现一种诡异的粉红色，拥有超乎寻常的下颚和长度惊人的獠牙。",
    "flags": [
      "SEES",
      "HEARS",
      "SMELLS",
      "WARM",
      "BASHES",
      "POISON",
      "BLEED",
      "PUSH_MON",
      "GROUP_BASH",
      "NIGHT_INVISIBILITY",
      "GROUP_MORALE",
      "REVIVES",
      "REVIVES_HEALTHY"
    ]
  },
  {
    "id": "mon_hell_knight_revive",
    "type": "MONSTER",
    "name": "受创的地狱骑士",
    "species": [ "ABERRATION" ],
    "default_faction": "upper_doom",
    "symbol": "K",
    "color": "red_yellow",
    "size": "LARGE",
    "harvest": "zombie_leather",
    "material": [ "flesh" ],
    "diff": 20,
    "aggression": 100,
    "morale": 100,
    "speed": 90,
    "melee_skill": 6,
    "melee_dice": 2,
    "melee_dice_sides": 16,
    "melee_cut": 6,
    "dodge": 3,
    "armor_bash": 6,
    "armor_cut": 10,
    "armor_acid": 3,
    "armor_fire": 10,
    "vision_day": 50,
    "vision_night": 4,
    "hp": 160,
    "death_function": [ "NORMAL" ],
    "starting_ammo": { "hell_plasma_k": 66 },
    "special_attacks": [
      [ "SMASH", 60 ],
      [ "GRAB", 40 ],
      {
        "id": "hammer",
        "cooldown": 30,
        "moves": 220,
        "damage_max_instance": [
          { "damage_type": "bash", "amount": 22, "armor_multiplier": 0.8 },
          { "damage_type": "cut", "amount": 8, "armor_multiplier": 0.8 }
        ]
      },
      {
        "type": "gun",
        "cooldown": 5,
        "gun_type": "hell_plasma",
        "ammo_type": "hell_plasma_k",
        "max_ammo": 1000,
        "fake_str": 17,
        "fake_dex": 9,
        "fake_per": 10,
        "fake_skills": [ [ "gun", 4 ], [ "rifle", 2 ] ],
        "move_cost": 150,
        "targeting_cost": 200,
        "ranges": [ [ 2, 9, "DEFAULT" ] ],
        "description": "地狱骑士拍了拍手掌。",
        "targeting_sound": "ROOAWNNT!!",
        "targeting_volume": 40,
        "no_ammo_sound": "Rooar?"
      }
    ],
    "description": "一只高大的怪物，长的就像罗马神话里的半人半兽森林之神。是恶魔军队的成员之一，跟随地狱男爵一起战斗。可以发射致命的等离子爆炸。",
    "flags": [
      "SEES",
      "HEARS",
      "SMELLS",
      "PATH_AVOID_DANGER_1",
      "WARM",
      "BASHES",
      "GROUP_BASH",
      "POISON",
      "PUSH_MON",
      "BLEED",
      "REVIVES",
      "REVIVES_HEALTHY"
    ]
  },
  {
    "id": "mon_cacodemon_revive",
    "type": "MONSTER",
    "name": "独眼恶魔（精英）",
    "species": [ "ABERRATION" ],
    "default_faction": "doom",
    "symbol": "C",
    "color": "i_red",
    "size": "MEDIUM",
    "harvest": "arachnid_tained",
    "material": [ "flesh" ],
    "diff": 20,
    "aggression": 70,
    "morale": 70,
    "speed": 80,
    "melee_skill": 6,
    "melee_dice": 15,
    "melee_dice_sides": 3,
    "melee_cut": 10,
    "dodge": 5,
    "armor_bash": 8,
    "armor_cut": 16,
    "armor_stab": 10,
    "armor_acid": 6,
    "armor_fire": 6,
    "vision_day": 40,
    "vision_night": 8,
    "hp": 140,
    "death_function": [ "NORMAL" ],
    "starting_ammo": { "hell_plasma_c": 122 },
    "special_attacks": [
      {
        "type": "bite",
        "cooldown": 20,
        "accuracy": 5,
        "no_infection_chance": 9,
        "damage_max_instance": [ { "damage_type": "stab", "amount": 38, "armor_multiplier": 0.5 } ]
      },
      {
        "type": "gun",
        "cooldown": 3,
        "gun_type": "hell_plasma",
        "ammo_type": "hell_plasma_c",
        "max_ammo": 1000,
        "fake_str": 16,
        "fake_dex": 5,
        "fake_per": 8,
        "fake_skills": [ [ "gun", 3 ], [ "rifle", 6 ] ],
        "move_cost": 95,
        "targeting_cost": 300,
        "ranges": [ [ 2, 21, "DEFAULT" ] ],
        "description": "独眼恶魔张开了嘴巴。一股等离子波动喷涌而出。",
        "targeting_sound": "SKIIIEEEE",
        "targeting_volume": 30,
        "no_ammo_sound": "HIiiiss?"
      }
    ],
    "description": "一个长满尖牙的深红色邪恶球体，从嘴巴里面喷出带满了等离子的血浆。",
    "flags": [ "SEES", "HEARS", "FLIES", "POISON", "ARTHROPOD_BLOOD", "BLEED", "BASHES", "PUSH_MON", "REVIVES", "REVIVES_HEALTHY" ]
  },
  {
    "id": "mon_doom_churl_revive",
    "type": "MONSTER",
    "name": "被奴役的农夫",
    "description": "一个被折磨的奴隶;一个活着的幸存者，挨打，挨饿，穿着破烂的衣服，挥舞着粗糙的武器。他们看起来饿得什么都能吃。",
    "species": [ "MAMMAL" ],
    "default_faction": "doom",
    "symbol": "@",
    "color": "red",
    "size": "MEDIUM",
    "harvest": "human",
    "material": [ "flesh" ],
    "diff": 10,
    "hp": 65,
    "aggression": 60,
    "morale": 40,
    "speed": 115,
    "melee_skill": 6,
    "melee_dice": 2,
    "melee_dice_sides": 10,
    "melee_cut": 6,
    "dodge": 5,
    "armor_bash": 5,
    "armor_cut": 5,
    "death_drops": { "subtype": "collection", "groups": [ [ "spearmelee_pk", 95 ] ] },
    "special_attacks": [
      [ "wound_minor", 30 ],
      {
        "id": "scratch",
        "damage_max_instance": [
          { "damage_type": "cut", "amount": 8, "armor_multiplier": 0.85 },
          { "damage_type": "bash", "amount": 14, "armor_multiplier": 0.85 }
        ]
      }
    ],
    "death_function": [ "NORMAL" ],
    "flags": [
      "SEES",
      "HEARS",
      "PATH_AVOID_DANGER_1",
      "WARM",
      "BASHES",
      "GROUP_BASH",
      "BLEED",
      "HUMAN",
      "POISON",
      "CLIMBS",
      "REVIVES",
      "REVIVES_HEALTHY"
    ],
    "anger_triggers": [ "PLAYER_WEAK", "HURT", "PLAYER_CLOSE" ],
    "placate_triggers": [ "FRIEND_DIED", "MEAT" ]
  }
]
