[
  {
    "id": "mon_mosquito_giant",
    "type": "MONSTER",
    "copy-from": "mon_mosquito_giant",
    "description": "一只巨大的蚊子，脸上长着一个又长又尖的细管，飞的飘忽不定。强壮的爪子可以抓住大型猎物。",
    "melee_skill": 4,
    "melee_dice": 1,
    "melee_dice_sides": 3,
    "melee_damage": [ { "damage_type": "stab", "amount": 5 } ],
    "attack_effs": [ { "id": "doom_unhealth", "duration": 2, "chance": 20 } ],
    "special_attacks": [ [ "numbing_poison", 20 ], [ "wound_minor", 30 ] ],
    "flags": [ "SEES", "SMELLS", "HEARS", "STUMBLES", "VENOM", "FLIES", "HIT_AND_RUN", "PARALYZEVENOM", "GRABS" ]
  },
  {
    "id": "mon_slug_giant",
    "type": "MONSTER",
    "copy-from": "mon_slug_giant",
    "name": "巨型蛞蝓",
    "emit_fields": [ "emit_acid_trail_slow" ],
    "flags": [ "SEES", "SMELLS", "BASHES", "ACIDPROOF", "FAT", "ARTHROPOD_BLOOD" ]
  },
  {
    "id": "mon_centipede_giant",
    "type": "MONSTER",
    "copy-from": "mon_centipede_giant",
    "description": "一条一米长的蜈蚣，有一对凶恶的钳子，几十条细长的腿，毒液非常毒。",
    "melee_dice": 2,
    "melee_dice_sides": 3,
    "melee_cut": 3,
    "melee_damage": [ { "damage_type": "stab", "amount": 3 } ],
    "special_attacks": [ [ "ACID_ACCURATE", 30 ], [ "numbing_poison", 20 ], [ "wound_minor", 15 ] ],
    "attack_effs": [ { "id": "poison", "duration": 400, "chance": 35 } ],
    "flags": [ "SEES", "SMELLS", "HEARS", "VENOM", "CLIMBS" ]
  },
  {
    "id": "mon_maggot",
    "type": "MONSTER",
    "name": "巨型蝇蛆",
    "description": "一种灰白色的巨型蝇蛆蛆，以腐烂的东西为食物。最终会变成一只苍蝇。",
    "default_faction": "small_animal",
    "categories": [ "WILDLIFE" ],
    "species": [ "INSECT" ],
    "diff": 2,
    "size": "TINY",
    "harvest": "meatslug",
    "hp": 10,
    "speed": 15,
    "material": [ "iflesh" ],
    "symbol": "a",
    "color": "white",
    "aggression": -20,
    "morale": 0,
    "melee_skill": 1,
    "melee_dice": 1,
    "melee_dice_sides": 2,
    "melee_cut": 1,
    "dodge": 1,
    "armor_bash": 0,
    "armor_cut": 1,
    "armor_acid": 1,
    "death_function": [ "NORMAL" ],
    "flags": [ "HEARS", "SMELLS", "CAN_DIG", "LARVA" ]
  },
  {
    "id": "mon_caterpillar",
    "type": "MONSTER",
    "name": "巨型毛毛虫",
    "description": "一个沙发垫子大小的多节毛毛虫。虽然它并不具有威胁性，但它的颜色也相当可怕。",
    "default_faction": "small_animal",
    "categories": [ "WILDLIFE" ],
    "species": [ "INSECT" ],
    "diff": 5,
    "size": "SMALL",
    "hp": 12,
    "speed": 15,
    "material": [ "iflesh" ],
    "harvest": "meatslug",
    "symbol": "w",
    "color": "ltgreen",
    "aggression": -30,
    "morale": 10,
    "melee_skill": 1,
    "melee_dice": 1,
    "melee_dice_sides": 2,
    "melee_cut": 2,
    "dodge": 1,
    "armor_bash": 2,
    "vision_day": 5,
    "vision_night": 2,
    "special_attacks": [ [ "SHRIEK", 30 ] ],
    "anger_triggers": [ "PLAYER_CLOSE" ],
    "placate_triggers": [ "HURT", "FRIEND_DIED" ],
    "death_function": [ "NORMAL" ],
    "flags": [ "SEES", "HEARS", "SMELLS", "LARVA", "NOHEAD", "CLIMBS", "WEBWALK" ]
  },
  {
    "id": "mon_pupae",
    "type": "MONSTER",
    "name": "蛹囊",
    "description": "某种昆虫被包裹在一种厚壳的蛹中，上面布满了脆弱的蜘蛛网。比看起来要坚固得多。",
    "default_faction": "small_animal",
    "categories": [ "WILDLIFE" ],
    "species": [ "INSECT" ],
    "diff": 4,
    "size": "SMALL",
    "hp": 15,
    "speed": 5,
    "material": [ "iflesh" ],
    "harvest": "meatslug",
    "symbol": "q",
    "color": "brown",
    "aggression": -50,
    "morale": 0,
    "melee_skill": 0,
    "melee_dice": 0,
    "melee_dice_sides": 0,
    "melee_cut": 0,
    "dodge": 0,
    "armor_bash": 10,
    "armor_cut": 14,
    "armor_acid": 6,
    "armor_fire": 7,
    "emit_fields": [ "emit_web" ],
    "special_when_hit": [ "ACIDSPLASH", 10 ],
    "death_function": [ "NORMAL" ],
    "flags": [ "NOHEAD", "WEBWALK", "STUMBLES", "IMMOBILE" ]
  },
  {
    "id": "mon_pupae_pk",
    "type": "MONSTER",
    "name": "蛹囊",
    "description": "某种昆虫被包裹在一种厚壳的蛹中，上面布满了脆弱的蜘蛛网。比看起来要坚固得多。",
    "default_faction": "roach",
    "categories": [ "WILDLIFE" ],
    "species": [ "INSECT" ],
    "diff": 4,
    "size": "SMALL",
    "hp": 15,
    "speed": 5,
    "material": [ "iflesh" ],
    "harvest": "meatslug",
    "symbol": "q",
    "color": "brown",
    "aggression": -50,
    "morale": 0,
    "melee_skill": 0,
    "melee_dice": 0,
    "melee_dice_sides": 0,
    "melee_cut": 0,
    "dodge": 0,
    "armor_bash": 10,
    "armor_cut": 14,
    "armor_acid": 6,
    "armor_fire": 7,
    "emit_fields": [ "emit_web" ],
    "special_when_hit": [ "ACIDSPLASH", 10 ],
    "death_function": [ "NORMAL" ],
    "flags": [ "NOHEAD", "WEBWALK", "STUMBLES", "IMMOBILE" ]
  },
  {
    "id": "mon_butterfly",
    "type": "MONSTER",
    "name": "巨型蝴蝶",
    "description": "这种蝴蝶长得很像帝王蝶，四肢纤细，触角卷曲。它的翼展足以把你吞没。",
    "default_faction": "roach",
    "categories": [ "WILDLIFE" ],
    "species": [ "INSECT" ],
    "diff": 12,
    "size": "MEDIUM",
    "hp": 30,
    "speed": 130,
    "material": [ "iflesh" ],
    "harvest": "meatslug",
    "symbol": "W",
    "color": "ltred",
    "aggression": -35,
    "morale": 20,
    "melee_skill": 3,
    "melee_dice": 1,
    "melee_dice_sides": 3,
    "melee_damage": [ { "damage_type": "stab", "amount": 3 }, { "damage_type": "acid", "amount": 1 } ],
    "melee_cut": 0,
    "dodge": 6,
    "vision_day": 15,
    "vision_night": 5,
    "emit_fields": [ "emit_fungacidal_small" ],
    "special_attacks": [ [ "ACID_ACCURATE", 45 ] ],
    "special_when_hit": [ "ACIDSPLASH", 30 ],
    "anger_triggers": [ "PLAYER_CLOSE", "STALK", "FRIEND_ATTACKED" ],
    "fear_triggers": [ "HURT", "PLAYER_CLOSE", "FRIEND_DIED", "FIRE" ],
    "death_function": [ "NORMAL" ],
    "flags": [
      "SEES",
      "HEARS",
      "SMELLS",
      "KEENNOSE",
      "STUMBLES",
      "FLIES",
      "ACIDPROOF",
      "HARDTOSHOOT",
      "GROUP_MORALE",
      "SWARMS",
      "NO_BREATHE"
    ]
  },
  {
    "id": "mon_moth",
    "type": "MONSTER",
    "name": "巨型飞蛾",
    "description": "一种巨大的半透明白蛾。它在光源的吸引下，不规则地四处飘动，并在尾迹处释放出一道微弱的抗真菌粉末。",
    "default_faction": "roach",
    "categories": [ "WILDLIFE" ],
    "species": [ "INSECT" ],
    "diff": 12,
    "size": "SMALL",
    "hp": 35,
    "speed": 155,
    "material": [ "iflesh" ],
    "harvest": "meatslug",
    "symbol": "W",
    "color": "white",
    "aggression": -35,
    "morale": 20,
    "melee_skill": 4,
    "melee_dice": 1,
    "melee_dice_sides": 3,
    "melee_damage": [ { "damage_type": "stab", "amount": 3 }, { "damage_type": "acid", "amount": 1 } ],
    "melee_cut": 0,
    "dodge": 5,
    "vision_day": 5,
    "vision_night": 15,
    "emit_fields": [ "emit_fungacidal_small" ],
    "special_attacks": [ [ "ACID_ACCURATE", 30 ] ],
    "special_when_hit": [ "ACIDSPLASH", 35 ],
    "anger_triggers": [ "PLAYER_CLOSE", "FIRE", "STALK", "FRIEND_ATTACKED" ],
    "fear_triggers": [ "HURT", "PLAYER_CLOSE", "FRIEND_DIED" ],
    "death_function": [ "NORMAL" ],
    "flags": [
      "SEES",
      "HEARS",
      "SMELLS",
      "KEENNOSE",
      "STUMBLES",
      "FLIES",
      "ACIDPROOF",
      "HARDTOSHOOT",
      "GROUP_MORALE",
      "SWARMS",
      "NO_BREATHE"
    ]
  },
  {
    "id": "mon_tardigrade",
    "type": "MONSTER",
    "name": "水熊虫",
    "description": "这是一种胖乎乎的，现在有麋鹿那么大的八足动物，世界上生命力最强的生物之一。八条腿现在可以很好的充当攻击武器进攻侵犯它的敌人。",
    "default_faction": "herbivore",
    "categories": [ "WILDLIFE" ],
    "species": [ "INSECT" ],
    "diff": 5,
    "size": "LARGE",
    "hp": 450,
    "speed": 15,
    "material": [ "flesh" ],
    "harvest": "arachnid",
    "symbol": "B",
    "color": "brown_white",
    "aggression": -5,
    "morale": 100,
    "melee_skill": 2,
    "melee_dice": 1,
    "melee_dice_sides": 24,
    "armor_bash": 30,
    "armor_cut": 35,
    "armor_acid": 6,
    "armor_fire": 9,
    "vision_day": 5,
    "vision_night": 3,
    "special_attacks": [ [ "wound_minor", 20 ], [ "GRAB", 30 ], [ "VINE", 15 ] ],
    "anger_triggers": [ "HURT", "STALK", "FRIEND_DIED" ],
    "placate_triggers": [ "PLAYER_WEAK" ],
    "death_function": [ "NORMAL" ],
    "flags": [
      "SEES",
      "SMELLS",
      "PATH_AVOID_DANGER_1",
      "STUMBLES",
      "BASHES",
      "ARTHROPOD_BLOOD",
      "NO_BREATHE",
      "SWIMS",
      "ANIMAL",
      "FAT",
      "CHITIN"
    ]
  },
  {
    "id": "mon_spider_cellar_giant",
    "type": "MONSTER",
    "copy-from": "mon_spider_cellar_giant",
    "hp": 45,
    "speed": 145,
    "melee_skill": 6,
    "melee_dice": 1,
    "melee_dice_sides": 3,
    "melee_cut": 4,
    "dodge": 7,
    "melee_damage": [ { "damage_type": "stab", "amount": 2 } ],
    "attack_effs": [ { "id": "badpoison", "duration": 800, "chance": 25 } ],
    "armor_bash": 2,
    "armor_cut": 4,
    "armor_acid": 4,
    "vision_day": 5,
    "vision_night": 9,
    "special_attacks": [ [ "wound_minor", 20 ] ]
  },
  {
    "id": "mon_spider_widow_giant",
    "type": "MONSTER",
    "copy-from": "mon_spider_widow_giant",
    "melee_skill": 6,
    "melee_dice": 1,
    "melee_dice_sides": 4,
    "melee_cut": 4,
    "dodge": 4,
    "attack_effs": [ { "id": "poison", "duration": 1200, "chance": 50 }, { "id": "badpoison", "duration": 1200, "chance": 50 } ],
    "emit_fields": [ "emit_web" ],
    "special_attacks": [ [ "wound_minor", 20 ] ],
    "flags": [ "SEES", "SMELLS", "HEARS", "WEBWALK", "CHITIN", "CLIMBS" ]
  },
  {
    "id": "mon_spider_trapdoor_giant",
    "type": "MONSTER",
    "copy-from": "mon_spider_trapdoor_giant",
    "description": "会掘土的神奇蜘蛛，会挖掘一个大坑，等待粗心大意的猎物掉入陷阱。",
    "diff": 15,
    "hp": 55,
    "speed": 115,
    "aggression": 60,
    "morale": 100,
    "melee_skill": 6,
    "melee_dice": 1,
    "melee_dice_sides": 4,
    "melee_cut": 6,
    "dodge": 2,
    "melee_damage": [ { "damage_type": "acid", "amount": 2 } ],
    "attack_effs": [ { "id": "poison", "duration": 400, "chance": 5 } ],
    "armor_bash": 4,
    "armor_cut": 8,
    "vision_day": 5,
    "vision_night": 7,
    "special_attacks": [ [ "wound_minor", 20 ] ],
    "death_function": [ "NORMAL" ],
    "upgrades": { "half_life": 19, "into_group": "TRAP_SPIDER_UPGRADE" },
    "flags": [ "SEES", "SMELLS", "HEARS", "CAN_DIG", "WEBWALK", "CHITIN", "FAT", "CLIMBS", "PUSH_MON" ]
  },
  {
    "id": "mon_spider_jumping_giant",
    "type": "MONSTER",
    "copy-from": "mon_spider_jumping_giant",
    "hp": 35,
    "melee_skill": 5,
    "melee_dice": 1,
    "melee_dice_sides": 3,
    "melee_cut": 4,
    "dodge": 6,
    "melee_damage": [ { "damage_type": "stab", "amount": 2 }, { "damage_type": "acid", "amount": 2 } ],
    "attack_effs": [ { "id": "poison", "duration": 400, "chance": 30 } ],
    "armor_bash": 2,
    "armor_cut": 5,
    "vision_day": 20,
    "vision_night": 7,
    "special_attacks": [ [ "wound_minor", 20 ] ],
    "fear_triggers": [ "HURT", "FIRE" ],
    "upgrades": { "half_life": 17, "into": "mon_spider_jumping_giant_acid" },
    "flags": [ "SEES", "SMELLS", "KEENNOSE", "HEARS", "CHITIN", "CLIMBS", "ACIDPROOF", "PUSH_MON" ],
    "anger_triggers": [ "PLAYER_CLOSE", "PLAYER_WEAK", "FRIEND_ATTACKED", "STALK" ]
  },
  {
    "id": "mon_spider_web_s",
    "type": "MONSTER",
    "copy-from": "mon_spider_web_s",
    "description": "一个未成熟的巨型网蛛，太年轻了以至于还没有毒，你可以走过去快速解决它。",
    "diff": 7,
    "hp": 20,
    "speed": 65,
    "aggression": 20,
    "morale": 100,
    "melee_skill": 2,
    "melee_dice": 1,
    "melee_dice_sides": 2,
    "melee_cut": 2,
    "dodge": 1,
    "melee_damage": [ { "damage_type": "stab", "amount": 2 } ],
    "attack_effs": [ { "id": "poison", "duration": 400, "chance": 40 } ],
    "armor_bash": 2,
    "armor_cut": 6,
    "vision_day": 15,
    "vision_night": 5,
    "special_attacks": [ [ "wound_minor", 30 ] ],
    "death_function": [ "NORMAL" ],
    "upgrades": { "half_life": 3, "into": "mon_spider_web" },
    "flags": [ "SEES", "SMELLS", "HEARS", "WEBWALK", "STUMBLES", "CHITIN", "CLIMBS", "PUSH_MON" ]
  },
  {
    "id": "mon_spider_web",
    "type": "MONSTER",
    "copy-from": "mon_spider_web",
    "description": "巨大的织网蜘蛛，在丛林树木间编织这死亡的蛛网，等待猎物的上门。",
    "diff": 14,
    "hp": 40,
    "speed": 110,
    "aggression": 20,
    "morale": 100,
    "melee_skill": 4,
    "melee_dice": 1,
    "melee_dice_sides": 6,
    "melee_cut": 4,
    "dodge": 2,
    "attack_effs": [ { "id": "poison", "duration": 650, "chance": 40 } ],
    "armor_bash": 2,
    "armor_cut": 6,
    "vision_day": 5,
    "vision_night": 5,
    "emit_fields": [ "emit_web_small" ],
    "death_function": [ "NORMAL" ],
    "upgrades": { "half_life": 19, "into_group": "WEB_SPIDER_UPGRADE" },
    "flags": [ "SEES", "SMELLS", "HEARS", "WEBWALK", "CHITIN", "CLIMBS", "PUSH_MON" ]
  },
  {
    "id": "mon_spider_wolf_giant",
    "type": "MONSTER",
    "copy-from": "mon_spider_wolf_giant",
    "diff": 20,
    "size": "MEDIUM",
    "hp": 40,
    "speed": 160,
    "aggression": 30,
    "morale": 100,
    "melee_skill": 5,
    "melee_dice": 2,
    "melee_dice_sides": 4,
    "melee_cut": 8,
    "dodge": 4,
    "attack_effs": [ { "id": "poison", "duration": 650, "chance": 15 } ],
    "armor_bash": 4,
    "armor_cut": 8,
    "armor_acid": 2,
    "vision_day": 7,
    "vision_night": 15,
    "special_attacks": [ [ "wound_minor", 20 ] ],
    "upgrades": { "half_life": 29, "into": "mon_spider_wolf_giant_pk" },
    "flags": [ "SEES", "SMELLS", "HEARS", "CHITIN", "FAT", "CLIMBS", "PATH_AVOID_DANGER_1" ],
    "anger_triggers": [ "STALK", "PLAYER_WEAK", "HURT", "PLAYER_CLOSE" ],
    "fear_triggers": [ "FRIEND_DIED" ]
  },
  {
    "id": "mon_spider_wolf_giant_pk",
    "type": "MONSTER",
    "name": "超巨型狼蛛",
    "description": "这只狼蛛长得非常巨大。与它的攻击相比，它的毒液相对较弱",
    "default_faction": "spider_wolf",
    "species": [ "SPIDER" ],
    "diff": 30,
    "size": "LARGE",
    "hp": 100,
    "speed": 145,
    "material": [ "iflesh" ],
    "harvest": "arachnid",
    "symbol": "S",
    "color": "brown",
    "aggression": 35,
    "morale": 100,
    "melee_skill": 6,
    "melee_dice": 2,
    "melee_dice_sides": 5,
    "melee_cut": 8,
    "dodge": 6,
    "attack_effs": [ { "id": "poison", "duration": 650, "chance": 15 } ],
    "armor_bash": 9,
    "armor_cut": 14,
    "armor_acid": 4,
    "vision_day": 9,
    "vision_night": 20,
    "special_attacks": [ [ "wound_minor", 20 ] ],
    "death_function": [ "NORMAL" ],
    "flags": [ "SEES", "SMELLS", "HEARS", "CHITIN", "FAT", "CLIMBS", "PATH_AVOID_DANGER_1" ],
    "anger_triggers": [ "STALK", "PLAYER_WEAK", "PLAYER_CLOSE" ],
    "fear_triggers": [ "HURT", "FRIEND_DIED" ]
  },
  {
    "id": "mon_spider_web_queen",
    "type": "MONSTER",
    "name": "大型蜘蛛卵袋",
    "description": "一个大的蜘蛛卵袋，里面容纳了更多的蜘蛛卵，似乎还有小蜘蛛在里面看守。",
    "default_faction": "spider_web",
    "species": [ "ABERRATION" ],
    "diff": 10,
    "size": "LARGE",
    "hp": 90,
    "speed": 100,
    "material": [ "iflesh" ],
    "harvest": "exempt",
    "symbol": "O",
    "color": "i_yellow",
    "aggression": 100,
    "morale": 200,
    "melee_skill": 0,
    "melee_dice": 0,
    "melee_dice_sides": 0,
    "dodge": 0,
    "armor_bash": 2,
    "armor_acid": 3,
    "vision_day": 20,
    "vision_night": 20,
    "starting_ammo": { "bot_spider_web_omega": 10, "bot_spider_web_s": 40 },
    "special_attacks": [ [ "GRENADIER_ELITE", 30 ], [ "GRENADIER", 20 ] ],
    "death_drops": { "subtype": "collection", "groups": [ [ "spider_eggs", 100 ] ] },
    "death_function": [ "DISINTEGRATE" ],
    "flags": [ "SEES", "NO_BREATHE", "IMMOBILE", "QUEEN" ]
  },
  {
    "id": "mon_trapdoor_egg",
    "type": "MONSTER",
    "name": "小型蜘蛛卵袋",
    "description": "蜘蛛卵会在达到周期后孵化出小蜘蛛。",
    "default_faction": "spider_trapdoor",
    "species": [ "ABERRATION" ],
    "diff": 10,
    "size": "MEDIUM",
    "hp": 40,
    "speed": 100,
    "material": [ "iflesh" ],
    "harvest": "exempt",
    "symbol": "O",
    "color": "light_gray",
    "aggression": 100,
    "morale": 200,
    "melee_skill": 0,
    "melee_dice": 0,
    "melee_dice_sides": 0,
    "dodge": 0,
    "armor_bash": 2,
    "armor_acid": 1,
    "vision_day": 20,
    "vision_night": 20,
    "starting_ammo": { "bot_spider_trapdoor_giant": 3, "bot_trapdoor_s": 17 },
    "special_attacks": [ [ "GRENADIER", 20 ] ],
    "death_drops": { "subtype": "collection", "groups": [ [ "spider_eggs", 100 ] ] },
    "death_function": [ "DISINTEGRATE" ],
    "flags": [ "SEES", "NO_BREATHE", "IMMOBILE" ]
  },
  {
    "id": "mon_trapdoor_queen",
    "type": "MONSTER",
    "name": "大型蜘蛛卵袋",
    "description": "一个大的蜘蛛卵袋，里面容纳了更多的蜘蛛卵，似乎还有小蜘蛛在里面看守。",
    "default_faction": "spider_trapdoor",
    "species": [ "ABERRATION" ],
    "diff": 10,
    "size": "LARGE",
    "hp": 90,
    "speed": 100,
    "material": [ "iflesh" ],
    "harvest": "arachnid",
    "symbol": "O",
    "color": "dark_gray",
    "aggression": 100,
    "morale": 200,
    "melee_skill": 0,
    "melee_dice": 0,
    "melee_dice_sides": 0,
    "dodge": 0,
    "armor_bash": 2,
    "armor_acid": 3,
    "vision_day": 20,
    "vision_night": 20,
    "starting_ammo": { "bot_spider_trapdoor_giant": 7, "bot_spider_trapdoor_giant_guardian": 3, "bot_trapdoor_s": 30 },
    "special_attacks": [ [ "GRENADIER_ELITE", 30 ], [ "GRENADIER", 20 ] ],
    "death_drops": { "subtype": "collection", "groups": [ [ "spider_eggs", 100 ] ] },
    "death_function": [ "DISINTEGRATE" ],
    "flags": [ "SEES", "NO_BREATHE", "IMMOBILE", "QUEEN" ]
  },
  {
    "id": "mon_spider_trapdoor_giant_s",
    "type": "MONSTER",
    "name": "巨型螲蟷蛛幼体",
    "description": "一只巨型螲蟷蛛幼体，小到无法单独捕猎。在成熟之前只能依附在其他变异蜘蛛之中。",
    "default_faction": "spider_trapdoor",
    "species": [ "SPIDER" ],
    "diff": 12,
    "size": "SMALL",
    "hp": 30,
    "speed": 70,
    "material": [ "iflesh" ],
    "harvest": "arachnid",
    "symbol": "s",
    "color": "ltblue",
    "aggression": 40,
    "morale": 100,
    "melee_skill": 4,
    "melee_dice": 1,
    "melee_dice_sides": 2,
    "melee_cut": 3,
    "dodge": 0,
    "attack_effs": [ { "id": "poison", "duration": 400, "chance": 5 } ],
    "armor_bash": 3,
    "armor_cut": 7,
    "vision_day": 5,
    "vision_night": 7,
    "special_attacks": [ [ "wound_minor", 30 ] ],
    "death_function": [ "NORMAL" ],
    "upgrades": { "half_life": 3, "into": "mon_spider_trapdoor_giant" },
    "flags": [ "SEES", "SMELLS", "STUMBLES", "HEARS", "GRABS", "CAN_DIG", "WEBWALK", "CHITIN", "FAT", "CLIMBS", "PUSH_MON" ]
  },
  {
    "id": "mon_spider_trapdoor_giant_guardian",
    "type": "MONSTER",
    "name": "巨型螲蟷蛛Alpha",
    "description": "一只巨型螲蟷蛛Alpha，拥有非常厚重的装甲。主要在大型蜘蛛聚集地活动。",
    "default_faction": "spider_trapdoor",
    "species": [ "SPIDER" ],
    "diff": 20,
    "size": "LARGE",
    "harvest": "arachnid",
    "hp": 150,
    "speed": 95,
    "material": [ "iflesh" ],
    "symbol": "s",
    "color": "i_blue",
    "aggression": 80,
    "morale": 100,
    "melee_skill": 6,
    "melee_dice": 1,
    "melee_dice_sides": 10,
    "melee_cut": 7,
    "dodge": 3,
    "melee_damage": [ { "damage_type": "acid", "amount": 6 }, { "damage_type": "stab", "amount": 4 } ],
    "attack_effs": [ { "id": "poison", "duration": 400, "chance": 4 } ],
    "armor_bash": 9,
    "armor_cut": 14,
    "vision_day": 10,
    "vision_night": 13,
    "special_attacks": [ [ "wound_minor", 20 ], [ "wasp_sting", 20 ] ],
    "death_function": [ "NORMAL" ],
    "flags": [ "SEES", "SMELLS", "HEARS", "CAN_DIG", "WEBWALK", "CHITIN", "FAT", "CLIMBS", "PUSH_MON", "PATH_AVOID_DANGER_1" ]
  },
  {
    "id": "mon_spider_trapdoor_giant_pk",
    "type": "MONSTER",
    "name": "黑色巨型螲蟷蛛",
    "description": "一种巨大的、敏捷的蜘蛛，有球状的胸腔。它挖掘了一个深埋地下的洞穴，用来伏击不小心的猎物。",
    "default_faction": "spider_trapdoor",
    "species": [ "SPIDER" ],
    "diff": 18,
    "size": "MEDIUM",
    "hp": 80,
    "speed": 110,
    "material": [ "iflesh" ],
    "harvest": "arachnid",
    "symbol": "s",
    "color": "blue",
    "aggression": 60,
    "morale": 100,
    "melee_skill": 6,
    "melee_dice": 2,
    "melee_dice_sides": 4,
    "melee_cut": 6,
    "dodge": 3,
    "melee_damage": [ { "damage_type": "acid", "amount": 3 } ],
    "attack_effs": [ { "id": "poison", "duration": 400, "chance": 5 } ],
    "armor_bash": 4,
    "armor_cut": 8,
    "vision_day": 5,
    "vision_night": 7,
    "special_attacks": [ [ "LUNGE", 30 ], [ "wound_minor", 20 ] ],
    "death_function": [ "NORMAL" ],
    "flags": [ "SEES", "SMELLS", "HEARS", "CAN_DIG", "WEBWALK", "CHITIN", "FAT", "CLIMBS", "PUSH_MON" ]
  },
  {
    "id": "mon_spider_web_alpha",
    "type": "MONSTER",
    "name": "巨型网蛛Alpha",
    "description": "一个更大，更凶猛的伏击捕食者，这只蜘蛛力量非常大，可以闹闹的抓住猎物。",
    "default_faction": "spider_web",
    "species": [ "SPIDER" ],
    "diff": 16,
    "size": "MEDIUM",
    "hp": 60,
    "speed": 105,
    "material": [ "iflesh" ],
    "harvest": "arachnid",
    "symbol": "s",
    "color": "yellow",
    "aggression": 60,
    "morale": 100,
    "melee_skill": 4,
    "melee_dice": 2,
    "melee_dice_sides": 4,
    "melee_cut": 4,
    "dodge": 3,
    "melee_damage": [ { "damage_type": "stab", "amount": 8 } ],
    "attack_effs": [
      { "id": "spider_web_slow", "duration": 600, "chance": 65 },
      { "id": "spider_web_alpha", "duration": 360, "chance": 65 },
      { "id": "poison", "duration": 400, "chance": 50 }
    ],
    "armor_bash": 4,
    "armor_cut": 10,
    "vision_day": 15,
    "vision_night": 10,
    "emit_fields": [ "emit_web_small" ],
    "death_function": [ "NORMAL" ],
    "flags": [ "SEES", "SMELLS", "HEARS", "WEBWALK", "CHITIN", "CLIMBS", "PUSH_MON" ]
  },
  {
    "id": "mon_spider_web_omega",
    "type": "MONSTER",
    "name": "巨型网蛛Omega",
    "description": "巨型网蛛Omega拥有非常强的毒性，这种毒性可以使敌人失去活动能力。",
    "default_faction": "spider_web",
    "species": [ "SPIDER" ],
    "diff": 16,
    "size": "MEDIUM",
    "hp": 50,
    "speed": 115,
    "material": [ "iflesh" ],
    "harvest": "arachnid",
    "symbol": "s",
    "color": "yellow",
    "aggression": 40,
    "morale": 100,
    "melee_skill": 5,
    "melee_dice": 2,
    "melee_dice_sides": 3,
    "melee_cut": 6,
    "dodge": 5,
    "melee_damage": [ { "damage_type": "stab", "amount": 6 } ],
    "attack_effs": [
      { "id": "spider_web_slow", "duration": 600, "chance": 65 },
      { "id": "spider_web_omega", "duration": 360, "chance": 65 },
      { "id": "poison", "duration": 400, "chance": 50 }
    ],
    "armor_bash": 3,
    "armor_cut": 8,
    "vision_day": 15,
    "vision_night": 10,
    "emit_fields": [ "emit_web_small" ],
    "death_function": [ "NORMAL" ],
    "flags": [ "SEES", "SMELLS", "HEARS", "WEBWALK", "CHITIN", "CLIMBS", "PUSH_MON", "PRIORITIZE_TARGETS" ]
  },
  {
    "id": "mon_spider_web_mu",
    "type": "MONSTER",
    "name": "巨型网蛛Mu",
    "description": "这种蜘蛛是被真菌感染的生物的天敌。可以很轻松的就消灭那些被真菌感染的生物。",
    "default_faction": "spider_web",
    "species": [ "SPIDER" ],
    "diff": 14,
    "size": "MEDIUM",
    "hp": 50,
    "speed": 130,
    "material": [ "iflesh" ],
    "harvest": "arachnid",
    "symbol": "s",
    "color": "yellow",
    "aggression": 40,
    "morale": 100,
    "melee_skill": 6,
    "melee_dice": 2,
    "melee_dice_sides": 2,
    "melee_cut": 2,
    "dodge": 4,
    "melee_damage": [ { "damage_type": "stab", "amount": 10 } ],
    "attack_effs": [
      { "id": "spider_web_slow", "duration": 600, "chance": 65 },
      { "id": "spider_web_mu", "duration": 360, "chance": 65 },
      { "id": "poison", "duration": 650, "chance": 50 }
    ],
    "armor_bash": 3,
    "armor_cut": 8,
    "vision_day": 20,
    "vision_night": 10,
    "emit_fields": [ "emit_web_small" ],
    "death_function": [ "NORMAL" ],
    "flags": [ "SEES", "SMELLS", "HEARS", "WEBWALK", "CHITIN", "CLIMBS", "PARALYZEVENOM", "HIT_AND_RUN", "PUSH_MON" ]
  },
  {
    "id": "mon_spider_jumping_giant_acid",
    "type": "MONSTER",
    "name": "巨型酸跳蛛",
    "description": "前腿细长，后腿粗壮的蜘蛛，体型类似普通小狗。它的四肢非常灵活，可以吐出带有腐蚀性的酸液。。",
    "default_faction": "spider_jumping",
    "species": [ "SPIDER" ],
    "diff": 12,
    "size": "SMALL",
    "hp": 45,
    "speed": 110,
    "material": [ "iflesh" ],
    "harvest": "arachnid",
    "symbol": "s",
    "color": "i_white",
    "aggression": -5,
    "morale": 80,
    "melee_skill": 6,
    "melee_dice": 1,
    "melee_dice_sides": 6,
    "melee_cut": 2,
    "dodge": 6,
    "melee_damage": [ { "damage_type": "stab", "amount": 6 }, { "damage_type": "acid", "amount": 3 } ],
    "attack_effs": [ { "id": "badpoison", "duration": 900, "chance": 50 } ],
    "armor_bash": 3,
    "armor_cut": 7,
    "vision_day": 20,
    "vision_night": 7,
    "special_attacks": [
      [ "wound_minor", 15 ],
      [ "ACID_ACCURATE", 25 ],
      [ "ACID_BARF", 25 ],
      { "type": "leap", "cooldown": 2, "max_range": 7 }
    ],
    "special_when_hit": [ "ACIDSPLASH", 10 ],
    "death_function": [ "NORMAL" ],
    "flags": [ "SEES", "SMELLS", "KEENNOSE", "HEARS", "CHITIN", "CLIMBS", "ACIDPROOF", "ACID_BLOOD", "PUSH_MON" ],
    "anger_triggers": [ "PLAYER_CLOSE", "PLAYER_WEAK", "FRIEND_ATTACKED", "STALK" ],
    "fear_triggers": [ "HURT", "FIRE" ]
  },
  {
    "id": "mon_bee",
    "type": "MONSTER",
    "copy-from": "mon_bee",
    "description": "这种蜜蜂有着厨刀一样的尾刺，身体尺寸和狗一般大小，身上黄色和黑色标记警告你远离它。",
    "hp": 35,
    "aggression": -10,
    "morale": 40,
    "melee_skill": 4,
    "melee_dice": 2,
    "melee_dice_sides": 5,
    "melee_damage": [ { "damage_type": "stab", "amount": 2 } ],
    "dodge": 4,
    "attack_effs": [ { "id": "poison", "duration": 50, "chance": 75 } ],
    "armor_bash": 4,
    "armor_cut": 6,
    "vision_day": 11,
    "vision_night": 5,
    "special_attacks": [
      [ "numbing_poison", 15 ],
      {
        "id": "wasp_sting",
        "cooldown": 15,
        "damage_max_instance": [
          { "damage_type": "bash", "amount": 6, "armor_multiplier": 0.85 },
          { "damage_type": "cut", "amount": 6, "armor_multiplier": 0.85 }
        ],
        "effects": [ { "id": "poison", "duration": 800 }, { "id": "infection_minor", "duration": 8400, "chance": 35 } ]
      }
    ],
    "special_when_hit": [ "ZAPBACK", 20 ],
    "death_drops": { "subtype": "collection", "groups": [ [ "bees", 35 ] ] },
    "flags": [ "SEES", "SMELLS", "KEENNOSE", "FLIES", "STUMBLES", "CHITIN", "SWARMS", "GROUP_MORALE", "ELECTRIC" ],
    "anger_triggers": [ "HURT", "FRIEND_ATTACKED" ]
  },
  {
    "id": "mon_bee_scout",
    "type": "MONSTER",
    "name": "巨型蜜蜂（侦查）",
    "description": "这种蜜蜂有着厨刀一样的尾刺，身体尺寸和狗一般大小，身上黄色和黑色标记警告你远离它。",
    "default_faction": "bee",
    "species": [ "INSECT" ],
    "diff": 16,
    "size": "SMALL",
    "hp": 28,
    "speed": 160,
    "material": [ "iflesh" ],
    "harvest": "arachnid_bee",
    "symbol": "a",
    "color": "yellow",
    "aggression": -10,
    "morale": 20,
    "melee_skill": 5,
    "melee_dice": 2,
    "melee_dice_sides": 3,
    "melee_damage": [ { "damage_type": "electric", "amount": 1 }, { "damage_type": "stab", "amount": 4 } ],
    "dodge": 5,
    "armor_bash": 4,
    "armor_cut": 6,
    "vision_day": 11,
    "vision_night": 5,
    "special_attacks": [
      [ "numbing_poison", 20 ],
      {
        "id": "wasp_sting",
        "cooldown": 20,
        "damage_max_instance": [
          { "damage_type": "bash", "amount": 5, "armor_multiplier": 0.85 },
          { "damage_type": "cut", "amount": 5, "armor_multiplier": 0.85 }
        ],
        "effects": [ { "id": "poison", "duration": 600 }, { "id": "infection_minor", "duration": 8400, "chance": 30 } ]
      }
    ],
    "special_when_hit": [ "ZAPBACK", 25 ],
    "death_drops": { "subtype": "collection", "groups": [ [ "bees", 35 ] ] },
    "attack_effs": [ { "id": "poison", "duration": 400, "chance": 75 } ],
    "death_function": [ "NORMAL" ],
    "flags": [ "SEES", "SMELLS", "KEENNOSE", "FLIES", "STUMBLES", "CHITIN", "SWARMS", "GROUP_MORALE", "ELECTRIC" ],
    "anger_triggers": [ "HURT", "FRIEND_DIED" ]
  },
  {
    "id": "mon_bee_soldier",
    "type": "MONSTER",
    "name": "巨型蜜蜂（战斗）",
    "description": "这种蜜蜂有着厨刀一样的尾刺，身体尺寸和狗一般大小，身上黄色和黑色标记警告你远离它。",
    "default_faction": "bee",
    "species": [ "INSECT" ],
    "diff": 18,
    "size": "SMALL",
    "hp": 49,
    "speed": 130,
    "material": [ "iflesh" ],
    "harvest": "arachnid_bee",
    "symbol": "a",
    "color": "yellow",
    "aggression": 0,
    "morale": 40,
    "melee_skill": 5,
    "melee_dice": 2,
    "melee_dice_sides": 5,
    "melee_damage": [ { "damage_type": "stab", "amount": 6 } ],
    "dodge": 3,
    "armor_bash": 5,
    "armor_cut": 7,
    "vision_day": 11,
    "vision_night": 5,
    "special_attacks": [
      [ "numbing_poison", 12 ],
      {
        "id": "wasp_sting",
        "cooldown": 12,
        "damage_max_instance": [
          { "damage_type": "bash", "amount": 7, "armor_multiplier": 0.85 },
          { "damage_type": "cut", "amount": 7, "armor_multiplier": 0.85 }
        ],
        "effects": [ { "id": "poison", "duration": 600 }, { "id": "infection_minor", "duration": 8400, "chance": 30 } ]
      }
    ],
    "special_when_hit": [ "ZAPBACK", 15 ],
    "death_drops": { "subtype": "collection", "groups": [ [ "bees", 35 ] ] },
    "death_function": [ "NORMAL" ],
    "attack_effs": [ { "id": "poison", "duration": 400, "chance": 75 } ],
    "flags": [ "SEES", "SMELLS", "KEENNOSE", "FLIES", "STUMBLES", "CHITIN", "SWARMS", "GROUP_MORALE", "ELECTRIC" ],
    "anger_triggers": [ "HURT", "FRIEND_ATTACKED", "PLAYER_CLOSE" ]
  },
  {
    "id": "mon_bee_queen",
    "type": "MONSTER",
    "name": "巨型蜂后",
    "description": "蜂后，蜜蜂社会中一个无可争议的统治人物。它腹部的鬃毛似乎可以传导电能。没有她，蜂巢将会融化，蜂群也将会离开去寻找新的主人或者死亡。",
    "default_faction": "bee",
    "species": [ "INSECT" ],
    "diff": 20,
    "size": "SMALL",
    "hp": 63,
    "speed": 140,
    "material": [ "iflesh" ],
    "harvest": "arachnid_bee",
    "symbol": "Q",
    "color": "yellow",
    "aggression": -5,
    "morale": 30,
    "melee_skill": 5,
    "melee_dice": 2,
    "melee_dice_sides": 4,
    "melee_damage": [ { "damage_type": "electric", "amount": 4 }, { "damage_type": "stab", "amount": 6 } ],
    "dodge": 3,
    "armor_bash": 4,
    "armor_cut": 6,
    "vision_day": 10,
    "vision_night": 5,
    "special_attacks": [
      [ "SHOCKSTORM", 40 ],
      [ "numbing_poison", 20 ],
      {
        "id": "wasp_sting",
        "cooldown": 15,
        "damage_max_instance": [
          { "damage_type": "bash", "amount": 6, "armor_multiplier": 0.85 },
          { "damage_type": "cut", "amount": 6, "armor_multiplier": 0.85 }
        ],
        "effects": [ { "id": "poison", "duration": 800 }, { "id": "infection_minor", "duration": 8400, "chance": 35 } ]
      }
    ],
    "special_when_hit": [ "ZAPBACK", 50 ],
    "anger_triggers": [ "HURT", "FRIEND_DIED", "PLAYER_CLOSE" ],
    "death_drops": { "subtype": "collection", "groups": [ [ "bees", 20 ] ] },
    "death_function": [ "NORMAL" ],
    "attack_effs": [ { "id": "poison", "duration": 400, "chance": 75 } ],
    "flags": [ "SEES", "SMELLS", "FLIES", "STUMBLES", "CHITIN", "SWARMS", "GROUP_MORALE", "ELECTRIC", "QUEEN" ]
  },
  {
    "id": "mon_bee_king",
    "type": "MONSTER",
    "name": "巨型贵族蜂",
    "description": "不知道性别的多产蜜蜂。尽管女王可以容忍其他的雌性蜜蜂存在，但是如果发生冲突，那么除了一只以外，其他的都会消失。",
    "default_faction": "bee",
    "species": [ "INSECT" ],
    "diff": 18,
    "size": "SMALL",
    "hp": 42,
    "speed": 140,
    "material": [ "iflesh" ],
    "harvest": "arachnid_bee",
    "symbol": "Q",
    "color": "yellow",
    "aggression": -5,
    "morale": 30,
    "melee_skill": 4,
    "melee_dice": 2,
    "melee_dice_sides": 4,
    "melee_damage": [ { "damage_type": "electric", "amount": 2 }, { "damage_type": "stab", "amount": 6 } ],
    "dodge": 4,
    "armor_bash": 4,
    "armor_cut": 6,
    "vision_day": 11,
    "vision_night": 5,
    "special_attacks": [
      [ "SHOCKSTORM", 60 ],
      [ "numbing_poison", 20 ],
      {
        "id": "wasp_sting",
        "cooldown": 15,
        "damage_max_instance": [
          { "damage_type": "bash", "amount": 6, "armor_multiplier": 0.85 },
          { "damage_type": "cut", "amount": 6, "armor_multiplier": 0.85 }
        ],
        "effects": [ { "id": "poison", "duration": 800 }, { "id": "infection_minor", "duration": 8400, "chance": 35 } ]
      }
    ],
    "special_when_hit": [ "ZAPBACK", 35 ],
    "anger_triggers": [ "HURT", "FRIEND_ATTACKED", "PLAYER_CLOSE" ],
    "death_drops": { "subtype": "collection", "groups": [ [ "bees", 20 ] ] },
    "death_function": [ "NORMAL" ],
    "attack_effs": [ { "id": "poison", "duration": 400, "chance": 50 } ],
    "flags": [ "SEES", "SMELLS", "KEENNOSE", "FLIES", "STUMBLES", "CHITIN", "SWARMS", "GROUP_MORALE", "ELECTRIC" ]
  },
  {
    "id": "mon_bee_larvae",
    "type": "MONSTER",
    "name": "蜜蜂幼虫",
    "description": "一团白色的肉在蠕动，这种幼虫状的怪物将会根据它的营养程度而成长;丰富的饮食会导致它孵化成一个更高贵的阶层。",
    "default_faction": "bee",
    "species": [ "INSECT" ],
    "diff": 5,
    "size": "SMALL",
    "hp": 15,
    "speed": 45,
    "material": [ "iflesh" ],
    "harvest": "meatslug",
    "symbol": "a",
    "color": "white",
    "aggression": 0,
    "morale": 20,
    "melee_skill": 2,
    "melee_dice": 1,
    "melee_dice_sides": 2,
    "melee_cut": 5,
    "armor_bash": 4,
    "armor_cut": 4,
    "armor_acid": 2,
    "anger_triggers": [ "HURT", "PLAYER_WEAK" ],
    "placate_triggers": [ "MEAT" ],
    "death_function": [ "NORMAL" ],
    "upgrades": { "half_life": 14, "into_group": "GROUP_BEE" },
    "flags": [ "HEARS", "SMELLS", "LARVA", "CHITIN", "IMMOBILE" ]
  },
  {
    "id": "mon_wasp",
    "type": "MONSTER",
    "copy-from": "mon_wasp",
    "vision_day": 12,
    "vision_night": 7,
    "special_attacks": [ [ "wasp_sting", 3 ], [ "ant_sinject", 3 ] ],
    "flags": [ "SEES", "SMELLS", "FLIES", "CHITIN", "SWARMS", "GROUP_MORALE" ]
  },
  {
    "id": "mon_wasp_queen",
    "type": "MONSTER",
    "copy-from": "mon_wasp",
    "name": "巨型黄蜂王",
    "description": "巨型蜂王，其他蜜蜂都会聚集在蜂王身边，杀死它可能会导致其他蜜蜂分散开。",
    "symbol": "a",
    "color": "light_gray",
    "aggression": 10,
    "morale": 40,
    "melee_skill": 7,
    "melee_dice": 2,
    "melee_dice_sides": 6,
    "melee_cut": 8,
    "dodge": 5,
    "armor_bash": 6,
    "armor_cut": 8,
    "vision_day": 12,
    "vision_night": 7,
    "special_attacks": [ [ "wasp_sting", 3 ], [ "ant_sinject", 3 ] ],
    "flags": [ "SEES", "SMELLS", "FLIES", "CHITIN", "SWARMS", "GROUP_MORALE", "QUEEN" ]
  },
  {
    "id": "mon_wasp_larvae",
    "type": "MONSTER",
    "copy-from": "mon_bee_larvae",
    "default_faction": "wasp",
    "name": "黄蜂幼虫",
    "description": "一种蠕动的幼虫，如果任其生长，它将长成一种巨大的黄蜂。"
  }
]
