[
  {
    "id": "mon_creeper_hub",
    "type": "MONSTER",
    "copy-from": "mon_creeper_hub",
    "name": "蔓藤树冠",
    "description": "一种粗壮的茎秆，底部有迅速发芽的卷须，顶端有深紫红色的瓶状花冠。从树冠的中央伸出一根巨大的，像苹果一样的触须，威胁地四处乱窜。",
    "size": "LARGE",
    "hp": 140,
    "color": "magenta_green",
    "melee_skill": 6,
    "melee_dice": 6,
    "melee_dice_sides": 3,
    "melee_cut": 5,
    "dodge": 0,
    "armor_bash": 8,
    "armor_cut": 4,
    "armor_acid": 4,
    "vision_day": 9,
    "vision_night": 4,
    "special_attacks": [ [ "GROW_VINE", 3 ], [ "SMASH", 40 ], [ "TENTACLE", 20 ], [ "ACID", 40 ] ],
    "special_when_hit": [ "ACIDSPLASH", 35 ],
    "death_drops": { "subtype": "collection", "groups": [ [ "biollante", 50 ] ] },
    "death_function": [ "VINE_CUT", "ACID" ],
    "flags": [ "NOHEAD", "IMMOBILE", "SEES" ],
    "//": "When making this guy I was really unsure if it was a good idea.  I love the idea of an acid spitting critter that grabs you with thousands of minions.  But it's the thousands of minions part that worries me.  Hopefully I fixed that by castrating the life-span of the minions."
  },
  {
    "id": "mon_creeper_vine",
    "type": "MONSTER",
    "copy-from": "mon_creeper_vine",
    "name": "匍匐藤秆",
    "description": "藤蔓状的卷须，扎根于地面。",
    "hp": 5,
    "attack_effs": [ { "id": "rad_tenths", "duration": 3 } ],
    "special_attacks": [ [ "wound_minor", 10 ], [ "VINE", 10 ], [ "DISAPPEAR", 240 ] ],
    "death_function": [ "VINE_CUT", "MELT" ],
    "upgrades": { "half_life": 1, "into_group": "GROUP_CREEPER_VINE" },
    "flags": [ "NOHEAD", "HARDTOSHOOT", "PLASTIC", "IMMOBILE", "GRABS", "NOGIB" ]
  },
  {
    "id": "mon_biollante",
    "type": "MONSTER",
    "copy-from": "mon_biollante",
    "armor_acid": 4,
    "emit_fields": [ "emit_gas_plume", "emit_radiation_plume" ],
    "death_drops": "mon_biollante_death_drops",
    "upgrades": { "half_life": 14, "into": "mon_biollante_pk" },
    "flags": [ "NOHEAD", "IMMOBILE", "NO_BREATHE" ]
  },
  {
    "id": "mon_triffid",
    "type": "MONSTER",
    "copy-from": "mon_triffid",
    "death_drops": "mon_triffid_death_drops",
    "upgrades": { "half_life": 6, "into_group": "GROUP_TRIFFID_PK" },
    "flags": [ "SEES", "SMELLS", "BASHES", "GROUP_BASH", "NOHEAD", "PARALYZEVENOM", "PUSH_MON" ]
  },
  {
    "id": "mon_fungal_fighter",
    "type": "MONSTER",
    "copy-from": "mon_fungal_fighter",
    "melee_skill": 8,
    "melee_dice": 1,
    "melee_dice_sides": 8,
    "melee_cut": 5,
    "dodge": 2,
    "attack_effs": [ { "id": "rad_tenths", "duration": 15 } ],
    "armor_bash": 4,
    "armor_cut": 6,
    "vision_day": 30,
    "vision_night": 30,
    "special_attacks": [ [ "PARA_STING", 10 ], [ "para_poison", 30 ] ],
    "death_drops": "mon_fungal_fighter_death_drops",
    "upgrades": { "half_life": 21, "into_group": "GROUP_HISSER" }
  },
  {
    "id": "mon_vinebeast",
    "type": "MONSTER",
    "copy-from": "mon_vinebeast",
    "speed": 90,
    "armor_bash": 18,
    "armor_cut": 2,
    "armor_stab": 12,
    "upgrades": { "half_life": 21, "into_group": "GROUP_TANGELA" }
  },
  {
    "id": "mon_biollante_pk",
    "type": "MONSTER",
    "name": "发光异形花",
    "copy-from": "mon_biollante",
    "description": "这种生物的粗茎顶部装饰着一朵紫色花。在它发光的花瓣下面，似乎有某种东西在缓慢移动，并且不断的有未知的气体散发出来。",
    "default_faction": "triffid",
    "species": [ "PLANT" ],
    "diff": 20,
    "size": "LARGE",
    "hp": 120,
    "speed": 100,
    "material": [ "veggy" ],
    "symbol": "F",
    "color": "green_magenta",
    "aggression": 100,
    "morale": 100,
    "melee_skill": 0,
    "melee_dice": 0,
    "melee_dice_sides": 0,
    "dodge": 0,
    "armor_bash": 2,
    "armor_cut": 2,
    "armor_acid": 4,
    "vision_day": 9,
    "vision_night": 3,
    "luminance": 11,
    "emit_fields": [ "emit_gas_plume", "emit_radiation_plume" ],
    "special_attacks": [ [ "SPIT_SAP", 10 ], [ "impale", 20 ], [ "GROW_VINE", 50 ] ],
    "death_drops": { "subtype": "collection", "groups": [ [ "biollante", 50 ], [ "biollante", 50 ], [ "biollante", 50 ] ] },
    "flags": [ "SEES", "NOHEAD", "IMMOBILE", "PARALYZEVENOM", "NO_BREATHE" ],
    "//": "This thing is pretty awesome.  One of my favorite creations from this faction.  The vine growth keeps it out of melee that much longer in the absence of a creeper hub, the sap is pretty deadly and accurate, and impale is surprise bleeding."
  },
  {
    "id": "mon_creeper_vine_terminal",
    "type": "MONSTER",
    "name": "匍匐藤秆（强大）",
    "description": "藤蔓状的卷须，扎根于地面。这是个奇怪的行为。",
    "copy-from": "mon_creeper_vine",
    "default_faction": "triffid",
    "species": [ "PLANT" ],
    "diff": 4,
    "size": "TINY",
    "hp": 5,
    "speed": 100,
    "material": [ "veggy" ],
    "symbol": "v",
    "color": "green",
    "aggression": 100,
    "morale": 100,
    "melee_skill": 0,
    "melee_dice": 0,
    "melee_dice_sides": 0,
    "dodge": 0,
    "armor_bash": 5,
    "special_attacks": [ [ "wound_minor", 10 ], [ "VINE", 3 ], [ "DISAPPEAR", 20 ] ],
    "death_function": [ "MELT" ],
    "flags": [ "NOHEAD", "HARDTOSHOOT", "PLASTIC", "IMMOBILE", "GRABS", "NOGIB" ]
  },
  {
    "id": "mon_creeper_vine_pk",
    "type": "MONSTER",
    "name": "匍匐藤茎",
    "description": "长长的匍匐藤茎在地面挖出很多浅浅的隧道。",
    "copy-from": "mon_creeper_vine",
    "default_faction": "triffid",
    "species": [ "PLANT" ],
    "diff": 5,
    "size": "SMALL",
    "hp": 20,
    "speed": 40,
    "material": [ "veggy" ],
    "symbol": "v",
    "color": "ltgreen",
    "aggression": 15,
    "morale": 100,
    "melee_skill": 5,
    "melee_dice": 1,
    "melee_dice_sides": 8,
    "melee_damage": [ { "damage_type": "acid", "amount": 2 } ],
    "melee_cut": 4,
    "dodge": 1,
    "attack_effs": [ { "id": "rad_tenths", "duration": 5 } ],
    "armor_bash": 8,
    "armor_stab": 8,
    "special_attacks": [ [ "VINE", 7 ], [ "wound_minor", 10 ] ],
    "anger_triggers": [ "SOUND", "PLAYER_WEAK", "FRIEND_ATTACKED" ],
    "death_function": [ "MELT" ],
    "upgrades": { "half_life": 14, "into_group": "GROUP_CREEPER_VINE_PK" },
    "flags": [ "SMELLS", "HEARS", "DIGS", "SWIMS", "NOHEAD", "HARDTOSHOOT", "PUSH_MON", "PLASTIC", "GRABS", "BASHES", "NOGIB" ]
  },
  {
    "id": "mon_creeper_vine_terminal_pk",
    "type": "MONSTER",
    "name": "匍匐藤茎（强大）",
    "copy-from": "mon_creeper_vine",
    "description": "长长的匍匐藤茎在地面挖出很多浅浅的隧道。",
    "default_faction": "triffid",
    "species": [ "PLANT" ],
    "diff": 5,
    "size": "SMALL",
    "hp": 25,
    "speed": 45,
    "material": [ "veggy" ],
    "symbol": "v",
    "color": "ltgreen",
    "aggression": 15,
    "morale": 100,
    "melee_skill": 5,
    "melee_dice": 1,
    "melee_dice_sides": 12,
    "melee_damage": [ { "damage_type": "acid", "amount": 2 } ],
    "melee_cut": 4,
    "dodge": 2,
    "attack_effs": [ { "id": "rad_tenths", "duration": 5 } ],
    "armor_bash": 10,
    "armor_cut": 4,
    "armor_stab": 10,
    "special_attacks": [ [ "wound_minor", 10 ], [ "VINE", 10 ], [ "GROW_VINE", 120 ] ],
    "anger_triggers": [ "SOUND", "PLAYER_WEAK", "FRIEND_ATTACKED" ],
    "flags": [ "SMELLS", "HEARS", "GOODHEARING", "DIGS", "NOHEAD", "HARDTOSHOOT", "PUSH_MON", "PLASTIC", "GRABS", "BASHES", "NOGIB" ]
  },
  {
    "id": "mon_creeper_root",
    "type": "MONSTER",
    "name": "匍匐藤根",
    "copy-from": "mon_creeper_vine",
    "description": "一簇扭曲的树根，三根藤蔓缠绕在一群小藤蔓上。当它被干扰时，它可以释放出一些藤蔓。",
    "default_faction": "triffid",
    "species": [ "PLANT" ],
    "diff": 16,
    "size": "LARGE",
    "hp": 70,
    "speed": 120,
    "material": [ "veggy" ],
    "symbol": "S",
    "color": "green",
    "aggression": 0,
    "morale": 80,
    "melee_skill": 5,
    "melee_dice": 3,
    "melee_dice_sides": 3,
    "melee_damage": [ { "damage_type": "acid", "amount": 8 } ],
    "melee_cut": 6,
    "dodge": 2,
    "attack_effs": [ { "id": "poison", "duration": 400 }, { "id": "rad_tenths", "duration": 10 } ],
    "armor_bash": 8,
    "armor_cut": 6,
    "armor_stab": 12,
    "armor_acid": 2,
    "special_attacks": [ [ "GROW_VINE", 30 ], [ "VINE", 5 ] ],
    "anger_triggers": [ "SOUND", "FIRE", "STALK", "HURT", "FRIEND_ATTACKED", "PLAYER_WEAK" ],
    "death_drops": { "subtype": "collection", "groups": [ [ "biollante", 75 ] ] },
    "death_function": [ "NORMAL" ],
    "flags": [
      "DIGS",
      "HEARS",
      "GOODHEARING",
      "SMELLS",
      "SWIMS",
      "PATH_AVOID_DANGER_1",
      "BASHES",
      "GROUP_BASH",
      "SWIMS",
      "NOHEAD",
      "PUSH_MON",
      "PLASTIC"
    ]
  },
  {
    "id": "mon_vinebeast_terminal",
    "type": "MONSTER",
    "name": "蔓藤兽（强大）",
    "copy-from": "mon_creeper_vine",
    "description": "一堆生机勃勃的树根和藤蔓，以惊人的速度在地上爬行。这缠结足够厚，让它们生长的中心隐藏起来。这个看起来很硬。",
    "default_faction": "triffid",
    "species": [ "PLANT" ],
    "diff": 18,
    "size": "LARGE",
    "hp": 150,
    "speed": 100,
    "material": [ "veggy" ],
    "symbol": "V",
    "color": "ltgreen",
    "aggression": 60,
    "morale": 60,
    "melee_skill": 8,
    "melee_dice": 6,
    "melee_dice_sides": 3,
    "melee_cut": 6,
    "dodge": 5,
    "armor_bash": 20,
    "armor_cut": 5,
    "armor_stab": 15,
    "armor_acid": 1,
    "armor_fire": 2,
    "special_attacks": [
      {
        "id": "scratch",
        "cooldown": 20,
        "moves": 100,
        "damage_max_instance": [
          { "damage_type": "bash", "amount": 14, "armor_multiplier": 0.85 },
          { "damage_type": "cut", "amount": 6, "armor_multiplier": 0.85 }
        ]
      }
    ],
    "death_function": [ "NORMAL" ],
    "flags": [ "SEES", "HEARS", "GOODHEARING", "PUSH_MON", "NOHEAD", "HARDTOSHOOT", "GRABS", "PLASTIC" ]
  },
  {
    "id": "mon_vinebeast_pk",
    "type": "MONSTER",
    "name": "小型蔓藤兽",
    "copy-from": "mon_creeper_vine",
    "description": "一大片蔓藤。它的身体隐藏在蠕动的藤蔓中，这种致命的怪物虽然大小只有一米左右，但它体内携带着几种致命的毒素。",
    "default_faction": "triffid",
    "species": [ "PLANT" ],
    "diff": 20,
    "size": "MEDIUM",
    "hp": 130,
    "speed": 105,
    "material": [ "veggy" ],
    "symbol": "V",
    "color": "i_green",
    "aggression": 5,
    "morale": 100,
    "melee_skill": 10,
    "melee_dice": 6,
    "melee_dice_sides": 3,
    "melee_damage": [ { "damage_type": "acid", "amount": 6 } ],
    "melee_cut": 6,
    "dodge": 4,
    "armor_bash": 16,
    "armor_cut": 8,
    "armor_stab": 12,
    "armor_acid": 4,
    "armor_fire": 2,
    "attack_effs": [ { "id": "spider_web_omega", "duration": 200 } ],
    "special_attacks": [ [ "para_poison", 10 ], [ "GROW_VINE", 20 ], [ "VINE", 5 ], [ "SPIT_SAP", 15 ] ],
    "anger_triggers": [ "FIRE", "HURT", "FRIEND_DIED", "PLAYER_CLOSE" ],
    "death_drops": {
      "subtype": "collection",
      "groups": [ [ "biollante", 35 ], [ "biollante", 35 ], [ "biollante", 35 ], [ "fungal_sting", 75 ] ],
      "//": "15% chance of an item from group biollante"
    },
    "death_function": [ "NORMAL" ],
    "flags": [
      "SEES",
      "HEARS",
      "PATH_AVOID_DANGER_1",
      "PRIORITIZE_TARGETS",
      "NOHEAD",
      "HARDTOSHOOT",
      "GRABS",
      "PUSH_MON",
      "PLASTIC",
      "PARALYZEVENOM"
    ],
    "//": "Tangela is pretty neat, but, by design, not exactly 'a thug', to borrow the term from the Dominions series of games.  It's not going to slug it out well with the big guys."
  },
  {
    "id": "mon_triffid_pk",
    "type": "MONSTER",
    "name": "三尖树植物（强大）",
    "copy-from": "mon_triffid",
    "description": "一种缓慢爬行的怪异植物，长得和一头驼鹿一般高。主体是一根被厚树皮覆盖着的茎部，上面支撑着内含麻痹毒刺的花冠状头部。",
    "default_faction": "triffid",
    "species": [ "PLANT" ],
    "diff": 20,
    "size": "MEDIUM",
    "hp": 170,
    "speed": 55,
    "material": [ "veggy" ],
    "symbol": "F",
    "color": "ltgreen",
    "aggression": 20,
    "morale": 100,
    "melee_skill": 7,
    "melee_dice": 8,
    "melee_dice_sides": 2,
    "melee_damage": [ { "damage_type": "biological", "amount": 2 } ],
    "melee_cut": 4,
    "dodge": 3,
    "armor_bash": 14,
    "armor_cut": 7,
    "armor_stab": 4,
    "armor_acid": 5,
    "armor_fire": 3,
    "special_attacks": [ [ "PARA_STING", 15 ], [ "para_poison", 60 ] ],
    "death_drops": { "subtype": "collection", "groups": [ [ "fungal_sting", 95 ], [ "fungal_fighter_sting", 75 ] ] },
    "death_function": [ "NORMAL" ],
    "flags": [ "SEES", "SMELLS", "BASHES", "GROUP_BASH", "PUSH_MON", "NOHEAD", "PARALYZEVENOM" ],
    "//": "I didn't really want to add bells and whistles to these guys, but I don't think I could not have.  parasting is a pretty weak attack that only functions on funguses or (N)PCs, afaik."
  },
  {
    "id": "mon_treent",
    "type": "MONSTER",
    "name": "蓝色巨树",
    "copy-from": "mon_triffid",
    "description": "一颗蓝色的巨大树木，树顶上并不是树叶，而是一个棕色的扁形圆球，内部不断的散发着蓝色的光芒。",
    "default_faction": "triffid",
    "species": [ "PLANT" ],
    "diff": 30,
    "size": "HUGE",
    "hp": 500,
    "speed": 40,
    "material": [ "veggy" ],
    "symbol": "7",
    "color": "brown_cyan",
    "aggression": 5,
    "morale": 200,
    "melee_skill": 4,
    "melee_dice": 6,
    "melee_dice_sides": 6,
    "melee_damage": [ { "damage_type": "acid", "amount": 2 } ],
    "melee_cut": 3,
    "dodge": 1,
    "armor_bash": 16,
    "armor_cut": 16,
    "armor_acid": 5,
    "armor_fire": 5,
    "vision_day": 30,
    "vision_night": 25,
    "path_settings": { "max_dist": 25 },
    "luminance": 1,
    "attack_effs": [
      { "id": "paralyzepoison", "duration": 200 },
      { "id": "paralyzepoison", "duration": 150 },
      { "id": "paralyzepoison", "duration": 100 },
      { "id": "poison", "duration": 100 },
      { "id": "rad_tenths", "duration": 20 },
      { "id": "rad_tenths", "duration": 20 }
    ],
    "special_attacks": [ [ "TRIFFID_HEARTBEAT", 50 ], [ "para_poison", 20 ], [ "PARA_STING", 10 ], [ "SMASH", 40 ], [ "RANGED_PULL", 15 ] ],
    "anger_triggers": [ "FIRE", "HURT", "PLAYER_CLOSE", "FRIEND_DIED" ],
    "death_drops": { "subtype": "collection", "groups": [ [ "fungal_sting", 100 ], [ "fungal_fighter_sting", 75 ], [ "biollante", 75 ] ] },
    "flags": [ "SEES", "SMELLS", "BASHES", "GROUP_BASH", "DESTROYS", "ATTACKMON", "PUSH_MON", "NOHEAD" ],
    "//": "Intentionall keep weaker than they could be.  Numbers, and perhaps an evo if its called for."
  },
  {
    "id": "mon_triffid_queen",
    "type": "MONSTER",
    "copy-from": "mon_triffid_queen",
    "name": "三尖树女王",
    "speed": 75,
    "aggression": 30,
    "morale": 80,
    "melee_skill": 7,
    "melee_dice": 2,
    "melee_dice_sides": 8,
    "melee_cut": 8,
    "dodge": 0,
    "armor_bash": 12,
    "armor_cut": 8,
    "vision_day": 11,
    "vision_night": 11,
    "attack_effs": [ { "id": "paralyzepoison", "duration": 100 }, { "id": "rad_tenths", "duration": 5 } ],
    "special_attacks": [ [ "GROWPLANTS", 3 ], [ "para_poison", 15 ], [ "PARA_STING", 15 ], [ "VINE", 15 ], [ "SPIT_SAP", 60 ] ],
    "flags": [ "SEES", "HEARS", "GOODHEARING", "SMELLS", "KEENNOSE", "BASHES", "NOHEAD", "PARALYZEVENOM" ],
    "anger_triggers": [ "PLAYER_CLOSE", "FRIEND_DIED" ],
    "fear_triggers": [ "FIRE", "HURT" ]
  },
  {
    "id": "mon_treent_green",
    "type": "MONSTER",
    "name": "三尖树干",
    "copy-from": "mon_triffid",
    "description": "一种类似幼树的怪物。三尖树似乎已经找到了一个混入森林的方法。仔细观察就能发现它有毒的倒钩，除此之外，它的伪装还不错。",
    "default_faction": "triffid",
    "species": [ "PLANT" ],
    "diff": 25,
    "size": "HUGE",
    "hp": 350,
    "speed": 45,
    "material": [ "veggy" ],
    "symbol": "7",
    "color": "ltgreen",
    "aggression": 0,
    "morale": 200,
    "melee_skill": 7,
    "melee_dice": 5,
    "melee_dice_sides": 5,
    "melee_cut": 5,
    "dodge": 2,
    "attack_effs": [
      { "id": "paralyzepoison", "duration": 150 },
      { "id": "paralyzepoison", "duration": 50 },
      { "id": "rad_tenths", "duration": 15 }
    ],
    "armor_bash": 12,
    "armor_cut": 14,
    "armor_stab": 18,
    "armor_acid": 3,
    "armor_fire": 4,
    "vision_day": 40,
    "vision_night": 30,
    "path_settings": { "max_dist": 30 },
    "special_attacks": [ [ "GROWPLANTS", 50 ], [ "SMASH", 30 ], [ "PARA_STING", 10 ], [ "para_poison", 15 ] ],
    "anger_triggers": [ "FIRE", "HURT", "FRIEND_DIED", "FRIEND_ATTACKED", "PLAYER_CLOSE" ],
    "death_drops": { "subtype": "collection", "groups": [ [ "fungal_sting", 100 ], [ "fungal_fighter_sting", 75 ] ] },
    "flags": [ "SEES", "SMELLS", "BASHES", "GROUP_BASH", "DESTROYS", "PUSH_MON", "NOHEAD" ],
    "//": "I like these guys, but feel they are outliers and out of place among the triffids.  Maybe add other 'alien' plants?  Sounds like a job for compiling my own code."
  },
  {
    "id": "mon_dionaea_sprout",
    "type": "MONSTER",
    "name": "捕绳草幼芽",
    "copy-from": "mon_triffid",
    "description": "这是一种不到2米长的食肉植物，这只幼芽的嘴巴还带着恶臭。",
    "default_faction": "triffid",
    "species": [ "PLANT" ],
    "diff": 10,
    "size": "MEDIUM",
    "hp": 80,
    "speed": 150,
    "material": [ "veggy" ],
    "symbol": "D",
    "color": "ltgreen",
    "aggression": 25,
    "morale": 100,
    "melee_skill": 4,
    "melee_dice": 3,
    "melee_dice_sides": 4,
    "melee_cut": 3,
    "dodge": 1,
    "armor_bash": 5,
    "armor_cut": 8,
    "armor_acid": 2,
    "armor_fire": 2,
    "vision_day": 30,
    "vision_night": 3,
    "path_settings": { "max_dist": 25 },
    "special_attacks": [
      [ "wound_minor", 20 ],
      [ "VINE", 15 ],
      { "type": "bite", "cooldown": 20, "min_mul": 0.5, "no_infection_chance": 15, "//": "baby dionaea bitch" }
    ],
    "anger_triggers": [ "HURT", "FRIEND_DIED", "PLAYER_WEAK", "PLAYER_CLOSE" ],
    "upgrades": { "half_life": 14, "into_group": "GROUP_DIONAEA" },
    "attack_effs": [ { "id": "poison", "duration": 400 }, { "id": "skunk_spray", "duration": 900 } ],
    "flags": [ "SEES", "HEARS", "SMELLS", "STUMBLES", "SWIMS", "BASHES", "PUSH_MON", "NOHEAD", "PATH_AVOID_DANGER_2" ]
  },
  {
    "id": "mon_dionaea",
    "type": "MONSTER",
    "name": "捕绳草",
    "copy-from": "mon_triffid",
    "description": "一种食肉植物，拥有一对非常巨大的嘴巴，并且散发出浓烈的恶臭味。",
    "default_faction": "triffid",
    "species": [ "PLANT" ],
    "diff": 25,
    "size": "LARGE",
    "hp": 200,
    "speed": 120,
    "material": [ "veggy" ],
    "symbol": "D",
    "color": "green",
    "aggression": 25,
    "morale": 120,
    "melee_skill": 7,
    "melee_dice": 4,
    "melee_dice_sides": 4,
    "melee_damage": [ { "damage_type": "bash", "amount": 6 } ],
    "melee_cut": 5,
    "dodge": 2,
    "armor_bash": 10,
    "armor_cut": 16,
    "armor_acid": 3,
    "armor_fire": 3,
    "vision_day": 35,
    "vision_night": 10,
    "path_settings": { "max_dist": 30 },
    "special_attacks": [
      { "type": "bite", "cooldown": 12, "min_mul": 0.5, "no_infection_chance": 15, "//": "dionaea bitch" },
      [ "VINE", 15 ],
      [ "RANGED_PULL", 3 ]
    ],
    "attack_effs": [ { "id": "poison", "duration": 400 }, { "id": "skunk_spray", "duration": 300 } ],
    "anger_triggers": [ "HURT", "FRIEND_DIED", "PLAYER_WEAK", "PLAYER_CLOSE" ],
    "flags": [ "SEES", "HEARS", "SMELLS", "STUMBLES", "SWIMS", "BASHES", "GROUP_BASH", "PUSH_MON", "NOHEAD", "PATH_AVOID_DANGER_2" ]
  },
  {
    "id": "mon_minecraft",
    "type": "MONSTER",
    "name": "枯死灌木怪",
    "copy-from": "mon_creeper_vine",
    "description": "一截枯死的灌木突然有了自己的意识，褐色树叶沙沙作响，善于伏击。",
    "default_faction": "triffid",
    "species": [ "PLANT" ],
    "diff": 15,
    "size": "MEDIUM",
    "hp": 40,
    "speed": 70,
    "material": [ "veggy" ],
    "symbol": "h",
    "color": "i_yellow",
    "aggression": 5,
    "morale": 100,
    "melee_skill": 4,
    "melee_dice": 1,
    "melee_dice_sides": 10,
    "melee_cut": 5,
    "dodge": 3,
    "attack_effs": [ { "id": "rad_tenths", "duration": 15 } ],
    "armor_bash": 8,
    "armor_cut": 4,
    "armor_fire": 4,
    "path_settings": { "max_dist": 15 },
    "starting_ammo": { "flashbang": 1, "grenade": 1 },
    "special_attacks": [ [ "VINE", 5 ], [ "KAMIKAZE", 0 ], [ "RATTLE", 3 ] ],
    "anger_triggers": [ "SOUND", "PLAYER_WEAK" ],
    "death_function": [ "EXPLODE", "ACID", "SMOKEBURST" ],
    "flags": [ "SEES", "HEARS", "GOODHEARING", "PATH_AVOID_DANGER_1", "PRIORITIZE_TARGETS", "CAN_DIG", "ANIMAL", "NOHEAD", "BASHES" ],
    "//": "I don't know if they fit in well, but they add a means for the triffids to troll."
  },
  {
    "id": "mon_minecraft_charged",
    "type": "MONSTER",
    "name": "带电灌木怪",
    "copy-from": "mon_creeper_vine",
    "description": "一截枯死的灌木突然有了自己的意识，再被闪电击中以后就携带了电能，可以用电攻击敌人。",
    "default_faction": "triffid",
    "species": [ "PLANT" ],
    "diff": 15,
    "size": "MEDIUM",
    "hp": 45,
    "speed": 70,
    "material": [ "veggy" ],
    "symbol": "h",
    "color": "yellow_cyan",
    "aggression": 5,
    "morale": 100,
    "melee_skill": 4,
    "melee_dice": 1,
    "melee_dice_sides": 10,
    "melee_cut": 5,
    "dodge": 3,
    "attack_effs": [ { "id": "rad_tenths", "duration": 30 } ],
    "armor_bash": 8,
    "armor_cut": 4,
    "armor_fire": 4,
    "path_settings": { "max_dist": 15 },
    "starting_ammo": { "c4": 1, "EMPbomb": 3 },
    "special_attacks": [ [ "VINE", 5 ], [ "KAMIKAZE", 0 ], [ "RATTLE", 3 ] ],
    "special_when_hit": [ "ZAPBACK", 40 ],
    "anger_triggers": [ "SOUND", "PLAYER_WEAK" ],
    "death_function": [ "EXPLODE", "ACID", "SMOKEBURST" ],
    "flags": [
      "SEES",
      "SMELLS",
      "KEENNOSE",
      "HEARS",
      "GOODHEARING",
      "PATH_AVOID_DANGER_1",
      "PRIORITIZE_TARGETS",
      "CAN_DIG",
      "ANIMAL",
      "NOHEAD",
      "BASHES"
    ],
    "//": "And these guys give them some means of taking down electronics."
  }
]
