[{
  "type": "effect_type",
  "copy-from": "poison",
  "id": "poison",
  "name": [
   "Poisoned"
  ],
  "desc": [
   "You have been poisoned!"
  ],
  "miss_messages": [
   [
    "You feel bad inside.",
    1
   ]
  ],
  "rating": "bad",
  "resist_traits": [
   "POISRESIST",
   "VAMP"
  ],
  "pain_sizing": true,
  "hurt_sizing": true,
  "main_parts_only": true,
  "base_mods": {
   "per_mod": [
    -2,
    -1
   ],
   "dex_mod": [
    -1,
    -1
   ],
   "str_mod": [
    -2,
    0
   ],
   "pain_min": [
    1
   ],
   "pain_chance": [
    150,
    900
   ],
   "hurt_min": [
    1
   ],
   "hurt_chance": [
    450,
    2700
   ]
  },
  "show_in_info": true
 }, {
  "type": "effect_type",
  "id": "badpoison",
  "copy-from": "badpoison",
  "name": [
   "Badly Poisoned"
  ],
  "desc": [
   "You have been badly poisoned!"
  ],
  "miss_messages": [
   [
    "You feel bad inside.",
    2
   ]
  ],
  "rating": "bad",
  "resist_traits": [
   "POISRESIST",
   "VAMP"
  ],
  "pain_sizing": true,
  "hurt_sizing": true,
  "main_parts_only": true,
  "base_mods": {
   "per_mod": [
    -2
   ],
   "dex_mod": [
    -2
   ],
   "str_mod": [
    -3,
    -1
   ],
   "speed_mod": [
    -10
   ],
   "pain_min": [
    2
   ],
   "pain_chance": [
    100,
    500
   ],
   "hurt_min": [
    1
   ],
   "hurt_max": [
    2
   ],
   "hurt_chance": [
    300,
    1800
   ]
  },
  "show_in_info": true
 }, {
  "type": "effect_type",
  "id": "paralyzepoison",
  "copy-from": "paralyzepoison",
  "name": [
   "Slowed",
   "Slowed",
   "Slowed",
   "Slowed",
   "Slowed",
   "Sluggish",
   "Sluggish",
   "Sluggish",
   "Sluggish",
   "Sluggish",
   "Partially Paralyzed",
   "Partially Paralyzed",
   "Partially Paralyzed",
   "Partially Paralyzed",
   "Partially Paralyzed",
   "Totally Paralyzed",
   "Totally Paralyzed",
   "Totally Paralyzed",
   "Totally Paralyzed",
   "Totally Paralyzed"
  ],
  "desc": [
   "You are being slowed by a paralyzing poison!"
  ],
  "miss_messages": [
   [
    "You feel stiff.",
    3
   ]
  ],
  "rating": "bad",
  "max_intensity": 20,
  "resist_traits": [
   "POISRESIST",
   "VAMP"
  ],
  "int_add_val": 1,
  "int_decay_tick": 100,
  "base_mods": {
   "dex_mod": [
    -0.34,
    -0.17
   ],
   "speed_mod": [
    -5,
    -3
   ]
  },
  "scaling_mods": {
   "dex_mod": [
    -0.34,
    -0.17
   ],
   "speed_mod": [
    -5,
    -3
   ]
  },
  "show_in_info": true
 }, {
  "type": "effect_type",
  "id": "smoke",
  "copy-from": "smoke",
  "name": [{
    "ctxt": "inhaled",
    "str": "Smoke"
   }
  ],
  "desc": [
   "You've inhaled a lungful of thick smoke."
  ],
  "apply_message": "You inhale a lungful of thick smoke.",
  "rating": "bad",
  "miss_messages": [
   [
    "Your lungs burn from the smoke.",
    1
   ]
  ],
  "resist_traits": [
   "VAMP"
  ],
  "harmful_cough": true,
  "max_duration": 600,
  "base_mods": {
   "str_mod": [
    -1
   ],
   "dex_mod": [
    -1
   ],
   "cough_chance": [
    10
   ]
  },
  "show_in_info": true
 }, {
  "type": "effect_type",
  "id": "teargas",
  "copy-from": "teargas",
  "name": [
   "Tear gas"
  ],
  "desc": [
   "You've been exposed to tear gas!"
  ],
  "apply_message": "You inhale a lungful of tear gas.",
  "rating": "bad",
  "miss_messages": [
   [
    "Your eyes burn from the tear gas.",
    2
   ]
  ],
  "resist_traits": [
   "VAMP"
  ],
  "harmful_cough": true,
  "max_duration": 1800,
  "base_mods": {
   "str_mod": [
    -2
   ],
   "dex_mod": [
    -2
   ],
   "per_mod": [
    -5
   ],
   "speed_mod": [
    -10
   ],
   "cough_chance": [
    5
   ]
  },
  "show_in_info": true
 }, {
  "type": "effect_type",
  "id": "relax_gas",
  "copy-from": "relax_gas",
  "name": [
   "Relaxation gas"
  ],
  "desc": [
   "You are thoroughly relaxed and don't feel like moving.  Fighting?  Too much effort."
  ],
  "apply_message": "You inhale sweetish gas.",
  "remove_message": "The slackness leaves your muscles.",
  "resist_traits": [
   "VAMP"
  ],
  "rating": "bad",
  "base_mods": {
   "str_mod": [
    -3
   ],
   "dex_mod": [
    -3
   ],
   "int_mod": [
    -2
   ],
   "per_mod": [
    -4
   ]
  }
 }, {
  "type": "effect_type",
  "id": "fearparalyze",
  "copy-from": "fearparalyze",
  "name": [
   "Feared"
  ],
  "desc": [
   "You have been paralyzed by the fear."
  ],
  "rating": "bad",
  "resist_traits": [
   "VAMP"
  ],
  "show_in_info": true
 }
]
