[{
  "type": "profession",
  "ident": "vampfreak",
  "name": "Vampire Freak",
  "description": "You knew vampires do exist, and you have papers to prove it, but was burnt down by a religious group of people who strictly disagrees with your dangerous beliefs. And now everyone has died out, you're free to do things you've been waiting to expose into the (dead) world!...",
  "points": 1,
  "skills": [{
    "level": 3,
    "name": "speech"
   }
  ],
  "items": {
   "both": [
    "jeans",
    "longshirt",
    "socks",
    "coat_winter",
    "boots_winter",
    "knit_scarf",
    "pockknife",
    "water_clean",
    "vampcave_map"
   ],
   "male": [
    "boxer_shorts"
   ],
   "female": [
    "bra",
    "panties"
   ]
  }
 }, {
  "type": "profession",
  "ident": "sovamp",
  "name": "So-called Vampire",
  "description": "You clearly call yourself a vampire, and you're too proud just to think about you really are one. But aside boosting your productivity, living alone with mysterious close combat trainings and a bunch of survivalist's essentials under your shelter has proven a wonderful reason to go outside now...",
  "points": 8,
  "skills": [{
    "level": 6,
    "name": "melee"
   }, {
    "level": 5,
    "name": "cutting"
   }, {
    "level": 5,
    "name": "stabbing"
   }, {
    "level": 4,
    "name": "bashing"
   }, {
    "level": 5,
    "name": "dodge"
   }, {
    "level": 6,
    "name": "survival"
   }, {
    "level": 3,
    "name": "firstaid"
   }, {
    "level": 5,
    "name": "fabrication"
   }
  ],
  "items": {
   "both": [
    "backpack_leather",
    "armor_nomad",
    "helmet_nomad",
    "socks",
    "mask_lsurvivor",
    "lsurvivor_pants",
    "lsurvivor_armor",
    "hood_lsurvivor",
    "gloves_lsurvivor",
    "boots_lsurvivor",
    "knife_combat",
    "sheath"
   ],
   "male": [
    "boxer_shorts"
   ],
   "female": [
    "bra",
    "panties"
   ]
  }
 }
]
