[
	{
		"id": "MISSION_ANTHRO_CANINE_1",
		"type": "mission_definition",
		"name": "寻找食物",
		"goal": "MGOAL_FIND_ITEM",
		"difficulty": 1,
		"value": 10000,
		"item": "dogfood",
		"origins": [ "ORIGIN_OPENER_NPC" ],
		"followup": "MISSION_ANTHRO_SHELTER",
		"dialogue": {
			"describe": "我有一件事想拜托主人。主人能听我说吗？",
			"offer": "主人没带狗粮吗？虽然变成了这个样子之后就可以吃到人的食物了，但是我很怀念那个味道。",
			"accepted": "谢谢你，主人！",
			"rejected": "还不行呀？这样...",
			"advice": "亲手做不是最快的吗?这次材料可以是任何东西哦。",
			"inquire": "发现狗粮了吗？嗯，什么时候都可以哦。",
			"success": "太棒了!对了，这个味道，这个香气……骗人!……这可不是这个姿态吃的东西啊……姑且不谈这个问题，谢谢，主人！",
			"success_lie": "...主人，这个谎话恐怕有些牵强吧...",
			"failure": "不行吗?这样..."
		}
	},
	{
		"id": "MISSION_ANTHRO_FELINE_1",
		"type": "mission_definition",
		"name": "寻找食物",
		"goal": "MGOAL_FIND_ITEM",
		"difficulty": 1,
		"value": 10000,
		"item": "catfood",
		"origins": [ "ORIGIN_OPENER_NPC" ],
		"followup": "MISSION_ANTHRO_SHELTER",
		"dialogue": {
			"describe": "我有一件事想拜托主人。主人能听我说吗？",
			"offer": "主人没带猫粮吗？虽然变成了这个样子之后就可以吃到人的食物了，但是我很怀念那个味道。",
			"accepted": "谢谢你，主人！",
			"rejected": "还不行呀？这样...",
			"advice": "亲手做不是最快的吗?这次材料可以是任何东西哦。",
			"inquire": "发现猫粮了吗？嗯，什么时候都可以哦。",
			"success": "太棒了!对了，这个味道，这个香气……骗人!……这可不是这个姿态吃的东西啊……姑且不谈这个问题，谢谢，主人！",
			"success_lie": "...主人，这个谎话恐怕有些牵强吧...",
			"failure": "不行吗?这样..."
		}
	},
	{
		"id": "MISSION_ANTHRO_SHELTER",
		"type": "mission_definition",
		"name": "去动物保护设施",
		"goal": "MGOAL_GO_TO_TYPE",
		"difficulty": 2,
		"value": 150000,
		"origins": [ "ORIGIN_SECONDARY" ],
		"destination": "animalshelter",
		"dialogue": {
			"describe": "我有一件事想拜托主人。主人能听我说吗？",
			"offer": "嗯，我可以去动物保护设施吗?很久以前……我想我的朋友会不会变成这个样子",
			"accepted": "谢谢，主人!",
			"rejected": "还不行呀？这样...",
			"advice": "建筑就在城镇里、我们最好做好准备。",
			"inquire": "还没到吗？",
			"success": "谢谢主人带我来。虽然没有和预期一样，但我还是很高兴。",
			"success_lie": "...嗯，主人也努力了？吧？",
			"failure": "不行吗?这样..."
		}
	},
	{
		"id": "MISSION_ANTHRO_URSINE_1",
		"type": "mission_definition",
		"name": "前往蜜蜂的巢穴",
		"goal": "MGOAL_GO_TO_TYPE",
		"difficulty": 2,
		"value": 80000,
		"origins": [ "ORIGIN_OPENER_NPC" ],
		"followup": "MISSION_ANTHRO_URSINE_2",
		"destination": "hive",
		"dialogue": {
			"describe": "我有一件事想拜托主人。主人能听我说吗？",
			"offer": "各种各样的昆虫都变得巨大了，也就是说它们的巢也变得巨大了。好吧，主人，我们去蜂巢吧！",
			"accepted": "谢谢，主人！",
			"rejected": "还不行呀？这样...",
			"advice": "我们会被巨大的蜂群袭击,所以还是要做好准备。",
			"inquire": "还没到吗？",
			"success": "谢谢你带我来，主人!如果有这么多蜂蜜的话，能吃什么呢……嘿嘿。",
			"success_lie": "...嗯，主人也努力了？吧？",
			"failure": "不行吗?这样..."
		}
	},
	{
		"id": "MISSION_ANTHRO_URSINE_2",
		"type": "mission_definition",
		"name": "获得蜂王肉排",
		"goal": "MGOAL_FIND_ITEM",
		"difficulty": 3,
		"value": 80000,
		"item": "royal_beef",
		"origins": [ "ORIGIN_SECONDARY" ],
		"dialogue": {
			"describe": "我有一件事想拜托主人。主人能听我说吗？",
			"offer": "主人知道蜂王肉排吗？在肉上浇上蜂王浆的料理。虽然知道这是很宝贵的东西，但是只要一次就好，无论如何也要尝一尝。",
			"accepted": "谢谢你，主人！",
			"rejected": "不行？嗯…毕竟是很贵重的东西啊…",
			"advice": "如果找蜂王浆的话，当然是去蜜蜂的巢吧。",
			"inquire": "蜂王肉排...",
			"success": "哦，这是蜂王肉排！嗯，虽然真的很好吃…但是只吃蜂王浆也没什么不同…不过，谢谢你主人！",
			"success_lie": "...主人，这个谎话恐怕有些牵强吧...",
			"failure": "不行吗?这样..."
		}
	}
]
