[
	{
		"type" : "npc",
		"id" : "darkdays_children",
		"name_unique" : "黑暗时代的孩子",
		"class" : "NC_DD_CHILDREN",
		"attitude" : 0,
		"mission" : 7,
		"chat" : "TALK_DD_CHILDREN",
		"faction" : "your_followers"
	},

	{
		"type" : "npc",
		"//" : "宠物(魅魔)。倾向人类。",
		"id" : "anthro_succubi_morehuman",
		"name_unique" : "宠物(魅魔)",
		"class" : "NC_ANTHRO_SUCCUBI_MOREHUMAN",
		"gender" : "female",
		"attitude" : 0,
		"mission" : 7,
		"chat" : "TALK_ANTHRO_CUBI",
		"faction" : "your_followers"
	},
	{
		"type" : "npc",
		"//" : "宠物(魅魔)。倾向恶魔。",
		"id" : "anthro_succubi_lesshuman",
		"name_unique" : "宠物(魅魔)",
		"class" : "NC_ANTHRO_SUCCUBI_LESSHUMAN",
		"gender" : "female",
		"attitude" : 0,
		"mission" : 7,
		"chat" : "TALK_ANTHRO_CUBI",
		"faction" : "your_followers"
	},
	{
		"type" : "npc",
		"//" : "宠物(梦魇)。倾向人类。",
		"id" : "anthro_incubi_morehuman",
		"name_unique" : "宠物(梦魇)",
		"class" : "NC_ANTHRO_INCUBI_MOREHUMAN",
		"gender" : "male",
		"attitude" : 0,
		"mission" : 7,
		"chat" : "TALK_ANTHRO_CUBI",
		"faction" : "your_followers"
	},
	{
		"type" : "npc",
		"//" : "宠物(梦魇)。倾向恶魔。",
		"id" : "anthro_incubi_lesshuman",
		"name_unique" : "宠物(梦魇)",
		"class" : "NC_ANTHRO_INCUBI_LESSHUMAN",
		"gender" : "male",
		"attitude" : 0,
		"mission" : 7,
		"chat" : "TALK_ANTHRO_CUBI",
		"faction" : "your_followers"
	},

	{
		"//" : "↓从这里定义男性宠物。 我很困扰，因为这个定义太麻烦了↓",
		"type" : "npc",
		"//" : "宠物(狗)。倾向人类。",
		"id" : "anthro_canine_morehuman_male",
		"name_unique" : "宠物(狗)",
		"class" : "NC_ANTHRO_CANINE_MOREHUMAN_MALE",
		"gender" : "male",
		"attitude" : 0,
		"mission" : 7,
		"chat" : "TALK_ANTHRO_PET",
		"faction" : "your_followers",
		"mission_offered" : "MISSION_ANTHRO_CANINE_1"
	},
	{
		"type" : "npc",
		"//" : "宠物(狗)。一半一半。",
		"id" : "anthro_canine_half_male",
		"name_unique" : "宠物(狗)",
		"class" : "NC_ANTHRO_CANINE_HALF_MALE",
		"gender" : "male",
		"attitude" : 0,
		"mission" : 7,
		"chat" : "TALK_ANTHRO_PET",
		"faction" : "your_followers",
		"mission_offered" : "MISSION_ANTHRO_CANINE_1"
	},
	{
		"type" : "npc",
		"//" : "宠物(狗)。倾向动物。",
		"id" : "anthro_canine_lesshuman_male",
		"name_unique" : "宠物(狗)",
		"class" : "NC_ANTHRO_CANINE_LESSHUMAN_MALE",
		"gender" : "male",
		"attitude" : 0,
		"mission" : 7,
		"chat" : "TALK_ANTHRO_PET",
		"faction" : "your_followers",
		"mission_offered" : "MISSION_ANTHRO_CANINE_1"
	},

	{
		"type" : "npc",
		"//" : "宠物(猫)。倾向人类。",
		"id" : "anthro_feline_morehuman_male",
		"name_unique" : "宠物(猫)",
		"class" : "NC_ANTHRO_FELINE_MOREHUMAN_MALE",
		"gender" : "male",
		"attitude" : 0,
		"mission" : 7,
		"chat" : "TALK_ANTHRO_PET",
		"faction" : "your_followers",
		"mission_offered" : "MISSION_ANTHRO_FELINE_1"
	},
	{
		"type" : "npc",
		"//" : "宠物(猫)。一半一半。",
		"id" : "anthro_feline_half_male",
		"name_unique" : "宠物(猫)",
		"class" : "NC_ANTHRO_FELINE_HALF_MALE",
		"gender" : "male",
		"attitude" : 0,
		"mission" : 7,
		"chat" : "TALK_ANTHRO_PET",
		"faction" : "your_followers",
		"mission_offered" : "MISSION_ANTHRO_FELINE_1"
	},
	{
		"type" : "npc",
		"//" : "宠物(猫)。倾向动物。",
		"id" : "anthro_feline_lesshuman_male",
		"name_unique" : "宠物(猫)",
		"class" : "NC_ANTHRO_FELINE_LESSHUMAN_MALE",
		"gender" : "male",
		"attitude" : 0,
		"mission" : 7,
		"chat" : "TALK_ANTHRO_PET",
		"faction" : "your_followers",
		"mission_offered" : "MISSION_ANTHRO_FELINE_1"
	},

	{
		"type" : "npc",
		"//" : "宠物(熊)。倾向人类。",
		"id" : "anthro_ursine_morehuman_male",
		"name_unique" : "宠物(熊)",
		"class" : "NC_ANTHRO_URSINE_MOREHUMAN_MALE",
		"gender" : "male",
		"attitude" : 0,
		"mission" : 7,
		"chat" : "TALK_ANTHRO_PET",
		"faction" : "your_followers",
		"mission_offered" : "MISSION_ANTHRO_URSINE_1"
	},
	{
		"type" : "npc",
		"//" : "宠物(熊)。一半一半。",
		"id" : "anthro_ursine_half_male",
		"name_unique" : "宠物(熊)",
		"class" : "NC_ANTHRO_URSINE_HALF_MALE",
		"gender" : "male",
		"attitude" : 0,
		"mission" : 7,
		"chat" : "TALK_ANTHRO_PET",
		"faction" : "your_followers",
		"mission_offered" : "MISSION_ANTHRO_URSINE_1"
	},
	{
		"type" : "npc",
		"//" : "宠物(熊)。倾向动物。",
		"id" : "anthro_ursine_lesshuman_male",
		"name_unique" : "宠物(熊)",
		"class" : "NC_ANTHRO_URSINE_LESSHUMAN_MALE",
		"gender" : "male",
		"attitude" : 0,
		"mission" : 7,
		"chat" : "TALK_ANTHRO_PET",
		"faction" : "your_followers",
		"mission_offered" : "MISSION_ANTHRO_URSINE_1"
	},

	{
		"//" : "↓从这里开始定义女性宠物。女性宠物的声音，那个…有点很变态。↓",
		"type" : "npc",
		"//" : "宠物(狗)。倾向人类。",
		"id" : "anthro_canine_morehuman_female",
		"name_unique" : "宠物(狗)",
		"class" : "NC_ANTHRO_CANINE_MOREHUMAN_FEMALE",
		"gender" : "female",
		"attitude" : 0,
		"mission" : 7,
		"chat" : "TALK_ANTHRO_PET",
		"faction" : "your_followers",
		"mission_offered" : "MISSION_ANTHRO_CANINE_1"
	},
	{
		"type" : "npc",
		"//" : "宠物(狗)。一半一半。",
		"id" : "anthro_canine_half_female",
		"name_unique" : "宠物(狗)",
		"class" : "NC_ANTHRO_CANINE_HALF_FEMALE",
		"gender" : "female",
		"attitude" : 0,
		"mission" : 7,
		"chat" : "TALK_ANTHRO_PET",
		"faction" : "your_followers",
		"mission_offered" : "MISSION_ANTHRO_CANINE_1"
	},
	{
		"type" : "npc",
		"//" : "宠物(狗)。倾向动物。",
		"id" : "anthro_canine_lesshuman_female",
		"name_unique" : "宠物(狗)",
		"class" : "NC_ANTHRO_CANINE_LESSHUMAN_FEMALE",
		"gender" : "female",
		"attitude" : 0,
		"mission" : 7,
		"chat" : "TALK_ANTHRO_PET",
		"faction" : "your_followers",
		"mission_offered" : "MISSION_ANTHRO_CANINE_1"
	},

	{
		"type" : "npc",
		"//" : "宠物(猫)。倾向人类。",
		"id" : "anthro_feline_morehuman_female",
		"name_unique" : "宠物(猫)",
		"class" : "NC_ANTHRO_FELINE_MOREHUMAN_FEMALE",
		"gender" : "female",
		"attitude" : 0,
		"mission" : 7,
		"chat" : "TALK_ANTHRO_PET",
		"faction" : "your_followers",
		"mission_offered" : "MISSION_ANTHRO_FELINE_1"
	},
	{
		"type" : "npc",
		"//" : "宠物(猫)。一半一半。",
		"id" : "anthro_feline_half_female",
		"name_unique" : "宠物(猫)",
		"class" : "NC_ANTHRO_FELINE_HALF_FEMALE",
		"gender" : "female",
		"attitude" : 0,
		"mission" : 7,
		"chat" : "TALK_ANTHRO_PET",
		"faction" : "your_followers",
		"mission_offered" : "MISSION_ANTHRO_FELINE_1"
	},
	{
		"type" : "npc",
		"//" : "宠物(猫)。倾向动物。",
		"id" : "anthro_feline_lesshuman_female",
		"name_unique" : "宠物(猫)",
		"class" : "NC_ANTHRO_FELINE_LESSHUMAN_FEMALE",
		"gender" : "female",
		"attitude" : 0,
		"mission" : 7,
		"chat" : "TALK_ANTHRO_PET",
		"faction" : "your_followers",
		"mission_offered" : "MISSION_ANTHRO_FELINE_1"
	},

	{
		"type" : "npc",
		"//" : "宠物(熊)。倾向人类。",
		"id" : "anthro_ursine_morehuman_female",
		"name_unique" : "宠物(熊)",
		"class" : "NC_ANTHRO_URSINE_MOREHUMAN_FEMALE",
		"gender" : "female",
		"attitude" : 0,
		"mission" : 7,
		"chat" : "TALK_ANTHRO_PET",
		"faction" : "your_followers",
		"mission_offered" : "MISSION_ANTHRO_URSINE_1"
	},
	{
		"type" : "npc",
		"//" : "宠物(熊)。一半一半。",
		"id" : "anthro_ursine_half_female",
		"name_unique" : "宠物(熊)",
		"class" : "NC_ANTHRO_URSINE_HALF_FEMALE",
		"gender" : "female",
		"attitude" : 0,
		"mission" : 7,
		"chat" : "TALK_ANTHRO_PET",
		"faction" : "your_followers",
		"mission_offered" : "MISSION_ANTHRO_URSINE_1"
	},
	{
		"type" : "npc",
		"//" : "宠物(熊)。倾向动物。",
		"id" : "anthro_ursine_lesshuman_female",
		"name_unique" : "宠物(熊)",
		"class" : "NC_ANTHRO_URSINE_LESSHUMAN_FEMALE",
		"gender" : "female",
		"attitude" : 0,
		"mission" : 7,
		"chat" : "TALK_ANTHRO_PET",
		"faction" : "your_followers",
		"mission_offered" : "MISSION_ANTHRO_URSINE_1"
	}
]
