[
	{
		"id": "TALK_ANTHRO_CUBI",
		"type": "talk_topic",
		"dynamic_line": "啊，这是什么啊!?你干了些什么?！",
		"responses": [
			{
				"text": "使用血清(人类)。",
				"topic": "TALK_ANTHRO_CUBI_ITS_MY_TREAT"
			},
			{
				"text": "等等,还是考虑一下吧...",
				"topic": "TALK_DONE"
			}
		]
	},
	{
		"id": "TALK_ANTHRO_CUBI_ITS_MY_TREAT",
		"type": "talk_topic",
		"dynamic_line": "虽然不懂为什么，但总之就是成为一个人了吧。虽然不能像以前一样施展能力很痛苦……和其他兄弟一样，为寻找少数猎物而疯狂，哪个比较合适呢?。",
		"responses": [
			{
				"text": "我很高兴能这样说话。来。一起走吧。",
				"success": {
					"effect": "follow",
					"opinion": {
						"trust": 5,
						"value": 5
					},
					"topic": "TALK_ANTHRO_CUBI_BE_FELLOW"
				}
			},
			{
				"text": "你的立场还是宠物。快来，宠物。",
				"success": {
					"effect": "follow",
					"opinion": {
						"anger": 5,
						"fear": 5,
						"trust": -5,
						"value": 5
					},
					"topic": "TALK_ANTHRO_CUBI_BADBOY"
				}
			}
		]
	},
	{
		"id": "TALK_ANTHRO_CUBI_BE_FELLOW",
		"type": "talk_topic",
		"dynamic_line": "好的好~的。我现在变成这副摸样都是因为你的缘故、所以要好好负责啊,主·人♪",
		"responses": [
			{
				"text": "(会話終了)",
				"topic": "TALK_DONE"
			}
		]
	},
	{
		"id": "TALK_ANTHRO_CUBI_BADBOY",
		"type": "talk_topic",
		"dynamic_line": "很好很好。抱着这样的态度，我也不知道你某天会不会从背后被刺伤呢。",
		"responses": [
			{
				"text": "(会話終了)",
				"topic": "TALK_DONE"
			}
		]
	}
]
