[
    {
        "id": "manual_hokuto",
        "type": "GENERIC",
        "category": "books",
        "symbol": "?",
        "color": "green",
        "name": "北斗神拳——北斗2000年历史",
        "description": "单子相传的暗杀拳,北斗神拳的全部历史在上面记载着。",
        "price": 20000,
        "material": "paper",
        "weight": 150,
        "volume": 1,
        "to_hit": -1,
        "use_action": "MA_MANUAL",
        "book_data": {
            "max_level" : 0,
            "intelligence" : 0,
            "time" : 10,
            "fun" : 0,
            "skill" : "none",
            "required_level" : 0,
            "chapters": 0
        }
   },
   {
        "type" : "item_group",
        "id"   : "ma_manuals",
        "items":[
            ["manual_hokuto", 5]
        ]
    },
        {
        "id": "manual_nanto_sui",
        "type": "GENERIC",
        "category": "books",
        "symbol": "?",
        "color": "green",
        "name": "南斗水鸟拳秘诀",
        "description": "在南斗圣拳中最为华丽的暗杀拳，南斗水鸟拳的秘诀全部被记载了。",
        "price": 20000,
        "material": "paper",
        "weight": 150,
        "volume": 1,
        "to_hit": -1,
        "use_action": "MA_MANUAL",
        "book_data": {
            "max_level" : 0,
            "intelligence" : 0,
            "time" : 10,
            "fun" : 0,
            "skill" : "none",
            "required_level" : 0,
            "chapters": 0
        }
   },
   {
        "type" : "item_group",
        "id"   : "ma_manuals",
        "items":[
            ["manual_nanto_sui", 5]
        ]
    },
        {
        "id": "manual_nanto_kosyu",
        "type": "GENERIC",
        "category": "books",
        "symbol": "?",
        "color": "green",
        "name": "南斗孤鹫拳秘诀",
        "description": "在南斗圣拳中比较通用的南斗孤鹫拳，其秘诀全部被记载了。",
        "price": 20000,
        "material": "paper",
        "weight": 150,
        "volume": 1,
        "to_hit": -1,
        "use_action": "MA_MANUAL",
        "book_data": {
            "max_level" : 0,
            "intelligence" : 0,
            "time" : 10,
            "fun" : 0,
            "skill" : "none",
            "required_level" : 0,
            "chapters": 0
        }
   },
   {
        "type" : "item_group",
        "id"   : "ma_manuals",
        "items":[
            ["manual_nanto_kosyu", 5]
        ]
    },
    {
        "id": "manual_nanto_hakuro",
        "type": "GENERIC",
        "category": "books",
        "symbol": "?",
        "color": "green",
        "name": "南斗白鹭拳正确的学习方法",
        "description": "在学习南斗白鹭拳时的心得，还详细记载了修行的严格。写这个的人好像是很仔细的人…",
        "price": 20000,
        "material": "paper",
        "weight": 150,
        "volume": 1,
        "to_hit": -1,
        "use_action": "MA_MANUAL",
        "book_data": {
            "max_level" : 0,
            "intelligence" : 0,
            "time" : 10,
            "fun" : 0,
            "skill" : "none",
            "required_level" : 0,
            "chapters": 0
        }
   },
   {
        "type" : "item_group",
        "id"   : "ma_manuals",
        "items":[
            ["manual_nanto_hakuro", 5]
        ]
    },
    {
        "id": "manual_nanto_koukaku",
        "type": "GENERIC",
        "category": "books",
        "symbol": "?",
        "color": "green",
        "name": "南斗红鹤拳——成为世界上最坚强最美丽的男人的指南书",
        "description": "这是由高人在这个世界所写的最美丽最强大的自传。我坚持写作世界上最强壮和美丽的…",
        "price": 20000,
        "material": "paper",
        "weight": 150,
        "volume": 1,
        "to_hit": -1,
        "use_action": "MA_MANUAL",
        "book_data": {
            "max_level" : 0,
            "intelligence" : 0,
            "time" : 10,
            "fun" : 0,
            "skill" : "none",
            "required_level" : 0,
            "chapters": 0
        }
   },
   {
        "type" : "item_group",
        "id"   : "ma_manuals",
        "items":[
            ["manual_nanto_koukaku", 5]
        ]
    },
    {
        "id": "manual_nanto_houou",
        "type": "GENERIC",
        "category": "books",
        "symbol": "?",
        "color": "green",
        "name": "南斗凤凰拳——帝王教的帝王之拳",
        "description": "我是帝王!和你们完全不一样! !我把帝王的真谛传授给各位小子，哈哈哈哈…",
        "price": 20000,
        "material": "paper",
        "weight": 150,
        "volume": 1,
        "to_hit": -1,
        "use_action": "MA_MANUAL",
        "book_data": {
            "max_level" : 0,
            "intelligence" : 0,
            "time" : 10,
            "fun" : 0,
            "skill" : "none",
            "required_level" : 0,
            "chapters": 0
        }
   },
   {
        "type" : "item_group",
        "id"   : "ma_manuals",
        "items":[
            ["manual_nanto_houou", 5]
        ]
    }


]