[
    {
        "type": "profession",
        "ident": "battle_hokuto",
        "name": {
            "male": "北斗神拳传承者",
            "female": "北斗神拳传承者"
        },
        "description": "为了拯救世纪末的新英格兰，北斗神拳传人站了出来!",
        "points": 8,
        "traits": [
            "PROF_MA_HOKUTO"
        ],
        "skills": [
            {
                "level": 6,
                "name": "throw"
            },
            {
                "level": 6,
                "name": "melee"
            },
            {
                "level": 6,
                "name": "unarmed"
            },
            {
                "level": 6,
                "name": "dodge"
            }
        ],
        "items": {
            "male": [
                "boxer_shorts",
                "pants_leather",
                "socks",
                "jacket_leather"
            ],
            "female": [
                "bra",
                "tights",
                "pants_leather",
                "boots",
                "jacket_leather"
            ]
        }
     },
     {
        "type": "profession",
        "ident": "battle_nanto_sui",
        "name": {
            "male": "南斗水鸟拳传承者",
            "female": "南斗水鸟拳传承者"
        },
        "description": "为了拯救世纪末的新英格兰，南斗水鸟拳的传人站了出来!",
        "points": 8,
        "traits": [
            "PROF_MA_NANTO_SUI"
        ],
        "skills": [
            {
                "level": 6,
                "name": "throw"
            },
            {
                "level": 6,
                "name": "melee"
            },
            {
                "level": 6,
                "name": "unarmed"
            },
            {
                "level": 6,
                "name": "dodge"
            }
        ],
        "items": {
            "male": [
                "boxer_shorts",
                "pants_leather",
                "socks",
                "jacket_leather"
            ],
            "female": [
                "bra",
                "tights",
                "pants_leather",
                "boots",
                "jacket_leather"
            ]
        }
     },
     {
        "type": "profession",
        "ident": "battle_nanto_kosyu",
        "name": {
            "male": "南斗孤独鹫传承者",
            "female": "南斗孤鹫拳传承者"
        },
        "description": "为了统治世纪末的新英格兰，南斗孤鹫拳的传人站了出来！力量是正义的……这真是一个很好的时代",
        "points": 8,
        "traits": [
            "PROF_MA_NANTO_KOSYU"
        ],
        "skills": [
            {
                "level": 6,
                "name": "throw"
            },
            {
                "level": 6,
                "name": "melee"
            },
            {
                "level": 6,
                "name": "unarmed"
            },
            {
                "level": 6,
                "name": "dodge"
            }
        ],
        "items": {
            "male": [
                "boxer_shorts",
                "pants_leather",
                "socks",
                "jacket_leather"
            ],
            "female": [
                "bra",
                "tights",
                "pants_leather",
                "boots",
                "jacket_leather"
            ]
        }
     },
     {
        "type": "profession",
        "ident": "battle_nanto_koukaku",
        "name": {
            "male": "南斗红鹤拳传承者",
            "female": "南斗红鹤拳传承者"
        },
        "description": "为了在世纪末的新英格兰推广自己的美丽，南斗红鹤拳的传人充满野心!我是世界上最坚强最美丽的…",
        "points": 8,
        "traits": [
            "PROF_MA_NANTO_KOUKAKU"
        ],
        "skills": [
            {
                "level": 6,
                "name": "throw"
            },
            {
                "level": 6,
                "name": "melee"
            },
            {
                "level": 6,
                "name": "unarmed"
            },
            {
                "level": 6,
                "name": "dodge"
            }
        ],
        "items": {
            "male": [
                "boxer_shorts",
                "pants_leather",
                "socks",
                "jacket_leather"
            ],
            "female": [
                "bra",
                "tights",
                "pants_leather",
                "boots",
                "jacket_leather"
            ]
         }
     },
     {
        "type": "profession",
        "ident": "battle_nanto_hakuro",
        "name": {
            "male": "南斗白鹭拳传承者",
            "female": "南斗白鹭拳传承者"
        },
        "description": "为生活在世纪末新英格兰乱世的孩子们，一名南斗白鹭拳的传人站了出来…",
        "points": 8,
        "traits": [
            "PROF_MA_NANTO_HAKURO"
        ],
        "skills": [
            {
                "level": 6,
                "name": "throw"
            },
            {
                "level": 6,
                "name": "melee"
            },
            {
                "level": 6,
                "name": "unarmed"
            },
            {
                "level": 6,
                "name": "dodge"
            }
        ],
        "items": {
            "male": [
                "boxer_shorts",
                "pants_leather",
                "socks",
                "jacket_leather"
            ],
            "female": [
                "bra",
                "tights",
                "pants_leather",
                "boots",
                "jacket_leather"
            ]
         }
     },
          {
        "type": "profession",
        "ident": "battle_nanto_houou",
        "name": {
            "male": "南斗凤凰拳传承者",
            "female": "南斗凤凰拳传承者"
        },
        "description": "南斗凤凰拳传人终于开始行动了，支撑帝王的不是感情!是不允许任何叛逆的血腥肃清! !",
        "points": 8,
        "traits": [
            "PROF_MA_NANTO_HOUOU"
        ],
        "skills": [
            {
                "level": 6,
                "name": "throw"
            },
            {
                "level": 6,
                "name": "melee"
            },
            {
                "level": 6,
                "name": "unarmed"
            },
            {
                "level": 6,
                "name": "dodge"
            }
        ],
        "items": {
            "male": [
                "boxer_shorts",
                "pants_leather",
                "socks",
                "jacket_leather"
            ],
            "female": [
                "bra",
                "tights",
                "pants_leather",
                "boots",
                "jacket_leather"
            ]
         }
     }
]