[
	{
		"type": "effect_type",
		"id": "lust",
		"name" : ["性冲动"],
		"desc": ["生物本能感受到的强烈的性欲望。总之、这似乎很好。"],
		"show_in_info": false,
		"//" : "intensityが100に達した時点で達する、という仕様にしよう",
		"max_intensity" : 100,
		"miss_message": [
			["你感觉欲火焚身...", 5],
			["你拼命地忍受着...", 5]
		],
		"rating": "neutral",
		"int_dur_factor": 1,
		"base_mods": {
			"stamina_min": [-0.1]
		},
		"scaling_mods": {
			"stamina_min": [-0.1]
		}
	},
	{
		"type": "effect_type",
		"id": "corrupt",
		"name" : [
			"脸红",
			"恍惚",
			"欲情",
			"陶酔",
			"陶酔",
			"堕落"
		],
		"desc": [
			"你被性欲折磨着。由于兴奋状态，你的力量和感知会得到一些奖励，但是智力受到了一些惩罚。",
			"你有性欲。你的感知以外的所有属性受到惩罚。",
			"你的思想充满了性欲。你的感知以外受到惩罚。",
			"你的思想被性欲支配。你的感觉以外的属性会受到很大惩罚。",
			"你的思想被性欲支配。...这不是一件好事吗？",
			"你完全堕落了。但这不是一件坏事，对吧？"
		],
		"show_in_info": false,
		"max_intensity" : 6,
		"apply_message": "你开始兴奋起来。",
		"remove_message": "你的欲望消失了。",
		"miss_message": [["你被欲望所驱使...", 10]],
		"rating": "bad",
		"int_dur_factor": 600,
		"base_mods": {
			"str_mod": [1],
			"per_mod": [1],
			"int_mod": [-1],
			"speed_mod": [5],
			"stamina_min": [2]
		},
		"scaling_mods": {
			"str_mod": [-1.67],
			"dex_mod": [-0.84],
			"per_mod": [0.84],
			"int_mod": [-2],
			"speed_mod": [-0.4],
			"stamina_min": [-3]
		}
	},
	{
		"type": "effect_type",
		"id": "magic_sleepy",
		"name" : [
			"难以忍受的睡意",
			"不同寻常的睡意",
			"濒临入睡的边缘"
		],
		"desc": ["被奇怪的睡意袭击。什么时候放弃思考也不奇怪。"],
		"show_in_info": false,
		"max_intensity" : 3,
		"apply_message": "突然的睡意袭来了...",
		"remove_message": "奇怪的睡意消失了。",
		"rating": "bad",
		"int_dur_factor": 300,
		"base_mods": {
			"speed_mod": [-5],
			"str_mod": [-1],
			"dex_mod": [-1],
			"int_mod": [-2],
			"per_mod": [-2],
			"sleep_min": [10],
			"sleep_max": [20],
			"sleep_chance": [75],
			"sleep_chance_bot": [100]
		},
		"scaling_mods": {
			"sleep_min": [10],
			"sleep_max": [20],
			"sleep_chance": [-36]
		}
	},
	{
		"type": "effect_type",
		"id": "estrus",
		"name": ["发情"],
		"desc": ["发情中。怀孕概率增加500%。"],
		"show_in_info": false,
		"max_intensity" : 1,
		"rating": "neutral",
		"int_dur_factor": 14400
	},
	{
		"type": "effect_type",
		"id": "contraception",
		"name": ["避孕"],
		"desc": ["避孕药发挥了效果。现在无论怎样享受都没关系。大概。"],
		"show_in_info": false,
		"max_intensity" : 1,
		"rating": "good",
		"int_dur_factor": 14400
	},
	{
		"type": "effect_type",
		"id": "anthcream",
		"show_in_info": false,
		"removes_effects": ["creampie"]
	},
	{
		"type": "effect_type",
		"id": "creampie",
		"show_in_info": false,
		"//": "最大效果现实世界约为5天。具体意思请google。在没人的地方。",
		"max_intensity" : 5,
		"int_dur_factor": 14400
	},
	{
		"type": "effect_type",
		"id": "impregnated",
		"show_in_info": false,
		"//": "現実時間でだいたい10週=70日。1ヶ月=だいたい30日ごとでintensityを分ける。",
		"max_intensity" : 3,
		"rating": "neutral",
		"max_duration": 70,
		"int_dur_factor": 30,
		"int_decay_step": 0,
		"base_mods": {
			"hunger_chance": [1440],
			"hunger_min": [1],
			"thirst_chance": [1440],
			"thirst_min": [1],
			"vomit_chance": [-103]
		},
		"scaling_mods": {
			"hunger_chance": [-360],
			"thirst_chance": [-360],
			"vomit_chance": [51]
		},
		"removes_effects": ["creampie"]
	},
	{
		"type": "effect_type",
		"id": "pregnantcy",
		"name": [
			"怀孕(3个月)",
			"怀孕(4个月)",
			"怀孕(5个月)",
			"怀孕(6个月)",
			"怀孕(7个月)",
			"怀孕(8个月)",
			"怀孕(9个月)"
		],
		"desc": ["我怀孕了。"],
		"show_in_info": true,
		"max_intensity" : 7,
		"apply_message": "你怀孕了。",
		"rating": "mixed",
		"//": "現実時間でだいたい30週=210日。1ヶ月=だいたい30日ごとでintensityを分ける。",
		"max_duration": 210,
		"int_dur_factor": 30,
		"int_decay_step": 0,
		"base_mods": {
			"hunger_chance": [720],
			"hunger_min": [1],
			"thirst_chance": [720],
			"thirst_min": [1],
			"vomit_chance": [74]
		},
		"scaling_mods": {
			"speed_mod": [-5],
			"vomit_chance": [-25]
		},
		"removes_effects": ["estrus", "creampie", "impregnated", "incubation"]
	},
	{
		"type": "effect_type",
		"id": "incubation",
		"name": ["孵卵"],
		"desc": ["肚子里满是蛋。"],
		"show_in_info": true,
		"max_intensity" : 7,
		"apply_message": "你怀孕了。",
		"rating": "mixed",
		"//": "現実時間でだいたい30週=210日。1ヶ月=だいたい30日ごとでintensityを分ける。",
		"max_duration": 210,
		"int_dur_factor": 30,
		"int_decay_step": 0,
		"base_mods": {
			"fatigue_min": [1],
			"fatigue_max": [2],
			"fatigue_chance": [1],
			"fatigue_chance_bot": [100]
		},
		"removes_effects": ["creampie", "impregnated", "pregnantcy"]
	},

	{
		"//": "↓*気持ちいいこと*中のエフェクトタイル用のためだけのeffect。↓",
		"type": "effect_type",
		"id": "movingdoing",
		"name" : ["*心情舒畅*"],
		"desc": ["感觉*心情舒畅*。"],
		"show_in_info": true,
		"max_intensity" : 1,
		"rating": "good"
	},

	{
		"//": "↓ここから下はモンスター専用effect。もし見えたら、それはきっとバグ。↓",
		"type": "effect_type",
		"id": "dominate",
		"name" : ["主动权"],
		"desc": ["掌握行为的主导权。"],
		"show_in_info": true,
		"max_intensity" : 1,
		"rating": "neutral",
		"max_duration": 1,
		"base_mods": {
			"speed_mod": [-50],
			"dex_mod": [-100]
		}
	},
	{
		"type": "effect_type",
		"id": "spell_charge",
		"name" : ["咏唱"],
		"desc": ["咏唱中。"],
		"show_in_info": true,
		"max_intensity" : 1,
		"rating": "neutral",
		"max_duration": 10,
		"int_decay_step": -1,
		"int_decay_tick": 60,		"//" : "int_decay_tickを記述すると、このターン毎にint_decay_stepだけdurationが増減するようになる。",
		"base_mods": {
			"int_mod": [1],
			"speed_mod": [-10]
		}
	}
]
