[
	{
		"id": "flintlock_ammo_magic",
		"type": "AMMO",
		"name": "纸制子弹(魔弾)",
		"description": "是内包了黑色火药和金属制抛射物的纸制子弹。抛射物上刻着魔术般的纹样。根据魔弹的传说，第6发一定会击中目标，第1发一定会击中不希望击中的目标，但是这个子弹在发射后会飞向另一个对手。",
		"weight": 40,
		"volume": 1,
		"price": 1100,
		"material": [ "lead", "powder" ],
		"symbol": "=",
		"color": "white",
		"count": 7,
		"stack_size": 7,
		"ammo_type": "flintlock",
		"range": 6,
		"damage": 50,
		"dispersion": 90,
		"recoil": 1500,
		"loudness": 70,
		"effects": [ "COOKOFF", "MUZZLE_SMOKE", "SHOT", "BOUNCE", "NEVER_MISFIRES" ]
	}
]
