[
	{
		"id": "sexy_zipsuit",
		"type": "ARMOR",
		"name": "乳胶套装",
		"description": "它是一种紧贴身于全身的紧身衣。 大多数是由透明乳胶制成，只有关键部分设计为拉链隐藏。",
		"weight": 1587,
		"volume": 14,
		"price": 12000,
		"material": [ "plastic" ],
		"symbol": "[",
		"color": "pink",
		"covers": [ "TORSO", "ARMS", "HANDS", "LEGS", "FEET" ],
		"coverage": 100,
		"encumbrance": 5,
		"warmth": 5,
		"material_thickness": 1,
		"environmental_protection": 1,
		"flags": [ "SKINTIGHT", "FANCY", "FRAGILE", "VARSIZE", "WATER_FRIENDLY" ]
	},
	{
		"id": "slut_power_suit",
		"type": "ARMOR",
		"category": "armor",
		"name": "SWUT力量套装",
		"description": "这是DoubleTeck的力量套装。 它的目的是克服能量装甲在重量和机动性方面的缺点。 它经过精心设计，可以像乳胶套装一样紧密贴合整个身体，并尽可能地保护身体的重要部位，从而确保最大的机动性。 但它的色情外表不受欢迎，除了一些狂热的士兵。",
		"weight": 7670,
		"volume": 60,
		"price": 11500000,
		"to_hit": 1,
		"bashing": 1,
		"material": [ "plastic", "superalloy" ],
		"symbol": "[",
		"color": "dark_gray",
		"covers": [ "TORSO", "ARMS", "HANDS", "LEGS", "FEET" ],
		"coverage": 100,
		"encumbrance": 20,
		"storage": 0,
		"warmth": 10,
		"power_armor": true,
		"material_thickness": 8,
		"environmental_protection": 8,
		"use_action": { "type": "ups_based_armor", "activate_msg": "力量套装启动。" },
		"flags": [ "SKINTIGHT", "WATERPROOF", "STURDY", "ELECTRIC_IMMUNE" ]
	}
]
