[
	{
		"id": "recipe_hentai",
		"type": "BOOK",
		"name": "书(学习/研究日杂志(设计师))",
		"name_plural": "书(学习/研究日杂志(设计师))",
		"description": "这是一本用日语和英语混合风格组成的研究期刊。从对XE037的研究结果及其有用的应用方法的描述开始，以美国的出生率图表结束。\"否認\"印章印了3次。",
		"weight": 50,
		"volume": 2,
		"price": 125000,
		"material": [ "paper" ],
		"symbol": "?",
		"color": "light_green",
		"skill": "cooking",
		"required_level": 8,
		"max_level": 9,
		"intelligence": 12,
		"time": 45,
		"fun": -2
	},
	{
		"id": "dictionnaire_finfernal",
		"type": "BOOK",
		"name": "书(一般/地狱词典)",
		"name_plural": "书(一般/地狱词典)",
		"description": "是作家家科兰德·普兰西所写的书籍。记载着恶魔学、迷信、占卜、人物等广泛流传着流传于世的传统和传说。",
		"weight": 368,
		"volume": 3,
		"price": 550,
		"material": [ "paper" ],
		"symbol": "?",
		"color": "light_gray",
		"intelligence": 8,
		"time": 15,
		"fun": 1,
		"flags": [ "INSPIRATIONAL" ]
	}
]
