[
	{
		"id": "used_condom",
		"type": "CONTAINER",
		"category": "other",
		"name": "避孕套(已使用)",
		"name_plural": "避孕套(已使用)",
		"description": "使用过避孕工套。只是垃圾。",
		"weight": 1,
		"volume": 0,
		"bashing": 1,
		"cutting": 0,
		"to_hit": -3,
		"price": 100,
		"rigid": false,
		"material": [ "plastic" ],
		"symbol": ",",
		"color": "pink",
		"contains": 1,
		"seals": true,
		"watertight": true
	},
	{
		"id": "medieval_bottle",
		"type": "CONTAINER",
		"category": "other",
		"name": "药瓶(250ml)",
		"description": "用软木塞密封的老式药瓶。容量为250毫升。",
		"weight": 48,
		"volume": 1,
		"price": 400,
		"to_hit": 1,
		"bashing": 3,
		"material": "glass",
		"symbol": ")",
		"color": "light_cyan",
		"contains": 1,
		"seals": true,
		"watertight": true,
		"qualities": [ [ "BOIL", 1 ] ]
	}
]
