[
	{
		"id": "fake_whip",
		"type": "GUN",
		"copy-from": "fake_item",
		"name": "succubi_whip",
		"description": "monster特殊攻撃用のフェイクアイテムです。",
		"flags": [ "NEVER_JAMS" ],
		"ammo_effects": [ "BLINDS_EYES", "NEVER_MISFIRES", "WIDE", "BEANBAG" ],
		"skill": "rifle",
		"durability": 10,
		"range" : 3,
		"dispersion" : 750,
		"ranged_damage" : {
			"damage_type": "cut",
			"amount": 5
		}
	},
	{
		"id": "fake_prof_pet",
		"type": "GENERIC",
		"copy-from": "fake_item",
		"name": "(任意のペット)※ゲーム開始時に選択",
		"description": "proffesion:man_with_a_petスタート時のフラグ管理用フェイクアイテムです。"
	}
]
