[
	{
		"id": "wrapped_condom",
		"type": "TOOL",
		"name": "避孕套(未开封)",
		"name_plural": "避孕套(未开封)",
		"description": "通用大小的避孕套。如果你想使用它，需要先取出来。...如果在这样的世界里有使用的对象的话。",
		"weight": 1,
		"volume": 0,
		"price": 100,
		"material": [ "plastic" ],
		"symbol": ",",
		"color": "pink",
		"use_action": {
			"target": "condom",
			"msg": "避孕套被取出来了。",
			"menu_text": "开封",
			"type": "transform"
		}
	},
	{
		"id": "wrapped_condom_danger",
		"type": "TOOL",
		"copy-from": "wrapped_condom",
		"name": "避孕套(未开封)",
		"name_plural": "避孕套(未开封)",
		"description": "通用大小的避孕套。如果使用的话，需要先取出来。\n* 这个避孕套似乎很<color_yellow>旧</color>了。如果你想避开无用的*麻烦*，你应该避免使用它。",
		"use_action": {
			"target": "condom_danger",
			"msg": "避孕套被取出来了。",
			"menu_text": "开封",
			"type": "transform"
		}
	},
	{
		"id": "condom",
		"type": "TOOL",
		"name": "避孕套",
		"name_plural": "避孕套",
		"description": "通用尺寸的避孕套。如果有人在这样的世界上随身携带这个东西的话，那意图应该再明显不过了吧。",
		"weight": 1,
		"volume": 0,
		"bashing": 1,
		"cutting": 0,
		"to_hit": -3,
		"price": 100,
		"material": [ "plastic" ],		"//" : "本当はポリイソプレンやラテックス製なのだろうけど、公式のゴム手袋もplasticだし...materials設定するのめんどいし...",
		"symbol": ",",
		"color": "pink",
		"armor_data" : {
			"covers" : ["LEGS"],
			"storage" : 0,
			"warmth" : 0,
			"environmental_protection" : 0,
			"encumbrance" : 0,
			"coverage" : 1,
			"material_thickness" : 1,
			"power_armor" : false,
			"flags": [ "WATER_FRIENDLY", "WATERPROOF", "SKINTIGHT" ]
		},
		"use_action": [ "IUSE_YIFF" ]
	},
	{
		"//" : "あぶない方。使えるけど確率で破れる。",
		"id": "condom_danger",
		"type": "TOOL",
		"copy-from": "condom",
		"name": "避孕套",
		"name_plural": "避孕套"
	},
	{
		"id": "holy_choker",		"//" : "collarじゃないよ！ほんとだよ！",
		"type": "TOOL",
		"name": "伏魔项链",
		"name_plural": "伏魔项链",
		"description": "用神圣的银做成，能封住邪恶之心的项链。如果能让恶魔穿上它、你们一定会成为好朋友吧。",
		"weight": 10,
		"volume": 1,
		"bashing": 0,
		"cutting": 0,
		"to_hit": 0,
		"price": 10000,
		"material": [ "leather", "silver" ],
		"symbol": "-",
		"color": "black",
		"flags": [ "FANCY" ],
		"armor_data" : {
			"storage" : 0,
			"warmth" : 0,
			"environmental_protection" : 0,
			"encumbrance" : 0,
			"coverage" : 5,
			"material_thickness" : 5,
			"power_armor" : false
		},
		"use_action": "IUSE_PET_CUBI"
	},
	{
		"id": "scroll_of_naming",
		"type": "TOOL",
		"name": "改名卷轴",
		"name_plural": "改名卷轴",
		"description": "能变更npc的名字的卷轴。使用后消失。",
		"weight": 10,
		"volume": 1,
		"bashing": 0,
		"cutting": 0,
		"to_hit": 0,
		"price": 1,
		"material": [ "paper" ],
		"symbol": "?",
		"color": "light_gray",
		"use_action": "IUSE_NAMING_NPC"
	},
	{
		"id": "bio_onahole",
		"type": "TOOL",
		"name": "生物按摩机",
		"name_plural": "生物按摩机",
		"description": "这是Blob制造的生物按摩机。在侧面显示着广告「那个人的DNA信息被完美再现！」和一个著名的色情演员的脸部图片。",
		"looks_like": "vibrator",
		"weight": 453,
		"volume": 2,
		"price": 5500,
		"material": [ "flesh" ],
		"symbol": ";",
		"color": "dark_gray",
		"use_action": "VIBE"
	}
]
