[
  {
    "type": "mod_tileset",
    "compatibility": [ "MSX++DEAD_PEOPLE" ],
    "tiles-new": [
      {
        "file": "tileset//cr.png",
		"sprite_width":32,
		"sprite_height":32,
		"sprite_offset_x":0,
		"sprite_offset_y":0,
        "tiles": [
          { "id": "overlay_wielded_crescent_rose_scythe", "fg": 0 }
		  
        ]
      },
      {
        "file": "tileset//cr0.png",
		"sprite_width":32,
		"sprite_height":32,
		"sprite_offset_x":0,
		"sprite_offset_y":0,
        "tiles": [
          { "id": "crescent_rose_scythe", "fg": 1 }
		  
        ]
      },
      {
        "file": "tileset//cr_s.png",
		"sprite_width":32,
		"sprite_height":32,
		"sprite_offset_x":0,
		"sprite_offset_y":0,
        "tiles": [
          { "id": "overlay_wielded_crescent_rose_sniper", "fg": 2}
		  
        ]
      },
      {
        "file": "tileset//cr_s_d.png",
		"sprite_width":32,
		"sprite_height":32,
		"sprite_offset_x":0,
		"sprite_offset_y":0,
        "tiles": [
          { "id": "crescent_rose_sniper", "fg": 3 }
		  
        ]
      },
      {
        "file": "tileset//cr_s_c.png",
		"sprite_width":32,
		"sprite_height":32,
		"sprite_offset_x":0,
		"sprite_offset_y":0,
        "tiles": [
          { "id": "overlay_wielded_crescent_rose_storage", "fg": 4}
		  
        ]
      },
      {
        "file": "tileset//cr_s_cd.png",
		"sprite_width":32,
		"sprite_height":32,
		"sprite_offset_x":0,
		"sprite_offset_y":0,
        "tiles": [
          { "id": "crescent_rose_storage", "fg": 5}
		  
        ]
      },
      {
        "file": "tileset//cr_s_cw.png",
		"sprite_width":32,
		"sprite_height":32,
		"sprite_offset_x":0,
		"sprite_offset_y":0,
        "tiles": [
          { "id": "overlay_worn_crescent_rose_storage", "fg": 6}
		  
        ]
      },
      {
        "file": "tileset//ec.png",
		"sprite_width":32,
		"sprite_height":32,
		"sprite_offset_x":0,
		"sprite_offset_y":0,
        "tiles": [
          { "id": "overlay_wielded_ember_celica_storage", "fg": 7},
          { "id": "overlay_worn_ember_celica_storage", "fg": 7}
		  
        ]
      }
    ]
  }
]
