[
  {
    "id": [ "TALK_FRIEND" ],
    "type": "talk_topic",
    "responses": [
      { "text": "<BGSS_intro_question>", "topic": "BGSS_BHUNTER_STORY1", "condition": { "npc_has_trait": "BGSS_BHunter" } }
    ]
  },
  {
    "id": "BGSS_BHUNTER_STORY1",
    "type": "talk_topic",
    "dynamic_line": {
      "u_has_effect": "evy_ousted",
      "yes": "在大灾变发生之前，我是一个拥有计算机工程学位的军官，他们让我做好准备，追踪一份文件的去向，并且检查一些实验室项目的进展。",
      "no": "在大灾变发生之前，我正在家里努力攻读计算机工程学位，这些知识帮助我找到了这个位置。"
    },
    "responses": [
      { "text": "你怎么知道这么多关于实验室的事情？", "topic": "BGSS_BHUNTER_STORY2" },
      { "text": "发生了什么？", "topic": "BGSS_BHUNTER_STORY3" },
      {
        "text": "我知道你是我们中的一员。但是猎人，我在等的是一名军官而不是一个大学生。",
        "topic": "BGSS_BHUNTER_STORYOUST",
        "condition": { "and": [ { "u_has_any_trait": [ "SUPER_SOLDIER_MARKER" ] }, { "not": { "u_has_effect": "evy_ousted" } } ] },
        "effect": { "u_add_effect": "evy_ousted", "duration": "PERMANENT" }
      },
      {
        "text": "你似乎知道的比你想说的要多。",
        "condition": {
          "and": [
            { "or": [ { "u_has_intelligence": 9 }, { "u_has_perception": 9 } ] },
            { "not": { "or": [ { "u_has_effect": "evy_ousted" }, { "u_has_effect": "evy_asked_info_recently" } ] } }
          ]
        },
        "trial": { "type": "PERSUADE", "difficulty": 2 },
        "success": {
          "topic": "BGSS_BHUNTER_STORYADMIT",
          "opinion": { "trust": 1 },
          "effect": { "u_add_effect": "evy_ousted", "duration": "PERMANENT" }
        },
        "failure": { "topic": "BGSS_BHUNTER_STORYDENY", "effect": { "u_add_effect": "evy_asked_info_recently", "duration": 1800 } }
      },
      {
        "text": "你似乎知道的比你想说的要多。",
        "condition": {
          "and": [
            { "or": [ { "u_has_intelligence": 9 }, { "u_has_perception": 9 } ] },
            { "not": { "u_has_effect": "evy_ousted" } },
            { "u_has_effect": "evy_asked_info_recently" }
          ]
        },
        "topic": "BGSS_BHUNTER_STORYNOPE"
      },
      { "text": "<done_conversation_section>", "topic": "TALK_FRIEND" },
      { "text": "<end_talking>", "topic": "TALK_DONE" }
    ]
  },
  {
    "id": "BGSS_BHUNTER_STORYADMIT",
    "type": "talk_topic",
    "dynamic_line": "这比我认为的更难隐瞒，你说的对，我想这也证明了我可以信任你。这件事说来话长，别问了。但是请别把这些信息透露出去，可以吗？",
    "responses": [ { "text": "知道了。", "topic": "BGSS_BHUNTER_STORY1" } ]
  },
  {
    "id": "BGSS_BHUNTER_STORYADMIT",
    "type": "talk_topic",
    "dynamic_line": "你说得对。我不想谈论太多细节，但我的任务是找出发生了什么，并与任何活着的人取得联系。",
    "responses": [ { "text": "我明白了。", "topic": "BGSS_BHUNTER_STORY1" } ]
  },
  {
    "id": "BGSS_BHUNTER_STORYDENY",
    "type": "talk_topic",
    "dynamic_line": "我知道的不多，这一年里我在努力的搜集信息和细节，但这真的没什么好说的。",
    "responses": [ { "text": "我明白了。", "topic": "BGSS_BHUNTER_STORY1" } ]
  },
  {
    "id": "BGSS_BHUNTER_STORYNOPE",
    "type": "talk_topic",
    "dynamic_line": "你刚刚已经问过我了，我现在并不想谈论这些。",
    "responses": [ { "text": "...", "topic": "BGSS_BHUNTER_STORY1" } ]
  },
  {
    "id": "BGSS_BHUNTER_STORY2",
    "type": "talk_topic",
    "dynamic_line": {
      "u_has_effect": "evy_ousted",
      "yes": "事实上政府花了很多时间与精力去掩盖这些项目的痕迹。所以我必须做好长时间努力的准备，但也只是勉强能了解一些我所掌握的信息。",
      "no": "他们没有很好的掩盖自己的行踪，我的意思是，他们真的让我为这些项目工作。随着实验室的出现，我逐渐掌握了一些零碎的信息。"
    },
    "responses": [
      { "text": "那么，发生了什么？", "topic": "BGSS_BHUNTER_STORY3" },
      { "text": "<done_conversation_section>", "topic": "TALK_FRIEND" },
      { "text": "<end_talking>", "topic": "TALK_DONE" }
    ]
  },
  {
    "id": "BGSS_BHUNTER_STORY3",
    "type": "talk_topic",
    "dynamic_line": {
      "u_has_effect": "evy_ousted",
      "yes": "我和另外一个人一起来到了这里，勉强避开了聚集在一起的丧尸群。那个家伙是从某个单位派来的，作为保安保护我们的安全。我们出发后不久就与其他军队失去了联系，于是我们决定自我领导，先解决目前遇到的问题。",
      "no": "我住在一个相对较小的城镇，但不久之后事情就变得麻烦起来了。我决定尽我所能收拾行装，跟踪我所掌握的证据。在路上从一个失事的地方捡了些装备，遇到了一个擅离职守的人，沿着这些踪迹走下去。我就是这样来到这件实验室的。"
    },
    "responses": [
      { "text": "一开始就这么混乱吗？", "topic": "BGSS_BHUNTER_STORY4" },
      { "text": "<done_conversation_section>", "topic": "TALK_FRIEND" },
      { "text": "<end_talking>", "topic": "TALK_DONE" }
    ]
  },
  {
    "id": "BGSS_BHUNTER_STORY4",
    "type": "talk_topic",
    "dynamic_line": "不，这里一开始的时候很安静。我们到达这里的时候没有这些东西的迹象。我们进去确认安全后就安排另外那个人在外面放哨。在这两天时间里，我们把这翻了个底朝天。不幸的是这时候一群丧失袭击了这里，外面监视的那个可怜家伙被撕成了碎片。我及时的躲进了掩体里面才幸免于难。",
    "responses": [ { "text": "<done_conversation_section>", "topic": "TALK_FRIEND" }, { "text": "<end_talking>", "topic": "TALK_DONE" } ]
  }
]
