[
  {
    "type": "faction",
    "id": "commandeers",
    "name": "指挥中心成员",
    "likes_u": 20,
    "respects_u": 0,
    "known_by_u": false,
    "size": 30,
    "power": 60,
    "combat_ability": 90,
    "food_supply": 100000,
    "wealth": 10000000,
    "good": 1,
    "strength": 1,
    "sneak": 0,
    "crime": -1,
    "cult": -1,
    "description": "指挥中心的成员寻求……的庇护。他们有情报和一些与老警卫的联系。"
  },
  {
    "type": "faction",
    "id": "super_soldiers",
    "name": "超级战士",
    "likes_u": 0,
    "respects_u": 0,
    "known_by_u": false,
    "size": 10,
    "power": 100,
    "combat_ability": 120,
    "food_supply": 40000,
    "wealth": 1000,
    "good": 1,
    "strength": 1,
    "sneak": 0,
    "crime": -1,
    "cult": -1,
    "description": "在最初的大灾变中幸存下来的军队部门。他们与指挥中心结盟，在这个新世界寻求领导权。"
  },
  {
    "type": "faction",
    "id": "preppers",
    "name": "准备者们",
    "likes_u": 20,
    "respects_u": 0,
    "known_by_u": false,
    "size": 50,
    "power": 100,
    "combat_ability": 100,
    "food_supply": 500000,
    "wealth": 10000000,
    "good": 1,
    "strength": 1,
    "sneak": 0,
    "crime": -1,
    "cult": -1,
    "description": "那些在灾难出现之前就做好了准备的幸存者。他们拥有重建的手段。"
  },
  {
    "type": "faction",
    "id": "bio_weapons",
    "name": "生物武器",
    "likes_u": 0,
    "respects_u": 0,
    "known_by_u": false,
    "size": 10,
    "power": 100,
    "combat_ability": 200,
    "food_supply": 40000,
    "wealth": 1000,
    "good": 1,
    "strength": 1,
    "sneak": 0,
    "crime": -1,
    "cult": -1,
    "description": "与大灾变有关的一个未知项目的产物，与指挥中心结盟，因为他们是他们的创造物。"
  },
  {
    "type": "faction",
    "id": "slave_fighter_allied",
    "name": "奴隶斗士 (蓝队)",
    "likes_u": 40,
    "respects_u": 70,
    "known_by_u": false,
    "size": 50,
    "power": 100,
    "combat_ability": 120,
    "food_supply": 0,
    "wealth": 0,
    "good": 0,
    "strength": 1,
    "sneak": 0,
    "crime": 1,
    "cult": 0,
    "description": "在他们的一生中，除了为富人的娱乐而战斗之外，他们什么也没看过，大多数比较理智的俘虏和新人最终都加入了蓝队。与那些强壮的\"老油条\"对抗。"
  },
  {
    "type": "faction",
    "id": "slave_fighter",
    "name": "奴隶斗士 (红队)",
    "likes_u": -20,
    "respects_u": -10,
    "known_by_u": false,
    "size": 50,
    "power": 100,
    "combat_ability": 120,
    "food_supply": 0,
    "wealth": 0,
    "good": 0,
    "strength": 1,
    "sneak": 0,
    "crime": 1,
    "cult": 0,
    "description": "在他们的一生中，除了为富人的娱乐而战斗之外，他们什么也没看过。他们毫无理由地认为，这场灾难只不过是又一次战斗的开始。"
  }
]
