[
  {
    "id": "NC_BIO_WEAPON_worn",
    "type": "item_group",
    "//": "Generic tactical kit, unisex.",
    "subtype": "collection",
    "entries": [
      { "item": "kevlar" },
      { "item": "arm_warmers" },
      { "item": "leg_warmers" },
      { "item": "pants_army" },
      { "item": "knee_pads" },
      { "item": "jacket_army" },
      { "item": "elbow_pads" },
      { "item": "tac_helmet" },
      { "item": "gloves_wraps" },
      { "item": "gloves_tactical" },
      { "item": "socks" },
      { "item": "boots_combat" },
      { "item": "backpack" },
      { "item": "badge_bio_weapon" }
    ]
  },
  {
    "id": "NC_BIO_WEAPON_S_weapon",
    "type": "item_group",
    "//": "Bio-Weapon Sigma's weapon, don't think you can define weapon overrides any other way.",
    "subtype": "collection",
    "entries": [ { "item": "arc_laser_rifle", "contents-item": [ "shoulder_strap", "knife_combat" ] } ]
  },
  {
    "id": "NC_BIO_WEAPON_carry",
    "type": "item_group",
    "subtype": "collection",
    "entries": [
      { "item": "adv_UPS_off", "charges": [ 1250, 2500 ] },
      { "item": "mre_veggy_box" },
      { "item": "biomap" },
      { "item": "militarymap" },
      { "group": "everyday_gear" },
      { "group": "drugs_soldier", "prob": 50 },
      { "group": "supplies_electronics", "prob": 50, "count": [ 1, 3 ] }
    ]
  }
]
