[
  {
    "id": "NC_GLADIATOR_LIGHT_worn",
    "type": "item_group",
    "//": "Equipment for the Blue Team.",
    "subtype": "collection",
    "entries": [
      { "distribution": [ { "group": "male_underwear_bottom", "prob": 50 }, { "group": "loincloth", "prob": 50 } ] },
      { "distribution": [ { "item": "socks", "prob": 25 }, { "item": "footrags", "prob": 25 } ] },
      { "group": "NC_GLADIATOR_LIGHT_torso", "prob": 50 },
      { "group": "NC_GLADIATOR_LIGHT_arms" },
      { "group": "NC_GLADIATOR_LIGHT_hands", "prob": 75 },
      { "group": "clothing_outdoor_pants" },
      { "group": "NC_GLADIATOR_LIGHT_legs", "prob": 50 },
      { "group": "NC_GLADIATOR_LIGHT_feet", "prob": 50 }
    ]
  },
  {
    "id": "NC_GLADIATOR_HEAVY_worn",
    "type": "item_group",
    "//": "Equipment for the Red Team.",
    "subtype": "collection",
    "entries": [
      { "distribution": [ { "group": "male_underwear_bottom", "prob": 50 }, { "group": "loincloth", "prob": 50 } ] },
      { "distribution": [ { "item": "socks", "prob": 25 }, { "item": "footrags", "prob": 25 } ] },
      { "group": "NC_GLADIATOR_HEAVY_head" },
      { "group": "NC_GLADIATOR_HEAVY_torso", "prob": 50 },
      { "group": "NC_GLADIATOR_HEAVY_arms" },
      { "group": "NC_GLADIATOR_HEAVY_hands", "prob": 75 },
      { "group": "clothing_outdoor_pants" },
      { "group": "NC_GLADIATOR_HEAVY_legs" },
      { "group": "NC_GLADIATOR_HEAVY_feet" }
    ]
  },
  {
    "id": "NC_GLADIATOR_LIGHT_torso",
    "type": "item_group",
    "//": "As with historical gladiators, torso is often left vulnerable.",
    "items": [ [ "tank_top", 20 ], [ "tshirt", 20 ], [ "trenchcoat", 10 ], [ "tunic_rag", 30 ], [ "vest_leather", 5 ] ]
  },
  {
    "id": "NC_GLADIATOR_LIGHT_arms",
    "type": "item_group",
    "items": [ [ "armguard_hard", 30 ], [ "2byarm_guard", 15 ], [ "armguard_paper", 15 ], [ "armguard_larmor", 10 ] ]
  },
  {
    "id": "NC_GLADIATOR_LIGHT_hands",
    "type": "item_group",
    "//": "Get an item 75% of the time.",
    "items": [ [ "gloves_work", 20 ], [ "gloves_wraps", 15 ], [ "gauntlets_larmor", 10 ] ]
  },
  {
    "id": "NC_GLADIATOR_LIGHT_legs",
    "type": "item_group",
    "//": "Blue Team only gets an item half the time.",
    "items": [ [ "legguard_hard", 20 ], [ "2byshin_guard", 10 ], [ "legguard_paper", 10 ] ]
  },
  {
    "id": "NC_GLADIATOR_LIGHT_feet",
    "type": "item_group",
    "//": "Blue Team only gets an item half the time.",
    "items": [ [ "sneakers", 40 ], [ "boots", 30 ], [ "boots_larmor", 10 ], [ "motorbike_boots", 5 ] ]
  },
  {
    "id": "NC_GLADIATOR_HEAVY_head",
    "type": "item_group",
    "//": "Helms for Red Team.",
    "items": [
      [ "helmet_bone", 35 ],
      [ "pot_helmet", 25 ],
      [ "helmet_football", 15 ],
      [ "helmet_motor", 15 ],
      [ "firehelmet", 10 ],
      [ "depowered_helmet", 1 ]
    ]
  },
  {
    "id": "NC_GLADIATOR_HEAVY_torso",
    "type": "item_group",
    "//": "As with historical gladiators, torso is often left vulnerable.  25% odds of actual armor for heavies.",
    "items": [
      [ "trenchcoat", 10 ],
      [ "tunic_rag", 25 ],
      [ "vest_leather", 10 ],
      [ "bookplate", 5 ],
      [ "vest_leather_mod", 5 ],
      [ "football_armor", 5 ],
      [ "motorbike_armor", 10 ]
    ]
  },
  {
    "id": "NC_GLADIATOR_HEAVY_arms",
    "type": "item_group",
    "items": [
      [ "armguard_hard", 20 ],
      [ "2byarm_guard", 15 ],
      [ "armguard_bone", 25 ],
      [ "armguard_chitin", 5 ],
      [ "armguard_metal", 10 ]
    ]
  },
  {
    "id": "NC_GLADIATOR_HEAVY_hands",
    "type": "item_group",
    "//": "Get an item 75% of the time.",
    "items": [ [ "gauntlets_bone", 20 ], [ "gauntlets_chitin", 10 ], [ "gloves_fingerless_mod", 15 ] ]
  },
  {
    "id": "NC_GLADIATOR_HEAVY_legs",
    "type": "item_group",
    "items": [ [ "legguard_hard", 10 ], [ "2byshin_guard", 10 ], [ "legguard_metal", 10 ] ]
  },
  {
    "id": "NC_GLADIATOR_HEAVY_feet",
    "type": "item_group",
    "items": [ [ "boots_bone", 30 ], [ "boots_chitin", 10 ], [ "boots_steel", 30 ], [ "motorbike_boots", 25 ] ]
  },
  {
    "id": "NC_GLADIATOR_LIGHT_weapon",
    "type": "item_group",
    "//": "Focuses on spears with some unarmed weapons.",
    "items": [
      [ "pitchfork", 30 ],
      [ "spear_knife", 25 ],
      [ "spear_forked", 10 ],
      [ "spear_rebar", 10 ],
      [ "spear_pipe", 10 ],
      [ "spear_survivor", 5 ],
      [ "knuckle_brass", 15 ],
      [ "knuckle_nail", 10 ],
      [ "knuckle_steel", 10 ],
      [ "knuckle_katar", 5 ]
    ]
  },
  {
    "id": "NC_GLADIATOR_HEAVY_weapon",
    "type": "item_group",
    "//": "Focuses on swords with some unarmed weapons.",
    "items": [
      [ "machete", 30 ],
      [ "makeshift_machete", 25 ],
      [ "sword_crude", 20 ],
      [ "glass_macuahuitl", 15 ],
      [ "survivor_machete", 5 ],
      [ "unbio_sword_weapon", 1 ],
      [ "knuckle_brass", 15 ],
      [ "knuckle_nail", 10 ],
      [ "knuckle_steel", 10 ],
      [ "knuckle_katar", 5 ]
    ]
  }
]
