[
  {
    "id": "TALK_CGUARD1",
    "type": "talk_topic",
    "dynamic_line": {
      "u_is_wearing": "badge_bio_weapon",
      "yes": "嘿，又一个被抓的生物武器？",
      "no": "嘿，访客，我有什么可以帮助你的。"
    },
    "responses": [
      { "text": "这是什么地方？", "topic": "TALK_CGUARD1_ASK_PLACE" },
      { "text": "能告诉我怎么走吗", "topic": "TALK_CGUARD1_DIR" },
      { "text": "这里怎么样？", "topic": "TALK_CGUARD1_AKS_HOWRU" },
      { "text": "我能呆在这里吗？", "topic": "TALK_CGUARD1_ASK_STAY" },
      { "text": "好吧,再见。", "topic": "TALK_DONE" }
    ]
  },
  {
    "id": "TALK_CGUARD1_ASK_PLACE",
    "type": "talk_topic",
    "dynamic_line": "这是生物武器研究小组的避难所。我碰巧是这个项目的警卫之一。事情很快就变得一团糟。只有一位最初的科学家还在这里。",
    "responses": [ { "text": "我知道了。", "topic": "TALK_CGUARD1" } ]
  },
  {
    "id": "TALK_CGUARD1_DIR",
    "type": "talk_topic",
    "dynamic_line": "当然!这是娱乐室和大堂，厨房就在旁边。下面是主走廊。左边的第一个门是宿舍，生物武器通常在那里。对面是一堆垃圾金属。沿着走廊走下去，洗手间在右边，然后研究室在左边。我们的领袖路由器在那里。他可能是个怪人，但他会保护我们的安全。如果你需要什么，就去找人谈谈。",
    "responses": [ { "text": "我会的。", "topic": "TALK_CGUARD1" } ]
  },
  {
    "id": "TALK_CGUARD1_AKS_HOWRU",
    "type": "talk_topic",
    "dynamic_line": "没什么可抱怨的。我们很安全，有食物、水和武器。Router一直在做一些他认为重要的事情。生活并不坏。",
    "responses": [ { "text": "很高兴听到你这么说。", "topic": "TALK_CGUARD1" } ]
  },
  {
    "id": "TALK_CGUARD1_ASK_STAY",
    "type": "talk_topic",
    "dynamic_line": "这真的不取决于我。去问问Router他怎么想的。",
    "responses": [ { "text": "谢谢。", "topic": "TALK_CGUARD1" } ]
  }
]
