[
  {
    "type": "talk_topic",
    "id": "TALK_BIO_2",
    "dynamic_line": {
      "u_is_wearing": "badge_bio_weapon",
      "yes": "我真的希望那枚徽章是属于你的……",
      "no": "嘿，来访者，外面有什么好玩的吗?"
    },
    "responses": [
      { "text": "你是生物武器？", "topic": "TALK_BIO_2_U_BIO" },
      { "text": "这里有点无聊吧？", "topic": "TALK_BIO_2_BORING" },
      {
        "text": "[MISSION] Router建议我和你谈谈加入搜寻阿波菲斯的事。",
        "topic": "TALK_BIO_2_APOPHIS",
        "condition": { "u_has_mission": "MISSION_PROOF_APOPHIS_DEAD" }
      },
      {
        "text": "你还好吗？Router要求我检查你。",
        "topic": "TALK_BIO_2_ROUTER",
        "condition": { "u_has_effect": "router_suggestion" }
      },
      { "text": "好吧，再见。", "topic": "TALK_DONE" }
    ]
  },
  {
    "type": "talk_topic",
    "id": "TALK_BIO_2_U_BIO",
    "dynamic_line": {
      "u_is_wearing": "badge_bio_weapon",
      "yes": "是的。Router发现我昏倒了，把一切都告诉了我。在那之前我什么都不记得了。我想我现在只能相信他。",
      "no": "没错。你似乎很了解这些东西，我猜你不是偶然发现这个地方的。Router告诉了我那是什么。我被困在这里，等待进一步通知。"
    },
    "responses": [
      {
        "text": "看来我的处境和你一样。",
        "topic": "TALK_BIO_2_IAM_BIO",
        "condition": {
          "u_has_any_trait": [
            "BIO_WEAPON_ALPHA",
            "BIO_WEAPON_BETA",
            "BIO_WEAPON_GAMMA",
            "BIO_WEAPON_DELTA",
            "BIO_WEAPON_FAILED",
            "SUPER_SOLDIER_MARKER"
          ]
        }
      },
      { "text": "好吧,该死的。", "topic": "TALK_BIO_2" }
    ]
  },
  {
    "type": "talk_topic",
    "id": "TALK_BIO_2_IAM_BIO",
    "dynamic_line": {
      "u_is_wearing": "badge_bio_weapon",
      "yes": "看起来合适。很难确定那是不是你的徽章，但是他们把工作安排给了各种各样的怪人，他们做了各种各样的疯狂的事情。他们可以给挥舞着剑的僵尸贴上生物武器的标签，但这也不是最奇怪的事情。",
      "no": "我不确定要不要相信你，因为你没有徽章。但无论如何，不管你是应为丢失或者你决定不给别人看到你的徽章。考虑到那些混蛋们从超级战士到巨型生物武器再到他妈阿波菲斯，没有什么能让我吃惊的。"
    },
    "responses": [ { "text": "...", "topic": "TALK_BIO_2" } ]
  },
  {
    "type": "talk_topic",
    "id": "TALK_BIO_2_APOPHIS",
    "dynamic_line": {
      "u_is_wearing": "badge_bio_weapon",
      "yes": "是该有人对那头野兽采取行动的时候了。很高兴能加入战斗。领导!",
      "no": "哈。希望你知道你在做什么。领导……"
    },
    "responses": [ { "text": "好了,我们走吧。", "topic": "TALK_DONE", "effect": "follow" } ]
  },
  {
    "type": "talk_topic",
    "id": "TALK_BIO_2_BORING",
    "dynamic_line": {
      "u_has_effect": "router_suggestion",
      "yes": "告诉我吧。我是一种武器，用来杀戮和毁灭。我被困在这里，没有什么可以杀死或毁灭的。真希望我能做点什么…",
      "no": "告诉我吧。我是一种武器，用来杀戮和毁灭。我被困在这里，躲着我无法杀死或摧毁的东西。真希望我能做点什么…"
    },
    "responses": [ { "text": "一定很艰难吧…", "topic": "TALK_BIO_2" } ]
  },
  {
    "type": "talk_topic",
    "id": "TALK_BIO_2_ROUTER",
    "dynamic_line": "我很感激你的想法，但没什么好说的。事情至少是稳定的，虽然有点无聊。我想找到一种方法把我的技能用在好的地方，但我不确定是什么。",
    "responses": [
      {
        "text": "我们是生物武器，我们注定要出去拯救世界的，为什么不一起来呢？",
        "topic": "TALK_BIO_2_RECRUIT_BIO",
        "condition": { "u_has_any_trait": [ "BIO_WEAPON_ALPHA", "BIO_WEAPON_BETA", "BIO_WEAPON_GAMMA", "BIO_WEAPON_DELTA" ] }
      },
      {
        "text": "我找到了一个目标，不管是否拒绝仿生学，总比什么都不做要好。你要一起吗？",
        "topic": "TALK_BIO_2_RECRUIT_FAILED",
        "condition": { "u_has_any_trait": [ "BIO_WEAPON_FAILED" ] }
      },
      {
        "text": "你是最初的模型之一。我不介意你加入我们的团队。",
        "topic": "TALK_BIO_2_RECRUIT_SOLDIER",
        "condition": { "u_has_any_trait": [ "SUPER_SOLDIER_MARKER" ] }
      },
      {
        "text": "为什么不加入我呢？",
        "condition": { "not": { "u_has_effect": "lambda_asked_recently" } },
        "trial": { "type": "PERSUADE", "difficulty": 2 },
        "success": { "topic": "TALK_BIO_2_RECRUIT_SUCCESS" },
        "failure": { "topic": "TALK_BIO_2_RECRUIT_FAILURE", "effect": { "u_add_effect": "lambda_asked_recently", "duration": 1800 } }
      },
      {
        "text": "为什么不加入我呢？",
        "condition": { "u_has_effect": "lambda_asked_recently" },
        "topic": "TALK_BIO_2_RECRUIT_DELAY"
      },
      { "text": "我知道了。", "topic": "TALK_BIO_2" }
    ]
  },
  {
    "type": "talk_topic",
    "id": "TALK_BIO_2_RECRUIT_BIO",
    "dynamic_line": {
      "u_is_wearing": "badge_bio_weapon",
      "yes": "你让我出去拯救世界完全是在胡扯，我没有那种精神，你请自便。",
      "no": "这些话不是随便说说的，我觉得这颗星球还没完蛋，为什么不去呢？你准备好了吗？如果你准备好了，我也准备好了。."
    },
    "responses": [ { "text": "我们走吧。", "topic": "TALK_DONE", "effect": "follow" } ]
  },
  {
    "type": "talk_topic",
    "id": "TALK_BIO_2_RECRUIT_FAILED",
    "dynamic_line": {
      "u_is_wearing": "badge_bio_weapon",
      "yes": "嘿，你不必为此自责。还有，别对我投以媚眼。我不介意找点有建设性的事情做……我想你准备好了。",
      "no": "我猜你也是生化武器。Badge or not, \"reject\" or not.不要为此而自责。我想你是在建议我跟着去，说实话，我也可以跟着去。带路吧。"
    },
    "responses": [ { "text": "我们走吧。", "topic": "TALK_DONE", "effect": "follow" } ]
  },
  {
    "type": "talk_topic",
    "id": "TALK_BIO_2_RECRUIT_SOLDIER",
    "dynamic_line": {
      "u_is_wearing": "badge_bio_weapon",
      "yes": "原始型号?我不确定我是否应该把这当作一种赞美。当你做好了准备。我想这比什么都不做，在这里浪费时间要好。",
      "no": "士兵，你好像没穿制服。比如，丢失了徽章。不过没关系，我想这总比坐在这儿好。带路吧。"
    },
    "responses": [ { "text": "我们走吧。", "topic": "TALK_DONE", "effect": "follow" } ]
  },
  {
    "type": "talk_topic",
    "id": "TALK_BIO_2_RECRUIT_SUCCESS",
    "dynamic_line": "你很有勇气，虽然我觉得无聊，但是我还是决定跟随你，带路吧。",
    "responses": [ { "text": "我们走吧。", "topic": "TALK_DONE", "effect": "follow" } ]
  },
  {
    "type": "talk_topic",
    "id": "TALK_BIO_2_RECRUIT_FAILURE",
    "dynamic_line": "是啊，我不这么认为。",
    "responses": [ { "text": "...", "topic": "TALK_BIO_2" } ]
  },
  {
    "type": "talk_topic",
    "id": "TALK_BIO_2_RECRUIT_DELAY",
    "dynamic_line": "你刚刚问了我这个问题。",
    "responses": [ { "text": "...", "topic": "TALK_BIO_2" } ]
  }
]
