[
  {
    "type": "talk_topic",
    "id": "TALK_BIO_1",
    "dynamic_line": {
      "u_is_wearing": "badge_bio_weapon",
      "yes": "我真的希望那枚徽章是属于你的……",
      "no": "嘿，来访者，外面有什么好玩的吗?"
    },
    "responses": [
      { "text": "你是生物武器?", "topic": "TALK_BIO_1_U_BIO" },
      { "text": "这里有点无聊吧?", "topic": "TALK_BIO_1_BORING" },
      {
        "text": "[MISSION] Router建议我跟你谈谈加入搜寻阿波菲斯的事。",
        "topic": "TALK_BIO_1_APOPHIS",
        "condition": { "u_has_mission": "MISSION_PROOF_APOPHIS_DEAD" }
      },
      {
        "text": "你还好吗？Router要求我检查你。",
        "topic": "TALK_BIO_1_ROUTER",
        "condition": { "u_has_effect": "router_suggestion" }
      },
      { "text": "好吧，再见。", "topic": "TALK_DONE" }
    ]
  },
  {
    "type": "talk_topic",
    "id": "TALK_BIO_1_U_BIO",
    "dynamic_line": {
      "u_is_wearing": "badge_bio_weapon",
      "yes": "是的。Router发现我昏倒了，把一切都告诉了我。在那之前我什么都不记得了。我想我现在只能相信他。",
      "no": "没错。你似乎很了解这些东西，我猜你不是偶然发现这个地方的。Router告诉了我那是什么。我被困在这里，等待进一步通知。"
    },
    "responses": [
      {
        "text": "看来我的处境和你一样。",
        "topic": "TALK_BIO_1_IAM_BIO",
        "condition": {
          "u_has_any_trait": [
            "BIO_WEAPON_ALPHA",
            "BIO_WEAPON_BETA",
            "BIO_WEAPON_GAMMA",
            "BIO_WEAPON_DELTA",
            "BIO_WEAPON_FAILED",
            "SUPER_SOLDIER_MARKER"
          ]
        }
      },
      { "text": "好吧,该死的。", "topic": "TALK_BIO_1" }
    ]
  },
  {
    "type": "talk_topic",
    "id": "TALK_BIO_1_IAM_BIO",
    "dynamic_line": {
      "u_is_wearing": "badge_bio_weapon",
      "yes": "看起来合适。很难确定那是不是你的徽章，但是他们把工作安排给了各种各样的怪人，他们做了各种各样的疯狂的事情。他们可以给挥舞着剑的僵尸贴上生物武器的标签，但这也不是最奇怪的事情。",
      "no": "我不确定要不要相信你，因为你没有徽章。但无论如何，不管你是应为丢失或者你决定不给别人看到你的徽章。考虑到那些混蛋们从超级战士到巨型生物武器再到他妈阿波菲斯，没有什么能让我吃惊的。"
    },
    "responses": [ { "text": "...", "topic": "TALK_BIO_1" } ]
  },
  {
    "type": "talk_topic",
    "id": "TALK_BIO_1_APOPHIS",
    "dynamic_line": {
      "u_is_wearing": "badge_bio_weapon",
      "yes": "该死的。照这样下去，我开始觉得我们只能等那东西来找我们了。其中一个甚至是我们的主管。至少，假设你已经赢得了那枚徽章。我会和你一起。",
      "no": "嗯，我开始觉得我永远也不能加入到狩猎中来了。如果你具备所需的条件，我们可能会安然无恙。我支持你。"
    },
    "responses": [ { "text": "那么，走吧。", "topic": "TALK_DONE", "effect": "follow" } ]
  },
  {
    "type": "talk_topic",
    "id": "TALK_BIO_1_BORING",
    "dynamic_line": {
      "u_has_effect": "router_suggestion",
      "yes": "告诉我吧。我是一种武器，用来杀戮和毁灭。我被困在这里，没有什么可以杀死或毁灭的。真希望我能做点什么…",
      "no": "告诉我吧。我是一种武器，用来杀戮和毁灭。我被困在这里，躲着我无法杀死或摧毁的东西。真希望我能做点什么…"
    },
    "responses": [ { "text": "一定很艰难吧…", "topic": "TALK_BIO_1" } ]
  },
  {
    "type": "talk_topic",
    "id": "TALK_BIO_1_ROUTER",
    "dynamic_line": "Router就像一个过度保护孩子的家长，非常容易担心各种问题的发生，因为他是我们这批货的项目负责人。不过我想除开无聊死，我应该不会任何问题。",
    "responses": [
      {
        "text": "我们可以做我们最擅长的事。你说呢?这就是我们的目的。",
        "topic": "TALK_BIO_1_RECRUIT_BIO",
        "condition": { "u_has_any_trait": [ "BIO_WEAPON_ALPHA", "BIO_WEAPON_BETA", "BIO_WEAPON_GAMMA", "BIO_WEAPON_DELTA" ] }
      },
      {
        "text": "如果像我这样的仿生者能在那里找到目标，你也能。怎么样?",
        "topic": "TALK_BIO_1_RECRUIT_FAILED",
        "condition": { "u_has_any_trait": [ "BIO_WEAPON_FAILED" ] }
      },
      {
        "text": "我不介意有个原型机和我并肩作战。",
        "topic": "TALK_BIO_1_RECRUIT_SOLDIER",
        "condition": { "u_has_any_trait": [ "SUPER_SOLDIER_MARKER" ] }
      },
      {
        "text": "为什么不和我一起去呢？",
        "condition": { "not": { "u_has_effect": "sigma_asked_recently" } },
        "trial": { "type": "PERSUADE", "difficulty": 2 },
        "success": { "topic": "TALK_BIO_1_RECRUIT_SUCCESS" },
        "failure": { "topic": "TALK_BIO_1_RECRUIT_FAILURE", "effect": { "u_add_effect": "sigma_asked_recently", "duration": 1800 } }
      },
      {
        "text": "为什么不加入我呢？",
        "condition": { "u_has_effect": "sigma_asked_recently" },
        "topic": "TALK_BIO_1_RECRUIT_DELAY"
      },
      { "text": "我明白了。", "topic": "TALK_BIO_1" }
    ]
  },
  {
    "type": "talk_topic",
    "id": "TALK_BIO_1_RECRUIT_BIO",
    "dynamic_line": {
      "u_is_wearing": "badge_bio_weapon",
      "yes": "你知道，我喜欢听你这么说。这就是我们的目的。带路吧。",
      "no": "不管有没有徽章，我都能从你的声音里听出你是他们中的一员。就像我一样。我也有同样的战斗精神。好了，开始吧。"
    },
    "responses": [ { "text": "我们走吧。", "topic": "TALK_DONE", "effect": "follow" } ]
  },
  {
    "type": "talk_topic",
    "id": "TALK_BIO_1_RECRUIT_FAILED",
    "dynamic_line": {
      "u_is_wearing": "badge_bio_weapon",
      "yes": "什么，比如出去杀僵尸，保护无辜?这就是那篇煽情的励志演讲的目的吗?不管你拒绝与否，我都能在你的眼睛里看到任何生物武器都有的那种火焰。我想你说得有道理。让我们看看会发生什么。",
      "no": "是吗?等等，我现在明白了。这就是你要讲的。我错把你当成一个文职人员了，但你是我们中的一员。你可能说的有道理。我们拭目以待吧。"
    },
    "responses": [ { "text": "我们走吧。", "topic": "TALK_DONE", "effect": "follow" } ]
  },
  {
    "type": "talk_topic",
    "id": "TALK_BIO_1_RECRUIT_SOLDIER",
    "dynamic_line": {
      "u_is_wearing": "badge_bio_weapon",
      "yes": "你属于降低效果的一批，对吧？没有诱变剂，可能是从军队中被招募来保护生物武器实验室的战士。不过你仍然是我们之中的一员，你想与我们交易吗？我会听从你的领导。",
      "no": "就算没有徽章，我猜你也不只是新兵训练营里的炮灰。至少从你的增强上来看你也应该是一名超级战士。你想知道真相吗?我会听从你的领导。"
    },
    "responses": [ { "text": "我们走吧。", "topic": "TALK_DONE", "effect": "follow" } ]
  },
  {
    "type": "talk_topic",
    "id": "TALK_BIO_1_RECRUIT_SUCCESS",
    "dynamic_line": "当然,为什么不。反正我也没什么好做的，如果幸运的话，我相信你不会把我们两个都杀了。",
    "responses": [ { "text": "我们走吧。", "topic": "TALK_DONE", "effect": "follow" } ]
  },
  {
    "type": "talk_topic",
    "id": "TALK_BIO_1_RECRUIT_FAILURE",
    "dynamic_line": "我不太确定那是不是运用我的技能的最好方式……",
    "responses": [ { "text": "...", "topic": "TALK_BIO_1" } ]
  },
  {
    "type": "talk_topic",
    "id": "TALK_BIO_1_RECRUIT_DELAY",
    "dynamic_line": "你不久前才问过我。我现在不想处理这事。",
    "responses": [ { "text": "...", "topic": "TALK_BIO_1" } ]
  }
]
