[
  {
    "id": "TALK_BHUNTER",
    "type": "talk_topic",
    "dynamic_line": {
      "u_is_wearing": "badge_bio_weapon",
      "yes": "你穿的那个东西…生物武器徽章…",
      "no": "嘿，你也在追查生物武器吗？"
    },
    "responses": [
      {
        "text": "是的，我就是其中之一.",
        "topic": "TALK_BHUNTER_IAM_BIO",
        "condition": {
          "u_has_any_trait": [
            "BIO_WEAPON_ALPHA",
            "BIO_WEAPON_BETA",
            "BIO_WEAPON_GAMMA",
            "BIO_WEAPON_DELTA",
            "BIO_WEAPON_FAILED",
            "SUPER_SOLDIER_MARKER"
          ]
        }
      },
      { "text": "生物武器？", "topic": "TALK_BHUNTER_ASK_BIO" },
      { "text": "外面发生了什么事？", "topic": "TALK_BHUNTER_ASK_SITUATION" },
      { "text": "你在这里做什么？", "topic": "TALK_BHUNTER_ASK_DOING" },
      { "text": "我们该怎么办？", "topic": "TALK_BHUNTER_ASK_DO" },
      { "text": "我能为你做些什么？", "topic": "TALK_MISSION_LIST" },
      { "text": "好吧，再见。", "topic": "TALK_DONE" }
    ]
  },
  {
    "id": "TALK_BHUNTER_ASK_SITUATION",
    "type": "talk_topic",
    "dynamic_line": "不是很好，我和我的伙伴一起到达的这里。当那些东西出现时，他正在看守车辆，万幸他们似乎不愿意冲进地堡，外面越来越混乱。我哥们在被他们咬中之前击倒了一部分，可没过多久它们就重新站了起来。",
    "responses": [ { "text": "那些东西是什么？", "topic": "TALK_BHUNTER_THINGS" }, { "text": "I see.", "topic": "TALK_BHUNTER" } ]
  },
  {
    "id": "TALK_BHUNTER_THINGS",
    "type": "talk_topic",
    "dynamic_line": {
      "u_has_any_trait": [ "BIO_WEAPON_FAILED" ],
      "yes": "生物武器，至少他们看起来是这样的。事实上，你看起来和他们一样。尽管目前你还没有尝试杀掉我，但是我能相信你吗？",
      "no": "生物武器，至少他们看起来是这样。我不知道出了什么问题，也不知道是谁命令他们到处乱跑，但他们似乎一心想毁掉所有与项目有关的东西。"
    },
    "responses": [
      {
        "text": "我不是他们中的一员。你可以相信我。",
        "condition": { "u_has_any_trait": [ "BIO_WEAPON_FAILED" ] },
        "topic": "TALK_BHUNTER"
      },
      {
        "text": "我不想最后变成那样。我不想变成怪物，求你了...",
        "trial": { "type": "NONE" },
        "success": { "opinion": { "fear": -1, "trust": 1 }, "topic": "TALK_BHUNTER_THINGS_FAILED" },
        "condition": { "u_has_any_trait": [ "BIO_WEAPON_FAILED" ] }
      },
      {
        "text": "我明白。",
        "condition": { "not": { "u_has_any_trait": [ "BIO_WEAPON_FAILED" ] } },
        "topic": "TALK_BHUNTER"
      }
    ]
  },
  {
    "id": "TALK_BHUNTER_THINGS_FAILED",
    "type": "talk_topic",
    "dynamic_line": "别担心，我不会伤害你，我会信任你，请你也信任我。",
    "responses": [ { "text": "谢谢", "topic": "TALK_BHUNTER" } ]
  },
  {
    "id": "TALK_BHUNTER_IAM_BIO",
    "type": "talk_topic",
    "dynamic_line": {
      "u_is_wearing": "badge_bio_weapon",
      "yes": "这真是该死的，我怎么知道你不是在某个地方找到的？哦，好吧，没关系。你拥有它意味着你至少见过一个。如果你需要什么，我可以帮你。",
      "no": "真的吗？可你甚至连徽章都没有，下次撒谎的时候要小心了。"
    },
    "responses": [
      {
        "text": "我可以证明，如果我能回忆起第一系列Mesektet计划的外部名称RD-Z-01。",
        "topic": "TALK_BHUNTER_CONFIRM_BIO",
        "condition": { "u_has_any_trait": [ "BIO_WEAPON_ALPHA", "BIO_WEAPON_BETA", "BIO_WEAPON_GAMMA", "BIO_WEAPON_DELTA" ] }
      },
      {
        "text": "你不认识这个Aug的配置？猎人！",
        "topic": "TALK_BHUNTER_CONFIRM_OUST",
        "condition": { "u_has_any_trait": [ "SUPER_SOLDIER_MARKER" ] },
        "effect": { "u_add_effect": "evy_ousted", "duration": "PERMANENT" }
      },
      {
        "text": "你在看看我，然后还敢说我在撒谎吗？",
        "condition": { "u_has_any_trait": [ "BIO_WEAPON_FAILED" ] },
        "trial": { "type": "NONE" },
        "success": { "opinion": { "fear": 1 }, "topic": "TALK_BHUNTER_CONFIRM_FAILED" }
      },
      {
        "text": "我穿的并不是我的。",
        "topic": "TALK_BHUNTER_NOBADGE",
        "condition": { "not": { "u_is_wearing": "badge_bio_weapon" } }
      },
      { "text": "...", "topic": "TALK_BHUNTER" }
    ]
  },
  {
    "id": "TALK_BHUNTER_CONFIRM_BIO",
    "type": "talk_topic",
    "dynamic_line": "你是对的，在你的增强项目面前，很难否认我前面的证据，抱歉，我怀疑过你。",
    "responses": [
      {
        "text": "没关系。",
        "trial": { "type": "NONE" },
        "success": { "opinion": { "trust": 1, "fear": -1, "value": 1, "anger": -1 }, "topic": "TALK_BHUNTER" }
      }
    ]
  },
  {
    "id": "TALK_BHUNTER_CONFIRM_FAILED",
    "type": "talk_topic",
    "dynamic_line": "好吧，你说得对。看来他们确实对你做了不少事。我很抱歉他们这样对你。",
    "responses": [ { "text": "...", "topic": "TALK_BHUNTER" } ]
  },
  {
    "id": "TALK_BHUNTER_CONFIRM_OUST",
    "type": "talk_topic",
    "dynamic_line": "似乎比我想象的更难隐藏。他们派我去调查这些设施发生了什么，重新与任何没有失控的人员或生物武器建立联系，然后看看能做些什么。我不知道你最后的命令是什么，也不知道你为什么来这里，但也许我们有一个共同的目标。",
    "responses": [ { "text": "我们拭目以待。", "topic": "TALK_BHUNTER" } ]
  },
  {
    "id": "TALK_BHUNTER_NOBADGE",
    "type": "talk_topic",
    "dynamic_line": "我得说你是个混蛋，但看看你，那些都是重型aug。我不知道你是决定不穿它了，还是把它弄丢了，但不管怎样，我都很感激你。",
    "responses": [
      {
        "text": "谢谢你",
        "trial": { "type": "NONE" },
        "success": { "opinion": { "trust": 1, "value": 1 }, "topic": "TALK_BHUNTER" }
      }
    ]
  },
  {
    "id": "TALK_BHUNTER_ASK_BIO",
    "type": "talk_topic",
    "dynamic_line": {
      "u_is_wearing": "badge_bio_weapon",
      "yes": "你在开玩笑,对吧?你真的不知道?那个徽章是你的吗?也许那个人的谣言是真的……",
      "no": "所以你不知道他们的事?也许我是在浪费时间……但你确实找到了这个地方，所以你可能知道你在做什么。"
    },
    "responses": [
      {
        "text": "你能给我解释一下吗?",
        "trial": { "type": "NONE" },
        "success": { "opinion": { "trust": 1, "fear": 0, "value": 1, "anger": 0 }, "topic": "TALK_BHUNTER_EXPLAIN_BIO" }
      },
      {
        "text": "不管是什么，我真的不在乎。",
        "trial": { "type": "NONE" },
        "success": { "opinion": { "trust": 0, "fear": 0, "value": -1, "anger": -2 }, "topic": "TALK_BHUNTER_NOCARE" }
      }
    ]
  },
  {
    "id": "TALK_BHUNTER_EXPLAIN_BIO",
    "type": "talk_topic",
    "dynamic_line": {
      "u_is_wearing": "badge_bio_weapon",
      "yes": "我猜记忆消除是合理的。好的，我会解释的。不久前，军方启动了一项联合研究项目，其最终目标是创造出能够执行各种具体任务的人工战斗人员——基本上就是生物武器。他们希望它们尽可能的降低维护费用。为了达到这个目的，研究小组利用现有项目的资源进行首次突变，然后通过控制增强人类，集中精力开发当时军队所需的任何特质。你就是他们中的一员。生物武器。这是你被创造的实验室。",
      "no": "好吧，让我告诉你一些基本知识。不久前，军方启动了一项联合研究项目，其最终目标是创造出能够执行各种具体任务的人工战斗人员——基本上就是生物武器。他们希望它们尽可能的降低维护费用。为了达到这个目的，研究小组利用现有项目的资源进行首次突变，然后通过控制增强人类，集中精力开发当时军队所需的任何特质。这个实验室是实际改造的几个地方之一。"
    },
    "responses": [
      { "text": "这让我非常惊讶...", "topic": "TALK_BHUNTER" },
      { "text": "你是怎么知道这些的?", "topic": "TALK_BHUNTER_ASK_LEARN" }
    ]
  },
  {
    "id": "TALK_BHUNTER_ASK_LEARN",
    "type": "talk_topic",
    "dynamic_line": {
      "u_has_effect": "evy_ousted",
      "yes": "我奉命调查这个地方，找到任何幸存者。我在大学期间一直是电脑黑客，追踪这条线索并不难。最难的部分是寻找补给品和维持生命。",
      "no": "在世界末日来临之前，我曾经是一名电脑黑客。在那之后，当我在寻找食物和装备或者为我的生活而战的时候，我就在下面找到了这个地方。军方不太擅长保守秘密。"
    },
    "responses": [
      {
        "text": "对于一名黑客来说，你似乎拥有很好的装备。",
        "condition": {
          "and": [
            { "or": [ { "u_has_intelligence": 10 }, { "u_has_perception": 10 } ] },
            { "not": { "or": [ { "u_has_effect": "evy_ousted" }, { "u_has_effect": "evy_asked_info_recently" } ] } }
          ]
        },
        "trial": { "type": "PERSUADE", "difficulty": 3 },
        "success": {
          "topic": "TALK_BHUNTER_ADMIT",
          "opinion": { "trust": 1 },
          "effect": { "u_add_effect": "evy_ousted", "duration": "PERMANENT" }
        },
        "failure": {
          "topic": "TALK_BHUNTER_DENY",
          "opinion": { "trust": -1, "anger": 1 },
          "effect": { "u_add_effect": "evy_asked_info_recently", "duration": 1800 }
        }
      },
      {
        "text": "对于一名黑客来说，你似乎拥有很好的装备。",
        "condition": {
          "and": [
            { "or": [ { "u_has_intelligence": 11 }, { "u_has_perception": 11 } ] },
            { "not": { "u_has_effect": "evy_ousted" } },
            { "u_has_effect": "evy_asked_info_recently" }
          ]
        },
        "topic": "TALK_BHUNTER_NOPE"
      },
      {
        "text": "正确的。研究指令Z - 12是否与您有关，猎人？",
        "topic": "TALK_BHUNTER_CONFIRM_OUST",
        "condition": { "and": [ { "u_has_any_trait": [ "SUPER_SOLDIER_MARKER" ] }, { "not": { "u_has_effect": "evy_ousted" } } ] },
        "effect": { "u_add_effect": "evy_ousted", "duration": "PERMANENT" }
      },
      { "text": "我明白了", "topic": "TALK_BHUNTER" }
    ]
  },
  {
    "id": "TALK_BHUNTER_ADMIT",
    "type": "talk_topic",
    "dynamic_line": "你是对的。我不想谈太多细节，但我的任务是查明发生了什么，并与任何活着的人取得联系。",
    "responses": [ { "text": "明白了。", "topic": "TALK_BHUNTER" } ]
  },
  {
    "id": "TALK_BHUNTER_DENY",
    "type": "talk_topic",
    "dynamic_line": "如果我既不足智多谋又不幸运，我就不会活着。我宁愿不谈我为了生存所经历的一切，至少现在不谈。好吧?",
    "responses": [ { "text": "好吧...", "topic": "TALK_BHUNTER" } ]
  },
  {
    "id": "TALK_BHUNTER_NOPE",
    "type": "talk_topic",
    "dynamic_line": "不久前你已经问过我这个问题了。我真的不想讨论它。",
    "responses": [ { "text": "...", "topic": "TALK_BHUNTER" } ]
  },
  {
    "id": "TALK_BHUNTER_NOCARE",
    "type": "talk_topic",
    "dynamic_line": {
      "u_is_wearing": "badge_bio_weapon",
      "yes": "你要么是假的，要么就是不在乎自己是什么。不过，你一定很有能力在这里取得成功。",
      "no": "那你来这干嘛?你是偶然来到这个地方的吗?你似乎还能很好地控制自己。"
    },
    "responses": [ { "text": "我想你是对的。", "topic": "TALK_BHUNTER" } ]
  },
  {
    "id": "TALK_BHUNTER_ASK_DOING",
    "type": "talk_topic",
    "dynamic_line": "我是来看看能不能找到关于生物武器的资料。你呢？",
    "responses": [
      {
        "text": "我没有任何命令，也不记得我醒来之前做过什么。你有什么想法吗?",
        "topic": "TALK_MISSION_LIST",
        "condition": { "u_has_any_trait": [ "BIO_WEAPON_ALPHA", "BIO_WEAPON_BETA", "BIO_WEAPON_GAMMA", "BIO_WEAPON_DELTA" ] }
      },
      {
        "text": "听起来像一个好的开始，不需要遵守其他标准。你有什么给我吗?",
        "topic": "TALK_MISSION_LIST",
        "condition": { "u_has_any_trait": [ "SUPER_SOLDIER_MARKER" ] }
      },
      {
        "text": "我不知道自己该怎么办。你需要做什么?",
        "topic": "TALK_MISSION_LIST",
        "condition": { "u_has_any_trait": [ "BIO_WEAPON_FAILED" ] }
      },
      { "text": "我没有头绪。", "topic": "TALK_BHUNTER" }
    ]
  },
  {
    "id": "TALK_BHUNTER_ASK_DO",
    "type": "talk_topic",
    "dynamic_line": "我正试图找到一个藏身之处，它是前生物武器项目科学家建造的。据说他们住在森林里的什么地方。也许你能帮我找到……",
    "responses": [ { "text": "我会考虑的。", "topic": "TALK_BHUNTER" } ]
  }
]
