[
  {
    "id": "TALK_BFF",
    "type": "talk_topic",
    "//": "Excludes most professions, at least in vanilla and Cata++, that don't deserve friends.  :3",
    "dynamic_line": {
      "u_has_any_trait": [ "PROF_CHURL", "BIO_WEAPON_ALPHA", "BIO_WEAPON_BETA", "BIO_WEAPON_GAMMA", "BIO_WEAPON_DELTA", "BIO_WEAPON_FAILED" ],
      "yes": "该死，我本来想遇到一些其他人。我猜，我们至少还可以在一起。",
      "no": {
        "u_male": true,
        "yes": "天哪，你还活着？！我很高兴，我以为我要独自处理这一切。我们到了很远的地方，现在安全了。现在是你和我，就像过去一样！",
        "no": "天哪，你还活着？！我很高兴，我以为我要独自处理这一切。我们到了很远的地方，现在安全了。现在是你和我，就像过去一样！"
      }
    },
    "responses": [
      {
        "text": "又一个幸存者！我们应该一起前进。",
        "condition": {
          "u_has_any_trait": [ "PROF_CHURL", "BIO_WEAPON_ALPHA", "BIO_WEAPON_BETA", "BIO_WEAPON_GAMMA", "BIO_WEAPON_DELTA", "BIO_WEAPON_FAILED" ]
        },
        "topic": "TALK_SUGGEST_FOLLOW"
      },
      {
        "text": "你在做什么？",
        "condition": {
          "u_has_any_trait": [ "PROF_CHURL", "BIO_WEAPON_ALPHA", "BIO_WEAPON_BETA", "BIO_WEAPON_GAMMA", "BIO_WEAPON_DELTA", "BIO_WEAPON_FAILED" ]
        },
        "topic": "TALK_DESCRIBE_MISSION"
      },
      {
        "text": "愿意交易吗？",
        "topic": "TALK_DONE",
        "condition": {
          "u_has_any_trait": [ "PROF_CHURL", "BIO_WEAPON_ALPHA", "BIO_WEAPON_BETA", "BIO_WEAPON_GAMMA", "BIO_WEAPON_DELTA", "BIO_WEAPON_FAILED" ]
        },
        "effect": "start_trade"
      },
      {
        "text": "我也很高兴见到你，伙计，我们走吧！",
        "trial": { "type": "NONE" },
        "condition": {
          "not": {
            "u_has_any_trait": [ "PROF_CHURL", "BIO_WEAPON_ALPHA", "BIO_WEAPON_BETA", "BIO_WEAPON_GAMMA", "BIO_WEAPON_DELTA", "BIO_WEAPON_FAILED" ]
          }
        },
        "success": { "effect": "follow", "opinion": { "trust": 8, "fear": 0, "value": 8, "anger": -2 }, "topic": "TALK_DONE" }
      },
      {
        "text": "再见。",
        "condition": {
          "u_has_any_trait": [ "PROF_CHURL", "BIO_WEAPON_ALPHA", "BIO_WEAPON_BETA", "BIO_WEAPON_GAMMA", "BIO_WEAPON_DELTA", "BIO_WEAPON_FAILED" ]
        },
        "topic": "TALK_DONE"
      }
    ]
  }
]
