[
  {
    "id": "TALK_MSCI",
    "type": "talk_topic",
    "dynamic_line": {
      "u_is_wearing": "badge_bio_weapon",
      "yes": "你有徽章，是吗?我在听。",
      "no": "嘿!欢迎来到指挥中心。"
    },
    "responses": [
      {
        "text": "那么现在你要做什么呢？",
        "condition": { "and": [ { "not": { "u_has_mission": "MISSION_PROOF_APOPHIS_DEAD" } }, { "u_has_effect": "router_mission" } ] },
        "topic": "TALK_MSCI_NOWWHAT"
      },
      { "text": "这是什么地方？", "topic": "TALK_MSCI_CC_EXPLAIN" },
      { "text": "你是谁？", "topic": "TALK_MSCI_I_AM" },
      { "text": "你在这儿干什么？", "topic": "TALK_MSCI_ASK_DOING" },
      { "text": "有什么我可以帮忙的吗？", "topic": "TALK_MISSION_LIST" },
      { "text": "我可以留在这里吗？", "topic": "TALK_MSCI_ASK_STAY" },
      { "text": "再会。", "topic": "TALK_DONE" }
    ]
  },
  {
    "id": "TALK_MSCI_NOWWHAT",
    "type": "talk_topic",
    "//": "The player has most likely completed the quest if this line becomes available.  Or terminally screwed up the quest on a different character, which isn't much better than vanilla's poor quest handling.",
    "dynamic_line": "生存及最终的研究，我们会安排好时间的。你或许可以与西格玛和兰姆达谈谈?我几乎一直在忙着修理汽车，如果他们整天无所事事，就很可能会发疯。也许你能帮助他们自己想出该怎么做",
    "responses": [
      {
        "text": "我们来看我能做些什么。",
        "topic": "TALK_MSCI",
        "effect": [ { "u_add_effect": "router_suggestion", "duration": "PERMANENT" }, { "npc_add_effect": "router_suggestion", "duration": "PERMANENT" } ]
      }
    ]
  },
  {
    "id": "TALK_MSCI_CC_EXPLAIN",
    "type": "talk_topic",
    "dynamic_line": "这是生物武器项目前科学家的避难所。我们在树林里定居下来，设法谋生。我们允许人们留在这里，只要他们有所贡献。我们甚至找到了几件散落的生物武器！",
    "responses": [
      { "text": "看来你在这里干得不错。", "topic": "TALK_MSCI" },
      { "text": "这些生物武器是谁？", "topic": "TALK_MSCI_BIO_WHO" }
    ]
  },
  {
    "id": "TALK_MSCI_BIO_WHO",
    "type": "talk_topic",
    "dynamic_line": "他们是西格玛和兰姆达，他们很困惑。当他们醒来时，他们的记忆消失了，只知道他们是“不同的”。我找到了他们，他们帮助清理和建造这个地方。它们是为了战斗而生的;我看得出他们已经厌倦了这里……",
    "responses": [ { "text": "我会留意他们的。", "topic": "TALK_MSCI" } ]
  },
  {
    "id": "TALK_MSCI_I_AM",
    "type": "talk_topic",
    "dynamic_line": "我是这个地方的领导。在大灾难之前我叫Router，我是生物武器项目的第二位首席科学家。我设计了西格玛和兰姆达，看着它们被储存起来。我现在致力于升级这个地方，维持基本的生存和寻找更多关于我工作的项目的信息。",
    "responses": [ { "text": "看来你有很多事要做。", "topic": "TALK_MSCI" } ]
  },
  {
    "id": "TALK_MSCI_ASK_DOING",
    "type": "talk_topic",
    "//": "Infinitely more idiotproof than the last way I had it rigged, but still has its flawed.",
    "dynamic_line": {
      "npc_has_effect": "router_suggest",
      "yes": "好吧，我们藏在这里的主要原因是阿波菲斯..它是一种专门用于消灭其他生物武器和生物武器科学家的生物武器。现在我们可以尝试最终解决问题，并致力于那些可能使其他人受益的研究。",
      "no": "“好吧，我们藏在这里的主要原因是阿波菲斯..它是一种专门用于消灭其他生物武器和生物武器科学家的生物武器。目前我们没有任何可以一个反对它的好机会，所以我们正试图创造我们自己的生物武器来对抗阿波菲斯。西格玛和兰姆达表示有兴趣去追求它，但他们无法自己解决它。"
    },
    "responses": [
      { "text": "哦，我想祝你好运。", "topic": "TALK_MSCI" },
      {
        "text": "阿波菲斯到底是什么，真的那么危险吗?",
        "condition": { "not": { "npc_has_effect": "router_suggestion" } },
        "topic": "TALK_MSCI_APOPHIS"
      }
    ]
  },
  {
    "id": "TALK_MSCI_APOPHIS",
    "type": "talk_topic",
    "dynamic_line": {
      "u_is_wearing": "badge_bio_weapon",
      "yes": "你有那个徽章，你应该知道那些东西有多强大。阿波菲斯可以一次把它们都拿走。你见过僵尸绿巨人吗?他们甚至不能抓伤它。更糟糕的是，还有一些与他有关的生物武器计划遭到拒绝。这就是为什么我们躲在这里。",
      "no": "哈!你真的不知道吗?你曾经对抗过生物武器吗?比如那些失败的版本?很艰难，对吧?他们没有阿波菲斯的那些装备，由于它的装甲和重型武器比其他生物武器先进一步，它的耐用程度令人难以置信。阿波菲斯比任何普通敌人都要危险得多。"
    },
    "responses": [
      {
        "text": "我似乎是其中之一。反正它会追上我的，为什么不跟它搏斗呢?",
        "topic": "TALK_MSCI_APOPHIS_ORIGINAL",
        "condition": { "u_has_any_trait": [ "BIO_WEAPON_ALPHA", "BIO_WEAPON_BETA", "BIO_WEAPON_GAMMA", "BIO_WEAPON_DELTA" ] }
      },
      {
        "text": "不管失败与否，我都不是那种怪物。我得做点什么。",
        "topic": "TALK_MSCI_APOPHIS_FAILED",
        "condition": { "u_has_any_trait": [ "BIO_WEAPON_FAILED" ] }
      },
      {
        "text": "处理这些烂摊子是我的使命。",
        "topic": "TALK_MSCI_APOPHIS_SOLDIER",
        "condition": { "u_has_any_trait": [ "SUPER_SOLDIER_MARKER" ] }
      },
      { "text": "...", "topic": "TALK_MSCI" }
    ]
  },
  {
    "id": "TALK_MSCI_APOPHIS_ORIGINAL",
    "type": "talk_topic",
    "dynamic_line": {
      "u_is_wearing": "badge_bio_weapon",
      "yes": "也许是这样，但是当你陷入停滞时，其他的研究团队一直在仔细研究他们能从你的产品中获得的每一点数据。即使是前进了两步，后退了一步，阿波菲斯也是所有这些研究的顶峰。我知道你可能渴望战斗，但我们需要做好准备。",
      "no": "嗯，也许我对你没有徽章的判断是错误的。如果你是你自称的那个人，那么你要知道这一点。阿波菲斯是来自你的创造物的所有研究的顶点。我知道你可能渴望战斗，但我们需要做好准备。"
    },
    "responses": [ { "text": "...", "topic": "TALK_MSCI" } ]
  },
  {
    "id": "TALK_MSCI_APOPHIS_FAILED",
    "type": "talk_topic",
    "dynamic_line": {
      "u_is_wearing": "badge_bio_weapon",
      "yes": "我知道你渴望证明自己，但这并不意味着你要放弃你的生命。这东西是为杀死生物武器和任何妨碍他的人量身定做的。你不必因为别人而证明自己。我知道我可以信任你。",
      "no": "嗯。也许这就是你不戴徽章的原因。我想我可以信任你。我真希望其他人也能有你现在这样的机会，而阿波菲斯没有找到他们。如果你毫无准备，你只会白白失去生命。"
    },
    "responses": [ { "text": "...", "topic": "TALK_MSCI" } ]
  },
  {
    "id": "TALK_MSCI_APOPHIS_SOLDIER",
    "type": "talk_topic",
    "dynamic_line": {
      "u_is_wearing": "badge_bio_weapon",
      "yes": "这个东西被创造出来是为了杀死你和其他生物武器以及其他任何阻碍他的东西。这就是为什么它被命名为阿波菲斯的原因，当我们进行代号为Mesektet的项目时，我们就已经全力以赴了。",
      "no": "如果你真的是一个超级战士，那么你应该知道隐藏你的徽章并不能阻止阿波菲斯发现你。那东西是用来猎杀生物武器和超级士兵的。"
    },
    "responses": [ { "text": "...", "topic": "TALK_MSCI" } ]
  },
  {
    "id": "TALK_MSCI_ASK_STAY",
    "type": "talk_topic",
    "dynamic_line": "当然，你可以自己清理一下，尽量不要惹恼任何人。如果你有时间，我很感激你的帮助。",
    "responses": [ { "text": "谢谢", "topic": "TALK_MSCI" } ]
  }
]
