[
  {
    "type" : "recipe",
    "result": "nanite_multitool_small",
    "category": "CC_NANO",
    "subcategory": "CSC_NANO_TOOLS",
    "skill_used": "fabrication",
    "difficulty": 0,
    "time": 10000,
    "reversible": false,
    "book_learn": [ [ "nanite_core_1", 1 ], [ "nanite_core_2", 1 ], [ "nanite_core_3", 1 ], [ "nanite_core_4", 1 ] ],
    "flags": [ "BLIND_EASY" ],
    "qualities": [
      {"id":"NANO_PRO","level":1,"amount":1},
      {"id":"NANOTECH","level":2,"amount":1}
    ],
    "components": [
      [
        [ "nanite_cluster", 200]
      ],
      [
        [ "nanite_power_cell", 20]
      ]
    ]
  }
]