[
  {
    "type": "profession",
    "ident": "can_sur",
    "name": "罐头幸存者",
    "description": "You were a very busy person. That's why you bought a can of survival items and called it a day. Now it's the only thing you have.",
    "points": 1,
    "items": {
      "both": [ "longshirt", "jacket_light", "runner_bag", "wristwatch", "surcan" ],
      "male": [ "boxer_shorts", "socks_wool", "pants", "boots" ],
      "female": [ "bra", "panties", "stockings", "skirt", "knee_high_boots" ]
    }
  },
  {
    "type": "profession",
    "ident": "prepper",
    "name": "准备者",
    "description": "你对世界末日有些偏执，所以你加入了准备者的行列。你读了一本关于生存的书，买了一把枪和一些装备。这种大灾难并不是你所期望的。",
    "points": 5,
    "skills": [ { "level": 3, "name": "rifle" }, { "level": 2, "name": "gun" }, { "level": 1, "name": "survival" } ],
    "items": {
      "both": [
        "socks",
        "army_top",
        "hat_boonie",
        "wearable_light",
        "balclava",
        "binoculars",
        "gloves_tactical",
        "pants_army",
        "boots_steel",
        "jacket_army",
        "molle_pack",
        "canteen",
        "scabbard",
        "knife_rambo",
        "ref_lighter",
        "crowbar",
        "mre_beef_box",
        "mil_surp_pack_2"
      ],
      "male": [ "boxer_shorts" ],
      "female": [ "sports_bra", "boxer_shorts" ]
    }
  }
]
