[
  {
    "type": "profession",
    "ident": "failed_weapon",
    "name": "失败的生物武器",
    "description": "从你睁开眼睛的那一刻起，你就知道自己的实验失败了。命中注定要成就一番伟业，但许多错误却让你功亏一篑。你在一个怪物的世界中醒来，现在你加入了他们。",
    "points": 2,
    "traits": [
      "PSYCHOPATH",
      "HUNGER",
      "CLUMSY",
      "UNSTABLE",
      "ANIMALDISCORD",
      "CANNIBAL",
      "DEFORMED",
      "FASTHEALER2",
      "BIO_WEAPON_FAILED"
    ],
    "skills": [ { "level": 2, "name": "firstaid" }, { "level": 2, "name": "electronics" }, { "level": 2, "name": "mechanics" } ],
    "CBMs": [
      "bio_dis_shock",
      "bio_dis_acid",
      "bio_drain",
      "bio_noise",
      "bio_power_weakness",
      "bio_itchy",
      "bio_nostril",
      "bio_thumbs",
      "bio_spasm",
      "bio_shakes",
      "bio_leaky",
      "bio_sleepy",
      "bio_deformity",
      "bio_voice",
      "bio_pokedeye",
      "bio_ankles",
      "bio_trip",
      "bio_stiff",
      "bio_razors",
      "bio_storage",
      "bio_power_storage_mkII",
      "bio_power_storage_mkII",
      "bio_power_storage_mkII",
      "bio_power_storage_mkII",
      "bio_hydraulics",
      "bio_metabolics",
      "bio_chain_lightning",
      "bio_carbon",
      "bio_nanobots",
      "bio_painkiller",
      "bio_torsionratchet",
      "bio_cqb",
      "bio_shock",
      "bio_armor_head",
      "bio_armor_torso",
      "bio_armor_arms",
      "bio_armor_legs",
      "bio_armor_eyes"
    ],
    "items": {
      "both": [ "badge_bio_weapon", "subsuit_xl", "footrags", "hat_noise_cancelling" ],
      "male": [ "briefs" ],
      "female": [ "bra", "panties" ]
    },
    "flags": [ "SCEN_ONLY" ]
  },
  {
    "type": "profession",
    "ident": "mycus_weapon",
    "name": "失败的真菌生物武器",
    "description": "生物和仿生学的同化过程已经完成，它们成功的融入和改造了我们的身体。保护我们的新领域和兄弟是我们当前的目标。无法移除先前的DNA标记只是一个小挫折。",
    "points": 4,
    "traits": [
      "PSYCHOPATH",
      "HUNGER",
      "CLUMSY",
      "ANIMALDISCORD",
      "CANNIBAL",
      "DEFORMED",
      "FASTHEALER2",
      "THRESH_MYCUS",
      "M_SKIN2",
      "M_BLOOM",
      "M_IMMUNE",
      "M_DEFENDER",
      "BIO_WEAPON_FAILED"
    ],
    "CBMs": [
      "bio_drain",
      "bio_itchy",
      "bio_nostril",
      "bio_thumbs",
      "bio_leaky",
      "bio_sleepy",
      "bio_trip",
      "bio_stiff",
      "bio_razors",
      "bio_storage",
      "bio_power_storage_mkII",
      "bio_power_storage_mkII",
      "bio_power_storage_mkII",
      "bio_power_storage_mkII",
      "bio_hydraulics",
      "bio_metabolics",
      "bio_chain_lightning",
      "bio_carbon",
      "bio_nanobots",
      "bio_painkiller",
      "bio_torsionratchet",
      "bio_cqb",
      "bio_shock",
      "bio_armor_head",
      "bio_armor_torso",
      "bio_armor_arms",
      "bio_armor_legs",
      "bio_armor_eyes"
    ],
    "items": {
      "both": [
        "badge_bio_weapon",
        "subsuit_xl",
        "footrags",
        "mycus_fruit",
        "mycus_fruit",
        "mycus_fruit",
        "mycus_fruit",
        "mycus_fruit",
        "mycus_fruit",
        "mycus_fruit",
        "mycus_fruit"
      ],
      "male": [ "briefs" ],
      "female": [ "bra", "panties" ]
    },
    "flags": [ "SCEN_ONLY" ]
  },
  {
    "type": "profession",
    "ident": "bio_weapon_a",
    "name": "生物武器-阿尔法",
    "description": "捕食者阿尔法，你在未知的环境下醒来，这个世界满是猎物，在饥饿的驱使下，你在敌人的后方制造混乱。",
    "points": 8,
    "traits": [
      "SMELLY",
      "QUICK",
      "PAINREC1",
      "STRONGSTOMACH",
      "GOODCARDIO",
      "PAINRESIST",
      "ANIMALEMPATH",
      "TERRIFYING",
      "PADDED_FEET",
      "CANNIBAL",
      "NIGHTVISION",
      "PSYCHOPATH",
      "CLUMSY",
      "EATDEAD",
      "SHOUT3",
      "EATHEALTH",
      "PRED2",
      "BIO_WEAPON_ALPHA"
    ],
    "skills": [ { "level": 5, "name": "dodge" }, { "level": 5, "name": "melee" }, { "level": 5, "name": "unarmed" } ],
    "CBMs": [
      "bio_dex_enhancer",
      "bio_eye_enhancer",
      "bio_str_enhancer",
      "bio_adrenaline",
      "bio_carbon",
      "bio_scent_vision",
      "bio_ears",
      "bio_cqb",
      "bio_claws",
      "bio_shock",
      "bio_digestion",
      "bio_water_extractor",
      "bio_furnace",
      "bio_heat_absorb",
      "bio_metabolics",
      "bio_painkiller",
      "bio_nanobots",
      "bio_recycler",
      "bio_uncanny_dodge",
      "bio_power_storage_mkII",
      "bio_power_storage_mkII",
      "bio_power_storage_mkII",
      "bio_power_storage_mkII"
    ],
    "items": { "both": [ "badge_bio_weapon", "subsuit_xl", "footrags" ], "male": [ "briefs" ], "female": [ "bra", "panties" ] },
    "flags": [ "SCEN_ONLY" ]
  },
  {
    "type": "profession",
    "ident": "bio_weapon_d",
    "name": "生物武器-德尔塔",
    "description": "渗透者德尔塔，能够从远处消灭敌人，专为渗透、侦察、暗杀而生。探索敌人领土，融入当地民众，从远处暗杀敌人。",
    "points": 8,
    "traits": [
      "PSYCHOPATH",
      "NIGHTVISION",
      "LIGHTSTEP",
      "WAKEFUL",
      "WEAKSCENT",
      "EAGLEEYED",
      "TRIGGERHAPPY",
      "BADCARDIO",
      "OUTDOORSMAN",
      "LIAR",
      "BEAUTIFUL3",
      "BIO_WEAPON_DELTA"
    ],
    "skills": [
      { "level": 5, "name": "gun" },
      { "level": 3, "name": "rifle" },
      { "level": 3, "name": "melee" },
      { "level": 3, "name": "stabbing" },
      { "level": 3, "name": "survival" },
      { "level": 3, "name": "fabrication" },
      { "level": 3, "name": "cooking" },
      { "level": 3, "name": "tailor" },
      { "level": 3, "name": "swimming" },
      { "level": 3, "name": "computer" },
      { "level": 3, "name": "barter" },
      { "level": 3, "name": "speech" }
    ],
    "CBMs": [
      "bio_int_enhancer",
      "bio_eye_enhancer",
      "bio_eye_optic",
      "bio_night_vision",
      "bio_targeting",
      "bio_tools",
      "bio_flashlight",
      "bio_lighter",
      "bio_evap",
      "bio_climate",
      "bio_furnace",
      "bio_ethanol",
      "bio_recycler",
      "bio_carbon",
      "bio_watch",
      "bio_face_mask",
      "bio_lockpick",
      "bio_fingerhack",
      "bio_ups",
      "bio_power_storage_mkII",
      "bio_power_storage_mkII",
      "bio_power_storage_mkII",
      "bio_power_storage_mkII"
    ],
    "items": { "both": [ "badge_bio_weapon", "subsuit_xl", "footrags" ], "male": [ "briefs" ], "female": [ "bra", "panties" ] },
    "flags": [ "SCEN_ONLY" ]
  },
  {
    "type": "profession",
    "ident": "bio_weapon_b",
    "name": "生物武器-贝塔",
    "description": "不朽者贝塔，一个人就是一只军队。你的身体是致命的武器，精良的武器和防御系统随时准备摧毁任何阻挡你的东西。",
    "points": 8,
    "traits": [
      "PSYCHOPATH",
      "NIGHTVISION",
      "PAINREC1",
      "RADIOGENIC",
      "INFRESIST",
      "FASTHEALER",
      "SELFAWARE",
      "DISRESISTANT",
      "TOUGH3",
      "POISRESIST",
      "BADKNEES",
      "CLUMSY",
      "TRIGGERHAPPY",
      "BADCARDIO",
      "SLOWRUNNER",
      "PONDEROUS1",
      "STRONGSTOMACH",
      "BIO_WEAPON_BETA"
    ],
    "skills": [
      { "level": 5, "name": "dodge" },
      { "level": 5, "name": "melee" },
      { "level": 5, "name": "cutting" },
      { "level": 3, "name": "rifle" },
      { "level": 3, "name": "gun" }
    ],
    "CBMs": [
      "bio_str_enhancer",
      "bio_dex_enhancer",
      "bio_adrenaline",
      "bio_armor_eyes",
      "bio_armor_head",
      "bio_armor_torso",
      "bio_armor_arms",
      "bio_armor_legs",
      "bio_sunglasses",
      "bio_ears",
      "bio_blood_filter",
      "bio_faraday",
      "bio_leukocyte",
      "bio_purifier",
      "bio_radscrubber",
      "bio_targeting",
      "bio_sword",
      "bio_shock",
      "bio_laser_armgun",
      "bio_hydraulics",
      "bio_nanobots",
      "bio_painkiller",
      "bio_power_storage_mkII",
      "bio_power_storage_mkII",
      "bio_power_storage_mkII",
      "bio_power_storage_mkII",
      "bio_power_armor_interface_mkII",
      "bio_torsionratchet",
      "bio_advreactor",
      "bio_plut_filter"
    ],
    "items": { "both": [ "badge_bio_weapon", "subsuit_xl", "footrags" ], "male": [ "briefs" ], "female": [ "bra", "panties" ] },
    "flags": [ "SCEN_ONLY" ]
  },
  {
    "type": "profession",
    "ident": "bio_weapon_g",
    "name": "生物武器-伽玛",
    "description": "机械师伽玛，为破坏、毁灭、同化或修复生物技术而生。你是一个行走的修理机器。",
    "points": 8,
    "traits": [ "PROF_MED", "PSYCHOPATH", "LOVES_BOOKS", "GOODMEMORY", "FASTLEARNER", "FASTREADER", "BIO_WEAPON_GAMMA" ],
    "skills": [
      { "level": 5, "name": "firstaid" },
      { "level": 5, "name": "electronics" },
      { "level": 5, "name": "mechanics" },
      { "level": 5, "name": "fabrication" }
    ],
    "CBMs": [
      "bio_int_enhancer",
      "bio_carbon",
      "bio_chain_lightning",
      "bio_emp",
      "bio_magnet",
      "bio_nanobots",
      "bio_painkiller",
      "bio_power_storage_mkII",
      "bio_power_storage_mkII",
      "bio_power_storage_mkII",
      "bio_power_storage_mkII",
      "bio_railgun",
      "bio_remote",
      "bio_resonator",
      "bio_shock",
      "bio_batteries",
      "bio_cable",
      "bio_tools",
      "bio_razors",
      "bio_ups",
      "bio_sunglasses"
    ],
    "items": { "both": [ "badge_bio_weapon", "subsuit_xl", "footrags" ], "male": [ "briefs" ], "female": [ "bra", "panties" ] },
    "flags": [ "SCEN_ONLY" ]
  },
  {
    "type": "profession",
    "ident": "bio_infantry",
    "name": "超级战士",
    "description": "超级士兵项目的步兵产物，拥有射击和近战能力，与众多步兵一起被部署到战场之中以确保战斗的胜利。",
    "points": 12,
    "CBMs": [
      "bio_targeting",
      "bio_ups",
      "bio_purifier",
      "bio_carbon",
      "bio_blade",
      "bio_shock",
      "bio_night_vision",
      "bio_adrenaline",
      "bio_metabolics",
      "bio_nanobots",
      "bio_painkiller",
      "bio_power_storage_mkII",
      "bio_power_storage_mkII"
    ],
    "traits": [ "SUPER_SOLDIER_MARKER" ],
    "skills": [
      { "level": 3, "name": "gun" },
      { "level": 3, "name": "rifle" },
      { "level": 3, "name": "melee" },
      { "level": 3, "name": "unarmed" },
      { "level": 3, "name": "cutting" },
      { "level": 3, "name": "dodge" }
    ],
    "items": {
      "both": {
        "items": [
          "undershirt",
          "arm_warmers",
          "leg_warmers",
          "pants_army",
          "jacket_army",
          "balclava",
          "tac_helmet",
          "gloves_liner",
          "gloves_tactical",
          "socks",
          "boots_combat"
        ],
        "entries": [ { "item": "arc_laser_rifle", "contents-item": "shoulder_strap" } ]
      },
      "male": [ "boxer_shorts" ],
      "female": [ "sports_bra", "boxer_shorts" ]
    },
    "flags": [ "SCEN_ONLY" ]
  },
  {
    "type": "profession",
    "ident": "bio_scout",
    "name": "超级侦察兵",
    "description": "超级士兵项目的侦察兵产物，你是用于侦察和特种作战的士兵之一，你可以在敌人的领土上生存及刺杀关键目标。",
    "points": 12,
    "CBMs": [
      "bio_eye_enhancer",
      "bio_eye_optic",
      "bio_night_vision",
      "bio_furnace",
      "bio_recycler",
      "bio_targeting",
      "bio_climate",
      "bio_evap",
      "bio_lighter",
      "bio_ups",
      "bio_power_storage_mkII",
      "bio_power_storage_mkII"
      
    ],
    "traits": [ "SUPER_SOLDIER_MARKER" ],
    "skills": [
      { "level": 5, "name": "gun" },
      { "level": 3, "name": "rifle" },
      { "level": 3, "name": "melee" },
      { "level": 3, "name": "stabbing" },
      { "level": 3, "name": "survival" },
      { "level": 3, "name": "fabrication" },
      { "level": 3, "name": "cooking" },
      { "level": 3, "name": "tailor" },
      { "level": 3, "name": "swimming" }
    ],
    "items": {
      "both": {
        "items": [
          "undershirt",
          "arm_warmers",
          "leg_warmers",
          "pants_army",
          "army_top",
          "jacket_army",
          "gloves_tactical",
          "rucksack",
          "balclava",
          "hat_boonie",
          "socks",
          "boots_combat",
          "2lcanteen",
          "mil_mess_kit",
          "e_tool",
          "mre_beef_box",
          "militarymap",
          "tent_kit",
          "rollmat"
        ],
        "entries": [
          { "item": "mx_laser_sniper", "contents-item": [ "shoulder_strap" ] },
          { "item": "knife_combat", "container-item": "sheath" }
        ]
      },
      "male": [ "boxer_shorts" ],
      "female": [ "sports_bra", "boxer_shorts" ]
    },
    "flags": [ "SCEN_ONLY" ]
  },
  {
    "type": "profession",
    "ident": "bio_tool",
    "name": "超级B.A.M.R.U",
    "description": "生物和机械维修单位，维修人员的超级士兵项目。你是众多军事修理工中的一员，利用你的电子修理能力，你或许可以修复这个世界。",
    "points": 12,
    "CBMs": [
      "bio_int_enhancer",
      "bio_carbon",
      "bio_ups",
      "bio_sunglasses",
      "bio_ears",
      "bio_watch",
      "bio_memory",
      "bio_tools",
      "bio_flashlight",
      "bio_batteries",
      "bio_power_storage_mkII",
      "bio_power_storage_mkII"
    ],
    "traits": [ "SUPER_SOLDIER_MARKER" ],
    "skills": [
      { "level": 3, "name": "electronics" },
      { "level": 3, "name": "mechanics" },
      { "level": 3, "name": "cooking" },
      { "level": 3, "name": "firstaid" },
      { "level": 3, "name": "fabrication" },
      { "level": 3, "name": "pistol" },
      { "level": 3, "name": "gun" }
    ],
    "items": {
      "both": {
        "items": [
          "undershirt",
          "arm_warmers",
          "leg_warmers",
          "pants_army",
          "jacket_army",
          "balclava",
          "beret",
          "gloves_liner",
          "gloves_tactical",
          "socks",
          "molle_pack",
          "boots_combat",
          "id_science",
          "chemistry_set"
        ],
        "entries": [ { "item": "neo_laser_pistol", "container-item": "holster" } ]
      },
      "male": [ "boxer_shorts" ],
      "female": [ "sports_bra", "boxer_shorts" ]
    },
    "flags": [ "SCEN_ONLY" ]
  },
  {
    "type": "profession",
    "ident": "bio_knight",
    "name": "超级主宰",
    "description": "超级士兵计划中的坦克产物，你是为数不多的重型作战步兵，拥有远程射击和高护甲生存能力。你可以在承受巨大伤害后以同样的方式回报给敌人。",
    "points": 12,
    "CBMs": [
      "bio_armor_eyes",
      "bio_armor_head",
      "bio_armor_torso",
      "bio_armor_arms",
      "bio_armor_legs",
      "bio_carbon",
      "bio_sword",
      "bio_sunglasses",
      "bio_ears",
      "bio_targeting",
      "bio_purifier",
      "bio_nanobots",
      "bio_painkiller",
      "bio_advreactor",
      "bio_plut_filter",
      "bio_radscrubber",
      "bio_power_armor_interface_mkII",
      "bio_ups",
      "bio_power_storage_mkII",
      "bio_power_storage_mkII"
    ],
    "traits": [ "SUPER_SOLDIER_MARKER" ],
    "skills": [
      { "level": 3, "name": "gun" },
      { "level": 3, "name": "rifle" },
      { "level": 3, "name": "melee" },
      { "level": 3, "name": "cutting" },
      { "level": 3, "name": "dodge" }
    ],
    "items": {
      "both": { "items": [ "hmil_armor" ], "entries": [ { "item": "krx_laser_lmg", "contents-item": [ "shoulder_strap" ] } ] },
      "male": [ "boxer_shorts" ],
      "female": [ "bra", "panties" ]
    },
    "flags": [ "SCEN_ONLY" ]
  },
  {
    "type": "profession",
    "ident": "sf_blade",
    "name": "奴隶斗士 (刀锋)",
    "description": "你拥有仿生刀片，还有增强的速度和反应能力，你可以在对手攻击你之前多次击中敌人。",
    "points": 6,
    "CBMs": [
      "bio_sword",
      "bio_shock",
      "bio_adrenaline",
      "bio_carbon",
      "bio_dex_enhancer",
      "bio_heat_absorb",
      "bio_speed",
      "bio_metabolics",
      "bio_power_storage_mkII",
      "bio_power_storage_mkII"
    ],
    "skills": [ { "level": 2, "name": "melee" }, { "level": 2, "name": "cutting" }, { "level": 2, "name": "dodge" } ],
    "items": {
      "both": [ "socks", "hat_cotton", "gloves_fingerless", "tshirt", "jeans", "boots" ],
      "male": [ "briefs" ],
      "female": [ "bra", "panties" ]
    },
    "flags": [ "SCEN_ONLY" ]
  },
  {
    "type": "profession",
    "ident": "sf_claw",
    "name": "奴隶斗士 (利爪)",
    "description": "你拥有仿生利爪，还有增强的速度和反应能力，你可以在对手攻击你之前直接撕碎敌人。",
    "points": 6,
    "CBMs": [
      "bio_claws",
      "bio_cqb",
      "bio_adrenaline",
      "bio_carbon",
      "bio_dex_enhancer",
      "bio_heat_absorb",
      "bio_metabolics",
      "bio_power_storage_mkII",
      "bio_power_storage_mkII"
    ],
    "skills": [
      { "level": 2, "name": "melee" },
      { "level": 2, "name": "unarmed" },
      { "level": 2, "name": "dodge" },
      { "level": 2, "name": "stabbing" },
      { "level": 2, "name": "bashing" }
    ],
    "items": {
      "both": [ "socks", "hat_cotton", "gloves_fingerless", "tshirt", "jeans", "boots" ],
      "male": [ "briefs" ],
      "female": [ "bra", "panties" ]
    },
    "flags": [ "SCEN_ONLY" ]
  },
  {
    "type": "profession",
    "ident": "sf_shock",
    "name": "奴隶斗士 (电击)",
    "description": "你拥有电击能力，可以使用电力攻击多个敌人，直到他们神经系统崩溃。",
    "points": 6,
    "CBMs": [
      "bio_chain_lightning",
      "bio_targeting",
      "bio_shock",
      "bio_faraday",
      "bio_eye_enhancer",
      "bio_carbon",
      "bio_metabolics",
      "bio_power_storage_mkII",
      "bio_power_storage_mkII"
    ],
    "skills": [ { "level": 2, "name": "gun" }, { "level": 2, "name": "rifle" }, { "level": 2, "name": "dodge" } ],
    "items": {
      "both": [ "socks", "hat_cotton", "gloves_fingerless", "tshirt", "jeans", "boots" ],
      "male": [ "briefs" ],
      "female": [ "bra", "panties" ]
    },
    "flags": [ "SCEN_ONLY" ]
  },
  {
    "type": "profession",
    "ident": "sf_weapon",
    "name": "奴隶斗士 (武器大师)",
    "description": "你被植入了许多被动的仿生学插件，他们可以帮助你增强战斗能力。你被训练使用不同的武器进行战斗，除开你的拳头以外，你甚至可以使用一只袜子。",
    "points": 6,
    "traits": [ "MARTIAL_ARTS_SURV" ],
    "CBMs": [
      "bio_razors",
      "bio_magnet",
      "bio_railgun",
      "bio_shock",
      "bio_flamethrower",
      "bio_targeting",
      "bio_eye_enhancer",
      "bio_dex_enhancer",
      "bio_str_enhancer",
      "bio_speed",
      "bio_carbon",
      "bio_heat_absorb",
      "bio_metabolics",
      "bio_power_storage_mkII",
      "bio_power_storage_mkII"
    ],
    "skills": [
      { "level": 2, "name": "melee" },
      { "level": 2, "name": "unarmed" },
      { "level": 2, "name": "stabbing" },
      { "level": 2, "name": "cutting" },
      { "level": 2, "name": "bashing" },
      { "level": 2, "name": "dodge" },
      { "level": 2, "name": "gun" },
      { "level": 2, "name": "rifle" },
      { "level": 2, "name": "shotgun" },
      { "level": 2, "name": "smg" },
      { "level": 2, "name": "pistol" },
      { "level": 2, "name": "launcher" },
      { "level": 2, "name": "archery" },
      { "level": 2, "name": "throw" }
    ],
    "items": {
      "both": [ "socks", "hat_cotton", "gloves_fingerless", "tshirt", "jeans", "boots" ],
      "male": [ "briefs" ],
      "female": [ "bra", "panties" ]
    },
    "flags": [ "SCEN_ONLY" ]
  }
]
