[
  {
    "type": "scenario",
    "name": "生物武器实验室",
    "description": "你醒来，你在哪里？你是谁？你是什么？！现在没关系了……你有一种不好的感觉……",
    "flags": [ "SUR_START", "SUM_START" ],
    "ident": "bio_weapon_lab",
    "points": 0,
    "start_name": "生物武器实验室",
    "allowed_locs": [ "Bio_Weapon_Lab_l" ],
    "professions": [ "bio_weapon_a", "bio_weapon_b", "bio_weapon_g", "bio_weapon_d" ],
    "forbidden_traits": [
      "EASYSLEEPER",
      "NONADDICTIVE",
      "ANIMALEMPATH",
      "CANNIBAL",
      "DEFT",
      "DISRESISTANT",
      "DRUNKEN",
      "HUNGER",
      "FASTHEALER",
      "FASTREADER",
      "FLEET",
      "GOODHEARING",
      "GOODMEMORY",
      "GOURMAND",
      "ADRENALINE",
      "INCONSPICUOUS",
      "GOODCARDIO",
      "WAKEFUL",
      "INFRESIST",
      "LIGHTEATER",
      "LIGHTSTEP",
      "MARTIAL_ARTS",
      "MASOCHIST",
      "MARTIAL_ARTS5",
      "NIGHTVISION",
      "OPTIMISTIC",
      "OUTDOORSMAN",
      "PACKMULE",
      "PAINRESIST",
      "PARKOUR",
      "POISRESIST",
      "PRETTY",
      "PSYCHOPATH",
      "QUICK",
      "ROBUST",
      "EAGLEEYED",
      "SELFAWARE",
      "MARTIAL_ARTS2",
      "MARTIAL_ARTS3",
      "LIAR",
      "SPIRITUAL",
      "STRONGBACK",
      "STRONGSTOMACH",
      "STYLISH",
      "TOLERANCE",
      "TERRIFYING",
      "THICKSKIN",
      "TOUGH",
      "TOUGH_FEET",
      "MARTIAL_ARTS4",
      "WEAKSCENT",
      "ADDICTIVE",
      "ALBINO",
      "ANIMALDISCORD",
      "ASTHMA",
      "BADKNEES",
      "BADBACK",
      "BADTEMPER",
      "CHEMIMBALANCE",
      "CLUMSY",
      "DISORGANIZED",
      "HYPEROPIC",
      "FLIMSY",
      "FORGETFUL",
      "FLIMSY3",
      "FLIMSY2",
      "GLASSJAW",
      "ANTIFRUIT",
      "MEATARIAN",
      "THIRST",
      "HOARDER",
      "ILLITERATE",
      "INSOMNIA",
      "JITTERY",
      "VEGETARIAN",
      "LACTOSE",
      "ANTIJUNK",
      "BADCARDIO",
      "LIGHTWEIGHT",
      "MOODSWINGS",
      "MYOPIC",
      "PACIFIST",
      "BADHEARING",
      "SAVANT",
      "SCHIZOPHRENIC",
      "SLEEPY",
      "SLOWHEALER",
      "SLOWREADER",
      "SLOWRUNNER",
      "SMELLY",
      "THINSKIN",
      "TRIGGERHAPPY",
      "TRUTHTELLER",
      "UGLY",
      "WEAKSTOMACH",
      "WOOLALLERGY",
      "ANTIWHEAT",
      "HEAVYSLEEPER",
      "FASTLEARNER",
      "SLOWLEARNER"
    ]
  },
  {
    "type": "scenario",
    "name": "真菌B.W.M.D",
    "description": "在粘液同化成功后，我们的种群系统被指示为真菌争取更多的领土。附近有敌对生物，小心行事。",
    "flags": [ "SUR_START", "AUT_START" ],
    "ident": "mycus_bwmd",
    "points": 2,
    "start_name": "真菌领地",
    "allowed_locs": [ "forest", "field" ],
    "professions": [ "mycus_weapon" ],
    "forbidden_traits": [
      "EASYSLEEPER",
      "NONADDICTIVE",
      "ANIMALEMPATH",
      "CANNIBAL",
      "DEFT",
      "DISRESISTANT",
      "DRUNKEN",
      "HUNGER",
      "FASTHEALER",
      "FASTREADER",
      "FLEET",
      "GOODHEARING",
      "GOODMEMORY",
      "GOURMAND",
      "ADRENALINE",
      "INCONSPICUOUS",
      "GOODCARDIO",
      "WAKEFUL",
      "INFRESIST",
      "LIGHTEATER",
      "LIGHTSTEP",
      "MARTIAL_ARTS",
      "MASOCHIST",
      "MARTIAL_ARTS5",
      "NIGHTVISION",
      "OPTIMISTIC",
      "OUTDOORSMAN",
      "PACKMULE",
      "PAINRESIST",
      "PARKOUR",
      "POISRESIST",
      "PRETTY",
      "PSYCHOPATH",
      "QUICK",
      "ROBUST",
      "EAGLEEYED",
      "SELFAWARE",
      "MARTIAL_ARTS2",
      "MARTIAL_ARTS3",
      "LIAR",
      "SPIRITUAL",
      "STRONGBACK",
      "STRONGSTOMACH",
      "STYLISH",
      "TOLERANCE",
      "TERRIFYING",
      "THICKSKIN",
      "TOUGH",
      "TOUGH_FEET",
      "MARTIAL_ARTS4",
      "WEAKSCENT",
      "ADDICTIVE",
      "ALBINO",
      "ANIMALDISCORD",
      "ASTHMA",
      "BADKNEES",
      "BADBACK",
      "BADTEMPER",
      "CHEMIMBALANCE",
      "CLUMSY",
      "DISORGANIZED",
      "HYPEROPIC",
      "FLIMSY",
      "FORGETFUL",
      "FLIMSY3",
      "FLIMSY2",
      "GLASSJAW",
      "ANTIFRUIT",
      "MEATARIAN",
      "THIRST",
      "HOARDER",
      "ILLITERATE",
      "INSOMNIA",
      "JITTERY",
      "VEGETARIAN",
      "LACTOSE",
      "ANTIJUNK",
      "BADCARDIO",
      "LIGHTWEIGHT",
      "MOODSWINGS",
      "MYOPIC",
      "PACIFIST",
      "BADHEARING",
      "SAVANT",
      "SCHIZOPHRENIC",
      "SLEEPY",
      "SLOWHEALER",
      "SLOWREADER",
      "SLOWRUNNER",
      "SMELLY",
      "THINSKIN",
      "TRIGGERHAPPY",
      "TRUTHTELLER",
      "UGLY",
      "WEAKSTOMACH",
      "WOOLALLERGY",
      "ANTIWHEAT",
      "HEAVYSLEEPER",
      "FASTLEARNER",
      "SLOWLEARNER"
    ]
  },
  {
    "type": "scenario",
    "name": "准备者家庭",
    "description": "你知道有什么事情正在发生，你准备好了。当死亡降临时，你知道该做什么。现在你已经封锁了你的房子，是时候把你的计划付诸行动了。",
    "ident": "prep_house",
    "points": 2,
    "start_name": "封闭的房子",
    "allowed_locs": [ "boarded_house" ],
    "professions": [ "survivalist", "jr_survivalist", "bionic_prepper", "prepper" ]
  },
  {
    "type": "scenario",
    "name": "自由的奴隶斗士",
    "description": "你一生都在做实验，为了取悦你的主人而被迫与他人作斗争。从来没有见过太阳，外面的大灾变给了你自由的机会，现在你必须逃离你的战友……",
    "flags": [ "CHALLENGE" ],
    "ident": "house_fight_scenario",
    "points": -2,
    "start_name": "简陋的房子",
    "allowed_locs": [ "house_fight_s" ],
    "professions": [ "sf_blade", "sf_claw", "sf_shock", "sf_weapon" ]
  },
  {
    "copy-from": "missed",
    "type": "scenario",
    "ident": "missed",
    "traits": [ "MARTIAL_ARTS_SURV" ]
  },
  {
    "copy-from": "summer_advanced_start",
    "type": "scenario",
    "ident": "summer_advanced_start",
    "traits": [ "MARTIAL_ARTS_SURV" ]
  },
  {
    "copy-from": "ambushed",
    "type": "scenario",
    "ident": "ambushed",
    "traits": [ "MARTIAL_ARTS_SURV" ]
  },
  {
    "copy-from": "wilderness",
    "type": "scenario",
    "extend": { "allowed_locs": [ "surv_camp_l" ] },
    "ident": "wilderness"
  },
  {
    "copy-from": "heli_crash",
    "type": "scenario",
    "extend": { "map_special": "mx_helicopter", "professions": [ "bio_infantry", "bio_scout", "bio_knight", "bio_tool" ] },
    "ident": "heli_crash"
  }
]
