[{
  "//": "Clothing purely made out of blood sheets.",
  "id": "blood_suit",
  "type": "ARMOR",
  "category": "armor",
  "name": "blood suit",
  "description": "A lightweight, blood red suit made completely of blood compact sheets and designed to be worn under your clothes. Protects vital extremeties.",
  "weight": 685,
  "volume": 3,
  "price": 0,
  "to_hit": -1,
  "bashing": 3,
  "material": ["compactblood"],
  "symbol": "[",
  "color": "red",
  "covers": ["TORSO", "ARMS", "LEGS"],
  "coverage": 100,
  "encumbrance": 5,
  "warmth": 10,
  "material_thickness": 2,
  "environmental_protection": 4,
  "flags": ["WATERPROOF", "STURDY", "SKINTIGHT"]
 }, {
  "id": "blood_hood",
  "type": "ARMOR",
  "category": "armor",
  "name": "blood leather hood",
  "description": "Hood made from compact blood and leather, this is tough and provides decent protection from damage.",
  "weight": 745,
  "volume": 5,
  "price": 0,
  "to_hit": -1,
  "bashing": 9,
  "material": ["compactblood", "leather", "cotton"],
  "symbol": "[",
  "color": "red",
  "covers": ["HEAD"],
  "coverage": 100,
  "encumbrance": 15,
  "warmth": 20,
  "material_thickness": 4,
  "environmental_protection": 4,
  "flags": ["VARSIZE", "WATERPROOF", "STURDY", "OUTER", "HOOD"]
 }, {
  "id": "blood_duster",
  "type": "ARMOR",
  "category": "armor",
  "name": "blood leather duster",
  "description": "Consists of blood compact sheets and leather. This fleshy duster provides good storage and cotton lining for warmth.",
  "weight": 1997,
  "volume": 34,
  "price": 0,
  "to_hit": -1,
  "material": ["compactblood", "leather", "cotton"],
  "symbol": "[",
  "color": "red",
  "covers": ["TORSO", "ARMS", "LEGS"],
  "coverage": 85,
  "encumbrance": 10,
  "storage": 32,
  "warmth": 20,
  "material_thickness": 4,
  "environmental_protection": 5,
  "flags": ["VARSIZE", "POCKETS", "HOOD", "COLLAR", "STURDY", "WATERPROOF", "RAINPROOF", "OUTER"]
 }, {
  "id": "blood_gloves",
  "type": "ARMOR",
  "category": "armor",
  "name": "pair of blood leather gloves",
  "description": "A combination of blood compact sheets and leather. This pair of velvet gloves offer great protection against environment.",
  "weight": 230,
  "volume": 2,
  "price": 0,
  "to_hit": 2,
  "material": ["compactblood", "leather"],
  "symbol": "[",
  "color": "red",
  "covers": ["HANDS"],
  "coverage": 100,
  "encumbrance": 10,
  "warmth": 15,
  "material_thickness": 3,
  "environmental_protection": 4,
  "flags": ["VARSIZE", "WATERPROOF", "STURDY"]
 }, {
  "id": "blood_pants",
  "type": "ARMOR",
  "category": "armor",
  "name": "blood leather pants",
  "description": "A pair of pants created from leather and blood compact sheets. Offers decent protection.",
  "weight": 1920,
  "volume": 9,
  "price": 0,
  "material": ["compactblood", "leather"],
  "symbol": "[",
  "color": "red",
  "covers": ["LEGS"],
  "coverage": 100,
  "encumbrance": 10,
  "warmth": 15,
  "material_thickness": 4,
  "environmental_protection": 4,
  "flags": ["VARSIZE", "STURDY", "WATERPROOF"]
 }, {
  "id": "blood_boots",
  "type": "ARMOR",
  "category": "armor",
  "name": "pair of blood leather boots",
  "description": "Pair of boots made from tough leather and blood compact sheets. It's a great choice for rough journeys.",
  "weight": 1030,
  "volume": 10,
  "price": 0,
  "to_hit": -1,
  "bashing": 2,
  "material": ["compactblood", "leather"],
  "symbol": "[",
  "color": "red",
  "covers": ["FEET"],
  "coverage": 100,
  "encumbrance": 15,
  "warmth": 20,
  "material_thickness": 3,
  "environmental_protection": 3,
  "flags": ["VARSIZE", "WATERPROOF", "STURDY"]
 }
]
