[
  {
    "id": "nanite_core_1",
    "type": "TOOL",
    "symbol": ";",
    "color": "light_cyan",
    "name": "纳米科技精通 I",
    "description": "包含如何使用纳米科技和制作纳米物品的知识.",
    "looks_like": "bio_power_storage",
    "price": 8000,
    "material": [ "steel", "plastic" ],
    "weight": 269,
    "volume": 8,
    "bashing": 3,
    "cutting": 0,
    "to_hit": -1,
    "flags": [ "TRADER_AVOID" ],
    "book_data" : {
      "max_level" : 3,
      "intelligence" : 14,
      "time" : 60,
      "fun" : -1,
      "skill" : "computer",
      "required_level" : 0
    },
    "qualities": [ ["NANOTECH", 1] ]
  },{
    "id": "nanite_guide",
    "type": "TOOL",
    "symbol": ";",
    "color": "light_cyan",
    "name": "纳米科技入门",
    "description": "包含纳米科技的基础入门知识.",
    "looks_like": "bio_power_storage",
    "price": 8000,
    "material": [ "steel", "plastic" ],
    "weight": 100,
    "volume": 9,
    "bashing": 3,
    "cutting": 0,
    "to_hit": -1,
    "flags": [ "TRADER_AVOID" ],
    "book_data" : {
      "max_level" : 3,
      "intelligence" : 8,
      "time" : 60,
      "fun" : -1,
      "skill" : "computer",
      "required_level" : 0
    }
  },{
    "id": "nanite_core_2",
    "type": "TOOL",
    "symbol": ";",
    "color": "light_blue",
    "name": "纳米科技精通 II",
    "description": "包含如何使用纳米科技和制作纳米物品的知识.",
    "looks_like": "bio_power_storage",
    "price": 8000,
    "material": [ "steel", "plastic" ],
    "weight": 269,
    "volume": 8,
    "bashing": 3,
    "cutting": 0,
    "to_hit": -1,
    "flags": [ "TRADER_AVOID" ],
    "book_data" : {
      "max_level" : 5,
      "intelligence" : 14,
      "time" : 60,
      "fun" : -1,
      "skill" : "computer",
      "required_level" : 0
    },
    "qualities": [ ["NANOTECH", 2] ]
  },{
    "id": "nanite_core_3",
    "type": "TOOL",
    "symbol": ";",
    "color": "cyan",
    "name": "纳米科技精通 III",
    "description": "包含如何使用纳米科技和制作纳米物品的知识.",
    "looks_like": "bio_power_storage",
    "price": 8000,
    "material": [ "steel", "plastic" ],
    "weight": 269,
    "volume": 8,
    "bashing": 2,
    "cutting": 0,
    "to_hit": -1,
    "flags": [ "TRADER_AVOID" ],
    "book_data" : {
      "max_level" : 7,
      "intelligence" : 14,
      "time" : 60,
      "fun" : -1,
      "skill" : "computer",
      "required_level" : 0
    },
    "qualities": [ ["NANOTECH", 3] ]
  },{
    "id": "nanite_core_4",
    "type": "TOOL",
    "symbol": ";",
    "color": "blue",
    "name": "纳米科技精通 IV",
    "description": "包含如何使用纳米科技和制作纳米物品的知识.",
    "looks_like": "bio_power_storage",
    "price": 8000,
    "material": [ "steel", "plastic" ],
    "weight": 269,
    "volume": 8,
    "bashing": 0,
    "cutting": 0,
    "to_hit": -1,
    "flags": [ "TRADER_AVOID" ],
    "book_data" : {
      "max_level" : 9,
      "intelligence" : 14,
      "time" : 60,
      "fun" : -1,
      "skill" : "computer",
      "required_level" : 0
    },
    "qualities": [ ["NANOTECH", 4] ]
  },{
    "id": "ai_core",
    "type": "TOOL",
    "symbol": ";",
    "color": "light_green",
    "name": "人工智能核心(实验)",
    "description": "实验性人工智能核心,曾经用于高端研究任务.",
    "looks_like": "bio_power_storage",
    "price": 12000,
    "material": [ "steel", "plastic" ],
    "weight": 269,
    "volume": 8,
    "bashing": 3,
    "cutting": 0,
    "to_hit": -1,
    "book_data" : {
      "max_level" : 3,
      "intelligence" : 14,
      "time" : 60,
      "fun" : -1,
      "skill" : "computer",
      "required_level" : 0
    },
    "flags": [ "TRADER_AVOID" ]
  },{
    "id": "ai_core_blank",
    "type": "TOOL",
    "symbol": ";",
    "color": "green",
    "name": "人工智能核心(空白)",
    "description": "人工智能核心,目前是空白的,可以写入新的智能.",
    "looks_like": "bio_power_storage",
    "price": 12000,
    "material": [ "steel", "plastic" ],
    "weight": 269,
    "volume": 8,
    "bashing": 3,
    "cutting": 0,
    "to_hit": -1,
    "flags": [ "TRADER_AVOID" ]
  }
]