[
  {
    "type": "mapgen",
    "method": "json",
    "om_terrain": [ "house_fight" ],
    "weight": 1000,
    "object": {
      "//": "This npcs know fighting and killing...",
      "rows": [
        "||||||w||||--||||w||||||",
        "| {f|              |f{ |",
        "|   +              +   |",
        "|#  +  ||||++||||  +  #|",
        "|#d |  |BBB  BBB|  | d#|",
        "|||||  |        |  |||||",
        "| {f|  |bbbbbbbb|  |f{ |",
        "|   +  |r      r|  +   |",
        "|#  +  |r      r|  +  #|",
        "|#d |  +        +  | d#|",
        "|||||  +        +  |||||",
        "|C& +  |r      r|  +  &|",
        "|o  +  |r      r|  +   |",
        "|||||  |bbbbbbbb|  |||||",
        "|#d |  |        |  | d#|",
        "|#  +  |BBB  BBB|  +  #|",
        "|   +  ||||++||||  +   |",
        "| {f|              |f{ |",
        "|||||              |||||",
        "|#d |  ||D||||D||  | d#|",
        "|#  +  |{ {||{ {|  +  #|",
        "|   +  |c {||{ c|  +   |",
        "| {f|  |c {||{ c|  |f{ |",
        "||||||w||||||||||w||||||"
      ],
      "terrain": {
        " ": "t_floor",
        "#": "t_floor",
        "&": "t_floor",
        "+": "t_door_c",
        "-": "t_rdoor_boarded",
        "B": "t_floor",
        "C": "t_floor",
        "D": "t_door_locked_interior",
        "b": "t_bars",
        "c": "t_floor",
        "d": "t_floor",
        "f": "t_floor",
        "o": "t_floor",
        "r": "t_floor",
        "w": "t_window_enhanced",
        "{": "t_floor",
        "|": "t_wall"
      },
      "furniture": {
        "#": "f_bed",
        "&": "f_sink",
        "B": "f_bench",
        "C": "f_cupboard",
        "a": "f_bench",
        "c": "f_counter",
        "d": "f_dresser",
        "f": "f_fridge",
        "l": "f_locker",
        "o": "f_oven",
        "r": "f_rack",
        "{": "f_locker"
      },
      "place_toilets": [ { "x": 22, "y": 12 } ],
      "place_items": [
        { "item": "bed", "x": 22, "y": [ 3, 4 ], "chance": 80, "repeat": [ 2, 4 ] },
        { "item": "bed", "x": 1, "y": [ 3, 4 ], "chance": 80, "repeat": [ 2, 4 ] },
        { "item": "bed", "x": 22, "y": [ 8, 9 ], "chance": 80, "repeat": [ 2, 4 ] },
        { "item": "bed", "x": 1, "y": [ 8, 9 ], "chance": 80, "repeat": [ 2, 4 ] },
        { "item": "bed", "x": 22, "y": [ 14, 15 ], "chance": 80, "repeat": [ 2, 4 ] },
        { "item": "bed", "x": 1, "y": [ 14, 15 ], "chance": 80, "repeat": [ 2, 4 ] },
        { "item": "bed", "x": 22, "y": [ 19, 20 ], "chance": 80, "repeat": [ 2, 4 ] },
        { "item": "bed", "x": 1, "y": [ 19, 20 ], "chance": 80, "repeat": [ 2, 4 ] },
        { "item": "sketchy_cabin_weapons", "x": 15, "y": [ 11, 12 ], "chance": 50, "repeat": [ 1, 5 ] },
        { "item": "sketchy_cabin_weapons", "x": 8, "y": [ 11, 12 ], "chance": 50, "repeat": [ 1, 5 ] },
        { "item": "sketchy_cabin_weapons", "x": 15, "y": [ 7, 8 ], "chance": 50, "repeat": [ 1, 5 ] },
        { "item": "sketchy_cabin_weapons", "x": 8, "y": [ 7, 8 ], "chance": 50, "repeat": [ 1, 5 ] },
        { "item": "gear_medical", "x": 8, "y": 20, "chance": 90, "repeat": [ 5, 10 ] },
        { "item": "gear_medical", "x": 15, "y": 20, "chance": 90, "repeat": [ 5, 10 ] },
        { "item": "tools_medical", "x": 15, "y": [ 21, 22 ], "chance": 90, "repeat": [ 1, 5 ] },
        { "item": "tools_medical", "x": 8, "y": [ 21, 22 ], "chance": 90, "repeat": [ 1, 5 ] },
        { "item": "science", "x": 13, "y": 20, "chance": 100, "repeat": [ 1, 5 ] },
        { "item": "science", "x": 10, "y": 20, "chance": 100, "repeat": [ 1, 5 ] },
        { "item": "dresser", "x": 21, "y": 4, "chance": 90, "repeat": [ 10, 15 ] },
        { "item": "dresser", "x": 2, "y": 4, "chance": 90, "repeat": [ 10, 15 ] },
        { "item": "dresser", "x": 21, "y": 9, "chance": 90, "repeat": [ 10, 15 ] },
        { "item": "dresser", "x": 2, "y": 9, "chance": 90, "repeat": [ 10, 15 ] },
        { "item": "dresser", "x": 21, "y": 14, "chance": 90, "repeat": [ 10, 15 ] },
        { "item": "dresser", "x": 2, "y": 14, "chance": 90, "repeat": [ 10, 15 ] },
        { "item": "dresser", "x": 21, "y": 19, "chance": 90, "repeat": [ 10, 15 ] },
        { "item": "dresser", "x": 2, "y": 19, "chance": 90, "repeat": [ 10, 15 ] },
        { "item": "fridge", "x": 20, "y": 22, "chance": 90, "repeat": [ 8, 12 ] },
        { "item": "fridge", "x": 3, "y": 22, "chance": 90, "repeat": [ 8, 12 ] },
        { "item": "fridge", "x": 20, "y": 17, "chance": 90, "repeat": [ 8, 12 ] },
        { "item": "fridge", "x": 3, "y": 17, "chance": 90, "repeat": [ 8, 12 ] },
        { "item": "fridge", "x": 20, "y": 6, "chance": 90, "repeat": [ 8, 12 ] },
        { "item": "fridge", "x": 3, "y": 6, "chance": 90, "repeat": [ 8, 12 ] },
        { "item": "fridge", "x": 20, "y": 1, "chance": 90, "repeat": [ 8, 12 ] },
        { "item": "fridge", "x": 3, "y": 1, "chance": 90, "repeat": [ 8, 12 ] },
        { "item": "bionics", "x": 13, "y": [ 21, 22 ], "chance": 90, "repeat": [ 1, 5 ] },
        { "item": "bionics", "x": 10, "y": [ 21, 22 ], "chance": 90, "repeat": [ 1, 5 ] },
        { "item": "oven", "x": 1, "y": 12, "chance": 90, "repeat": [ 2, 4 ] },
        { "item": "dojo_manuals", "x": 21, "y": 22, "chance": 70, "repeat": [ 1, 5 ] },
        { "item": "dojo_manuals", "x": 2, "y": 22, "chance": 70, "repeat": [ 1, 5 ] },
        { "item": "dojo_manuals", "x": 21, "y": 17, "chance": 70, "repeat": [ 1, 5 ] },
        { "item": "dojo_manuals", "x": 2, "y": 17, "chance": 70, "repeat": [ 1, 5 ] },
        { "item": "dojo_manuals", "x": 21, "y": 6, "chance": 70, "repeat": [ 1, 5 ] },
        { "item": "dojo_manuals", "x": 2, "y": 6, "chance": 70, "repeat": [ 1, 5 ] },
        { "item": "dojo_manuals", "x": 21, "y": 1, "chance": 70, "repeat": [ 1, 5 ] },
        { "item": "dojo_manuals", "x": 2, "y": 1, "chance": 70, "repeat": [ 1, 5 ] }
      ],
      "place_npcs": [
        { "class": "slave_fight_ally", "x": 3, "y": 3 },
        { "class": "slave_fight", "x": 9, "y": 5 },
        { "class": "slave_fight_ally", "x": 17, "y": 2 },
        { "class": "slave_fight", "x": 21, "y": 3 },
        { "class": "slave_fight_ally", "x": 3, "y": 20 },
        { "class": "slave_fight", "x": 9, "y": 17 },
        { "class": "slave_fight_ally", "x": 17, "y": 22 },
        { "class": "slave_fight", "x": 21, "y": 21 },
        { "class": "slave_fight", "x": 10, "y": 8 }
      ]
    }
  }
]
