[
  {
    "type": "mapgen",
    "method": "json",
    "om_terrain": [ "new_fungal_territory" ],
    "weight": 1000,
    "object": {
      "rows": [
        ",,,,,,.,,,,.,,,,,,,.,,,,",
        ",,,.j,,,.j,,,.,..,,,,j,,",
        ",,,,,,,..,,,,f,,,f.,,,,.",
        ",,,,,f,,,f,,,,..,,,,f,,,",
        ",,,,f,,.,,,,..,h,,..,,,,",
        ",,,..,,,,,,f,,,,..,f,,..",
        ",,,,f,,,,,g.,,,,.,,,,,,,",
        ",,,..,f,,,,,,..f,,,,,,,.",
        ",,,j,,,..,,,,.,,,,,h,,..",
        ",,,..,,,,,,f,,,g,,,,,,,.",
        "..,,,,,f,,.,,,,.,,,,f,,.",
        ",,,,,,,,,,,,,,,,f,.,,,,.",
        ",,,f,,,,j,,h,,,,,,,f,,,.",
        ",,,..,,,,,,,,..f,,,,,,,.",
        ",,,,.g,,,,..,,,,f.,,,,..",
        ",,,.,,,,,,,f,,,,,,,.g,,,",
        ",,,,,,,f.,,,,.,,f,.,,,,.",
        ",,,h.,,,,.,j,,..,h,,,,,,",
        ",,,..,,g,,,,,,,,,..,,f,.",
        "..,f,,..,,,,,,f,,,,.,,,,",
        ",,,..,..,,,f.,..,j,,g,,.",
        ",,,,,f.,,f,.,,h,,,,,,,,.",
        ",,,..,,,,,,,,,,,,,,,f,,.",
        ",,,.,f,,.j,,,,j,,,,,,,,,"
      ],
      "terrain": {
        " ": "t_null",
        ",": "t_grass",
        ".": "t_dirt",
        "f": "t_fungus_wall",
        "g": "t_fungus",
        "h": "t_tree_fungal_young",
        "j": "t_shrub_fungal"
      },
      "place_loot": [ { "group": "dead_slave_fighters", "x": [ 1, 22 ], "y": [ 9, 12 ], "repeat": [ 2, 5 ] } ],
      "place_monsters": [ { "monster": "GROUP_FUNGI", "x": [ 0, 23 ], "y": [ 0, 23 ], "repeat": [ 2, 4 ], "density": 0.2 } ],
      "place_monster": [ { "monster": "mon_fungaloid_queen", "x": 10, "y": 15 } ]
    }
  }
]
