[
  {
    "id": "Survivor_Holdout_1",
    "type": "overmap_terrain",
    "name": "幸存者避难所",
    "sym": 72,
    "color": "i_red",
    "see_cost": 5,
    "extras": "build"
  },
  {
    "id": "surv_camp",
    "type": "overmap_terrain",
    "name": "森林",
    "//": "Designed to look like a normal forest.",
    "sym": 70,
    "color": "green",
    "see_cost": 5,
    "mondensity": 0,
    "extras": "build",
    "flags": [ "NO_ROTATE" ]
  },
  {
    "id": "surv_emcampz",
    "type": "overmap_terrain",
    "name": "幸存者营地",
    "sym": 67,
    "color": "light_green",
    "see_cost": 5,
    "mondensity": 0,
    "extras": "build",
    "flags": [ "NO_ROTATE" ]
  },
  {
    "id": "surv_emcampb",
    "type": "overmap_terrain",
    "name": "幸存者营地",
    "sym": 67,
    "color": "light_green",
    "see_cost": 5,
    "mondensity": 0,
    "extras": "build",
    "flags": [ "NO_ROTATE" ]
  },
  {
    "id": "surv_emcampn",
    "type": "overmap_terrain",
    "name": "幸存者营地",
    "sym": 67,
    "color": "light_green",
    "see_cost": 5,
    "mondensity": 0,
    "extras": "build",
    "flags": [ "NO_ROTATE" ]
  },
  {
    "id": "surv_emcampnp",
    "type": "overmap_terrain",
    "name": "幸存者营地",
    "sym": 67,
    "color": "light_green",
    "see_cost": 5,
    "mondensity": 0,
    "extras": "build",
    "flags": [ "NO_ROTATE" ]
  },
  {
    "id": "Bio_Weapon_Lab_1",
    "type": "overmap_terrain",
    "name": "停车场",
    "sym": 79,
    "color": "dark_gray",
    "see_cost": 2,
    "allow_road": true,
    "extras": "field"
  },
  {
    "id": "Bio_Weapon_Lab_2",
    "type": "overmap_terrain",
    "name": "生物武器实验室",
    "sym": 76,
    "color": "light_blue",
    "see_cost": 5
  },
  {
    "id": "Bio_Weapon_Lab_b",
    "type": "overmap_terrain",
    "name": "生物武器实验室",
    "sym": 76,
    "color": "light_blue",
    "see_cost": 5
  },
  {
    "id": "Unknown_Lab_1",
    "type": "overmap_terrain",
    "name": "停车场",
    "sym": 79,
    "color": "dark_gray",
    "see_cost": 2,
    "allow_road": true,
    "extras": "field"
  },
  {
    "id": "Unknown_Lab_2",
    "type": "overmap_terrain",
    "name": "停车场",
    "sym": 79,
    "color": "dark_gray",
    "see_cost": 2,
    "extras": "field"
  },
  {
    "id": "Unknown_Lab_3",
    "type": "overmap_terrain",
    "name": "dormitories",
    "sym": 76,
    "color": "light_blue",
    "see_cost": 5,
    "extras": "build"
  },
  {
    "id": "Unknown_Lab_4",
    "type": "overmap_terrain",
    "name": "未知掩体",
    "sym": 66,
    "color": "light_blue",
    "see_cost": 5
  },
  {
    "id": "Unknown_Lab_b1",
    "type": "overmap_terrain",
    "name": "未知实验室",
    "sym": 76,
    "color": "light_blue",
    "see_cost": 5
  },
  {
    "id": "Unknown_Lab_b2",
    "type": "overmap_terrain",
    "name": "未知实验室",
    "sym": 76,
    "color": "light_blue",
    "see_cost": 5
  },
  {
    "id": "Unknown_Lab_b3",
    "type": "overmap_terrain",
    "name": "未知实验室",
    "sym": 76,
    "color": "light_blue",
    "see_cost": 5
  },
  {
    "id": "Unknown_Lab_b4",
    "type": "overmap_terrain",
    "name": "未知实验室",
    "sym": 76,
    "color": "light_blue",
    "see_cost": 5
  },
  {
    "id": "makeshift_command_center_1",
    "type": "overmap_terrain",
    "name": "停车场",
    "sym": 79,
    "color": "dark_gray",
    "see_cost": 2,
    "allow_road": true,
    "extras": "field"
  },
  {
    "id": "makeshift_command_center_2",
    "type": "overmap_terrain",
    "name": "临时指挥中心",
    "sym": 67,
    "color": "blue",
    "see_cost": 5
  },
  {
    "id": "makeshift_command_center_b",
    "type": "overmap_terrain",
    "name": "临时指挥中心",
    "sym": 67,
    "color": "blue",
    "see_cost": 5
  },
  {
    "id": "b_field",
    "type": "overmap_terrain",
    "name": "旷野",
    "sym": 46,
    "color": "brown",
    "see_cost": 2,
    "mondensity": 0,
    "allow_road": true,
    "extras": "field",
    "flags": [ "NO_ROTATE" ]
  },
  {
    "id": "house_fight",
    "type": "overmap_terrain",
    "name": "简陋小屋",
    "sym": 67,
    "color": "i_red",
    "see_cost": 5,
    "mondensity": 0,
    "extras": "build",
    "flags": [ "NO_ROTATE" ]
  },
  {
    "id": "forest_slaghter",
    "type": "overmap_terrain",
    "name": "森林",
    "//": "Designed to look like a normal forest.",
    "sym": 70,
    "color": "green",
    "see_cost": 5,
    "mondensity": 0,
    "extras": "build",
    "flags": [ "NO_ROTATE" ]
  },
  {
    "id": "plain_slaughter1",
    "type": "overmap_terrain",
    "name": "旷野",
    "//": "Designed to look like a normal plain tile.",
    "sym": 46,
    "color": "brown",
    "see_cost": 5,
    "mondensity": 0,
    "extras": "build",
    "flags": [ "NO_ROTATE" ]
  },
  {
    "id": "plain_slaughter2",
    "type": "overmap_terrain",
    "name": "旷野",
    "//": "Designed to look like a normal plain tile.",
    "sym": 46,
    "color": "brown",
    "see_cost": 5,
    "mondensity": 0,
    "extras": "build",
    "flags": [ "NO_ROTATE" ]
  },
  {
    "id": "new_fungal_territory",
    "type": "overmap_terrain",
    "name": "真菌领域",
    "sym": 116,
    "color": "cyan",
    "see_cost": 5,
    "mondensity": 0,
    "extras": "build",
    "flags": [ "NO_ROTATE" ]
  }
]
