[
    {
        "type" : "construction",
        "description" : "建造石砧",
        "category" : "FURN",
        "required_skills" : [ [ "fabrication", 4 ], [ "survival", 2 ] ],
        "time" : 120,
        "qualities": [ [ { "id": "HAMMER", "level": 2 } ] ],
        "tools" : [
            [ [ "pickaxe", -1 ], [ "jackhammer", 30 ], [ "elec_jackhammer", 30 ] ]
        ],
        "pre_terrain" : "f_boulder_medium",
        "post_terrain" : "f_anvil_stone"
    },
    {
        "type" : "construction",
        "description" : "建造石砧",
        "category" : "FURN",
        "required_skills" : [ [ "fabrication", 4 ], [ "survival", 2 ] ],
        "time" : 120,
        "qualities": [ [ { "id": "HAMMER", "level": 2 } ] ],
        "tools" : [
            [ [ "pickaxe", -1 ], [ "jackhammer", 30 ], [ "elec_jackhammer", 30 ] ]
        ],
        "pre_terrain" : "f_boulder_large",
        "post_terrain" : "f_anvil_stone"
    }
]
