[
  {
    "type" : "GENERIC",
    "id" : "chunk_copper",
    "category" : "spare_parts",
    "price" : 100,
    "name" : "铜矿石",
    "name_plural" : "铜矿石",
    "symbol" : "*",
    "color" : "light_red",
    "description" : "一块很大的铜, 纯天然无加工.  它只需要加工成更实用的形状.",
    "material" : "copper",
    "volume" : 4,
    "//" : "Density of one liter of copper, item is native metal.",
    "weight" : 8960,
    "bashing" : 2,
    "ammo_type" : "components"
  },
  {
    "type" : "GENERIC",
    "id" : "chunk_silver",
    "category" : "spare_parts",
    "price" : 500,
    "name" : "银矿石",
    "name_plural" : "银矿石",
    "symbol" : "*",
    "color" : "light_gray",
    "description" : "一块很大的银, 纯天然无加工.  它只需要加工成更实用的形状.",
    "material" : "silver",
    "volume" : 4,
    "//" : "Density of one liter of silver, item is native metal.",
    "weight" : 10490,
    "bashing" : 3,
    "ammo_type" : "components"
  },
  {
    "type" : "GENERIC",
    "id" : "chunk_gold",
    "category" : "spare_parts",
    "price" : 1500,
    "name" : "金矿石",
    "name_plural" : "金矿石",
    "symbol" : "*",
    "color" : "yellow",
    "description" : "一块很大的自然金, 一个罕见的发现.  它只需要加工成更实用的形状.",
    "material" : "gold",
    "volume" : 4,
    "//" : "Density of one liter of gold, item is native metal.  Massivelly heavy.",
    "weight" : 19320,
    "bashing" : 4,
    "ammo_type" : "components"
  },
  {
    "type" : "GENERIC",
    "id" : "chunk_aluminum",
    "category" : "spare_parts",
    "price" : 100,
    "name" : "铝矿石",
    "name_plural" : "铝矿石",
    "symbol" : "*",
    "color" : "white",
    "description" : "一块很大的天然铝, 在提炼方法被发明之前,这就是无价之宝.它需要浇铸成锭.",
    "material" : "aluminum",
    "volume" : 4,
    "//" : "Density of one liter of aluminum, item is native metal.",
    "weight" : 2700,
    "bashing" : 1,
    "ammo_type" : "components"
  },
  {
    "type" : "GENERIC",
    "id" : "chunk_cassiterite",
    "category" : "spare_parts",
    "price" : 300,
    "name" : "锡矿石",
    "name_plural" : "锡矿石",
    "symbol" : "*",
    "color" : "brown",
    "description" : "一块很大的锡石, 锡矿石.  它只需要加工成更实用的形状.",
    "material" : "stone",
    "volume" : 4,
    "//" : "One liter, roughly 6.26 grams per cubic centimeter.",
    "weight" : 6260,
    "bashing" : 2,
    "ammo_type" : "components"
  },
  {
    "type" : "GENERIC",
    "id" : "chunk_galena",
    "category" : "spare_parts",
    "price" : 250,
    "name" : "方铅矿石",
    "name_plural" : "方铅矿石",
    "symbol" : "*",
    "color" : "white",
    "description" : "一块很大的方铅矿, 含有少量银的铅矿石.  它只需要加工成更实用的形状.",
    "material" : "stone",
    "volume" : 4,
    "//" : "One liter, roughly 7.6 grams per cubic centimeter.",
    "weight" : 7600,
    "bashing" : 3,
    "ammo_type" : "components"
  },
  {
    "type" : "GENERIC",
    "id" : "chunk_hematite",
    "category" : "spare_parts",
    "price" : 250,
    "name" : "铁矿石",
    "name_plural" : "铁矿石",
    "symbol" : "*",
    "color" : "brown",
    "description" : "一块很大的赤铁矿, 铁矿石.  它只需要加工成更实用的形状.",
    "material" : "stone",
    "volume" : 4,
    "//" : "One liter, roughly 5.04 grams per cubic centimeter.",
    "weight" : 5040,
    "bashing" : 2,
    "ammo_type" : "components"
  },
  {
    "id": "pickaxe_copper",
    "type": "TOOL",
    "name": "铜镐",
    "description": "这是一个手工制作的铜鹤嘴锄,适用于挖掘坚硬的东西或(有足够的技巧)坚硬的目标.甚至挖穿地球!",
    "sub": "pickaxe",
    "weight": 6350,
    "volume": 12,
    "price": 1600,
    "to_hit": -3,
    "bashing": 12,
    "cutting": 4,
    "material": [ "wood", "copper" ],
    "symbol": "/",
    "color": "light_red",
    "use_action": "PICKAXE",
    "flags": [ "SPEAR", "NONCONDUCTIVE", "FRAGILE_MELEE" ]
  },
  {
    "id": "pickaxe_bone",
    "type": "TOOL",
    "name": "骨镐",
    "description": "这是一种原始的鹤嘴锄,传统上是用鹿角或骨头做成的,火硬化后硬度更大.它在使用过程中会磨损,但仍然挖穿地球!",
    "sub": "jackhammer",
    "weight": 760,
    "volume": 10,
    "price": 800,
    "to_hit": -3,
    "bashing": 10,
    "cutting": 3,
    "material": [ "wood" ],
    "symbol": "/",
    "color": "white",
    "initial_charges": 90,
    "max_charges": 90,
    "charges_per_use": 10,
    "use_action": "PICKAXE",
    "flags": [ "SPEAR", "FRAGILE" ]
  },
  {
    "id": "boulder_anvil_leveled",
    "type": "TOOL",
    "copy-from": "fake_item",
    "name": "拆除石砧",
    "qualities": [ [ "ANVIL", 2 ] ]
  }
]
