[
    {
        "type" : "terrain",
        "id" : "t_rock",
        "name": "坚岩",
        "symbol": "#",
        "color": "white",
        "move_cost": 0,
        "flags": ["NOITEM", "SUPPORTS_ROOF", "WALL"],
        "roof": "t_rock_floor",
        "bash": {
            "str_min": 100, "str_max": 400,
            "sound": "crash!",
            "sound_fail": "whump!",
            "ter_set": "t_rock_floor",
            "items": [
                { "item": "rock", "count": [3, 7] },
                { "item": "material_limestone", "charges": [10, 25], "prob": 80 }
            ]
        }
    },{
        "type" : "terrain",
        "id" : "t_rock_coal",
        "name": "煤矿脉",
        "symbol": "#",
        "color": "dkgray",
        "move_cost": 0,
        "flags": ["NOITEM", "SUPPORTS_ROOF", "WALL"],
        "roof": "t_rock_floor",
        "bash": {
            "str_min": 100, "str_max": 400,
            "sound": "crash!",
            "sound_fail": "whump!",
            "ter_set": "t_rock_floor",
            "items": [
                { "item": "rock", "count": [3, 7] },
                { "item": "coal_lump", "charges": [250, 500], "prob": 80 }
            ]
        }
    },
    {
        "type" : "terrain",
        "id" : "t_rock_halite",
        "name": "岩盐",
        "symbol": "#",
        "color": "white",
        "move_cost": 0,
        "flags": ["NOITEM", "SUPPORTS_ROOF", "WALL"],
        "roof": "t_rock_floor",
        "bash": {
            "str_min": 100, "str_max": 400,
            "sound": "crash!",
            "sound_fail": "whump!",
            "ter_set": "t_rock_floor",
            "items": [
                { "item": "rock", "count": [3, 7] },
                { "item": "material_rocksalt", "count": [1, 3], "prob": 80 }
            ]
        }
    },
    {
        "type" : "terrain",
        "id" : "t_rock_niter",
        "name": "硝石",
        "symbol": "#",
        "color": "ltgray",
        "move_cost": 0,
        "flags": ["NOITEM", "SUPPORTS_ROOF", "WALL"],
        "roof": "t_rock_floor",
        "bash": {
            "str_min": 100, "str_max": 400,
            "sound": "crash!",
            "sound_fail": "whump!",
            "ter_set": "t_rock_floor",
            "items": [
                { "item": "rock", "count": [3, 7] },
                { "item": "material_niter", "count": [1, 3], "prob": 80 }
            ]
        }
    },
    {
        "type" : "terrain",
        "id" : "t_rock_brimstone",
        "name": "硫磺",
        "symbol": "#",
        "color": "yellow",
        "move_cost": 0,
        "flags": ["NOITEM", "SUPPORTS_ROOF", "WALL"],
        "roof": "t_rock_floor",
        "bash": {
            "str_min": 100, "str_max": 400,
            "sound": "crash!",
            "sound_fail": "whump!",
            "ter_set": "t_rock_floor",
            "items": [
                { "item": "rock", "count": [3, 7] },
                { "item": "chunk_sulfur", "count": [1, 3], "prob": 80 }
            ]
        }
    },
    {
        "type" : "terrain",
        "id" : "t_rock_copper",
        "name": "铜矿脉",
        "symbol": "#",
        "color": "ltred",
        "move_cost": 0,
        "flags": ["NOITEM", "SUPPORTS_ROOF", "WALL"],
        "roof": "t_rock_floor",
        "bash": {
            "str_min": 100, "str_max": 400,
            "sound": "crash!",
            "sound_fail": "whump!",
            "ter_set": "t_rock_floor",
            "items": [
                { "item": "rock", "count": [3, 7] },
                { "item": "chunk_copper", "count": [1, 3], "prob": 80 }
            ]
        }
    },
    {
        "type" : "terrain",
        "id" : "t_rock_silver",
        "name": "银矿脉",
        "symbol": "#",
        "color": "white",
        "move_cost": 0,
        "flags": ["NOITEM", "SUPPORTS_ROOF", "WALL"],
        "roof": "t_rock_floor",
        "bash": {
            "str_min": 100, "str_max": 400,
            "sound": "crash!",
            "sound_fail": "whump!",
            "ter_set": "t_rock_floor",
            "items": [
                { "item": "rock", "count": [3, 7] },
                { "item": "chunk_silver", "count": [1, 2], "prob": 80 }
            ]
        }
    },
    {
        "type" : "terrain",
        "id" : "t_rock_gold",
        "name": "金矿脉",
        "symbol": "#",
        "color": "yellow",
        "move_cost": 0,
        "flags": ["NOITEM", "SUPPORTS_ROOF", "WALL"],
        "roof": "t_rock_floor",
        "bash": {
            "str_min": 100, "str_max": 400,
            "sound": "crash!",
            "sound_fail": "whump!",
            "ter_set": "t_rock_floor",
            "items": [
                { "item": "rock", "count": [3, 7] },
                { "item": "chunk_gold", "count": [1, 2], "prob": 80 }
            ]
        }
    },
    {
        "type" : "terrain",
        "id" : "t_rock_aluminum",
        "name": "铝矿脉",
        "symbol": "#",
        "color": "ltgray",
        "move_cost": 0,
        "flags": ["NOITEM", "SUPPORTS_ROOF", "WALL"],
        "roof": "t_rock_floor",
        "bash": {
            "str_min": 100, "str_max": 400,
            "sound": "crash!",
            "sound_fail": "whump!",
            "ter_set": "t_rock_floor",
            "items": [
                { "item": "rock", "count": [3, 7] },
                { "item": "chunk_aluminum", "count": [1, 3], "prob": 80 }
            ]
        }
    },
    {
        "type" : "terrain",
        "id" : "t_rock_cassiterite",
        "name": "锡矿脉",
        "symbol": "#",
        "color": "brown",
        "move_cost": 0,
        "flags": ["NOITEM", "SUPPORTS_ROOF", "WALL"],
        "roof": "t_rock_floor",
        "bash": {
            "str_min": 100, "str_max": 400,
            "sound": "crash!",
            "sound_fail": "whump!",
            "ter_set": "t_rock_floor",
            "items": [
                { "item": "rock", "count": [3, 7] },
                { "item": "chunk_cassiterite", "count": [2, 4], "prob": 80 }
            ]
        }
    },
    {
        "type" : "terrain",
        "id" : "t_rock_galena",
        "name": "方铅矿脉",
        "symbol": "#",
        "color": "ltgray",
        "move_cost": 0,
        "flags": ["NOITEM", "SUPPORTS_ROOF", "WALL"],
        "roof": "t_rock_floor",
        "bash": {
            "str_min": 100, "str_max": 400,
            "sound": "crash!",
            "sound_fail": "whump!",
            "ter_set": "t_rock_floor",
            "items": [
                { "item": "rock", "count": [3, 7] },
                { "item": "chunk_galena", "count": [2, 4], "prob": 80 }
            ]
        }
    },
    {
        "type" : "terrain",
        "id" : "t_rock_hematite",
        "name": "铁矿脉",
        "symbol": "#",
        "color": "brown",
        "move_cost": 0,
        "flags": ["NOITEM", "SUPPORTS_ROOF", "WALL"],
        "roof": "t_rock_floor",
        "bash": {
            "str_min": 100, "str_max": 400,
            "sound": "crash!",
            "sound_fail": "whump!",
            "ter_set": "t_rock_floor",
            "items": [
                { "item": "rock", "count": [3, 7] },
                { "item": "chunk_hematite", "count": [2, 4], "prob": 80 }
            ]
        }
    }
]
