[
  {
    "id": "nanite_multitool_small",
    "type": "TOOL",
    "symbol": ";",
    "color": "light_gray",
    "name": "纳米多功能工具 (小型)",
    "description": "用纳米粒子打造的多功能工具,可以模拟多种工具,当前模式下允许模拟小型工具.",
    "looks_like": "knife_rm42",
    "price": 120,
    "material": "nanite",
    "weight": 3680,
    "volume": 1,
    "bashing": 3,
    "cutting": 12,
    "to_hit": 1,
    "flags": [ "BELT_CLIP", "SHEATH_KNIFE", "NONCONDUCTIVE", "TRADER_AVOID", "NO_CVD" ],
    "max_charges": 0,
    "initial_charges": 0,
    "charges_per_use": 0,
    "turns_per_charge": 0,
    "ammo": "NULL",
    "use_action": [
      {
        "type": "transform",
        "target": "nanite_multitool_large",
        "active": false,
        "msg": "将多功能工具切换至大型工具模式.",
        "menu_text": "切换模式",
        "moves" : 150
      },
      "BOLTCUTTERS",
      "GEIGER",
      "HAMMER",
      "HOTPLATE",
      "SIPHON",
      {
        "type": "firestarter",
        "moves_cost": 5
      },
      {
        "type": "picklock",
        "pick_quality": 50
      },
      {
        "flame": false,
        "type": "cauterize"
      },
      {
        "type": "repair_item",
        "item_action_type": "repair_fabric",
        "materials": [ "cotton", "leather", "wool", "fur", "nomex" ],
        "skill": "tailor",
        "tool_quality": 2,
        "cost_scaling": 0,
        "move_cost": 500
      }
    ],
    "qualities": [["CUT", 3], ["CUT_FINE", 5], ["SMOOTH", 1], ["HAMMER", 3], ["HAMMER_FINE", 1], ["SAW_M_FINE", 1], ["COOK", 3], ["DISTILL", 1], ["CHEM", 3], ["BOIL", 1], ["WRENCH", 3], ["WRENCH_FINE", 1], ["SCREW", 3], ["SCREW_FINE", 1], ["BUTCHER", 50], ["DRILL", 3], [ "CHISEL", 3] ]
  },{
    "id": "nanite_multitool_large",
    "type": "TOOL",
    "symbol": ";",
    "color": "light_gray",
    "name": "纳米多功能工具 (大型)",
    "description": "用纳米粒子打造的多功能工具,可以模拟多种工具,当前模式下允许模拟大型工具.",
    "looks_like": "e_tool",
    "price": 120,
    "material": "nanite",
    "weight": 3680,
    "volume": 8,
    "bashing": 16,
    "cutting": 6,
    "to_hit": 2,
    "flags": [ "BELT_CLIP", "SHEATH_SWORD", "NONCONDUCTIVE", "TRADER_AVOID", "NEEDS_UNFOLD", "NO_CVD" ],
    "max_charges": 0,
    "initial_charges": 0,
    "charges_per_use": 0,
    "turns_per_charge": 0,
    "ammo": "NULL",
    "use_action": [
      {
        "type": "transform",
        "target": "nanite_multitool_weld",
        "active": false,
        "msg": "将多功能工具切换至焊接工具模式.",
        "menu_text": "切换模式",
        "moves" : 150
      },
      "BOLTCUTTERS",
      "CROWBAR",
      "DIG",
      "HACKSAW",
      "LUMBER",
      "MAKEMOUND",
      "PICKAXE",
      {
        "type": "firestarter",
        "moves_cost": 150
      }
    ],
    "qualities": [[ "PRY", 4 ],["HAMMER", 3], ["SAW_W", 2], ["SAW_M", 2], ["AXE", 3], ["DIG", 3] ]
  },{
    "id": "nanite_multitool_weld",
    "type": "TOOL",
    "symbol": ";",
    "color": "light_gray",
    "name": "纳米多功能工具 (焊接)",
    "description": "用纳米粒子打造的多功能工具,可以模拟多种工具,当前模式下允许模拟焊接工具.",
    "looks_like": "v29",
    "price": 120,
    "material": "nanite",
    "weight": 3680,
    "volume": 2,
    "bashing": 8,
    "cutting": 0,
    "to_hit": 0,
    "flags": [ "FIRE", "NO_AMMO", "NEVER_JAMS", "WATERPROOF_GUN" , "NO_UNLOAD", "BELT_CLIP", "NONCONDUCTIVE", "TRADER_AVOID", "NEEDS_UNFOLD", "NO_CVD" ],
    "max_charges": 0,
    "initial_charges": 0,
    "charges_per_use": 0,
    "turns_per_charge": 0,
    "ammo": "NULL",
    "use_action": [
      {
        "type": "transform",
        "target": "nanite_multitool_small",
        "active": false,
        "msg": "将多功能工具切换至小型工具模式.",
        "menu_text": "切换模式",
        "moves" : 150
      },
      "OXYTORCH",
      {
        "type": "firestarter",
        "moves_cost": 5
      },
      {
        "type": "repair_item",
        "item_action_type": "repair_metal",
        "materials": [ "kevlar", "plastic", "iron", "steel", "hardsteel", "aluminum", "copper", "superalloy" ],
        "skill": "mechanics",
        "cost_scaling": 0.1,
        "move_cost": 250
      },
      {
      "flame": false,
      "type": "cauterize"
      }
    ],
    "qualities": [["WELD", 4] ],
    "gun_data" : {
      "ammo_effects": ["LASER"],
      "skill": "pistol",
      "ranged_damage": 10,
      "range": 5,
      "dispersion": 1,
      "sight_dispersion": 4,
      "aim_speed" : 0,
      "recoil": 0,
      "durability": 10,
      "burst": 3,
      "reload": 500
    }
  }
]