[
  {
    "id": "nano_wire_mag",
    "type": "MAGAZINE",
    "name": "纳米核心弹匣 (金属丝)",
    "description": "一种自动弹药生产装置,根据需要将不同的原料加工成可用的弹药,并配有集成电源.不幸的是,它需要在清空时手动复位,并且不能手动再填充.",
    "looks_like": "m107a1mag",
    "weight": 210,
    "volume": 1,
    "price": 4700,
    "material": "nanite",
    "symbol": "#",
    "color": "light_gray",
    "ammo_type": "nanite_ammo",
    "default_ammo": "nanite_wire",
    "capacity": 50,
    "count": 50,
    "reliability": 10,
    "reload_time": 0,
    "flags": [ "MAG_COMPACT", "NO_UNLOAD", "NO_RELOAD", "TRADER_AVOID" ],
    "use_action": [
      {
        "type": "transform",
        "target": "nano_mag_empty",
        "active": false,
        "msg": "清除并重置弹药核心.",
        "menu_text": "重置为空",
        "moves" : 150
      }
    ]
  },{
    "id": "nano_dart_mag",
    "type": "MAGAZINE",
    "name": "纳米核心弹匣 (飞镖)",
    "description": "一种自动弹药生产装置,根据需要将不同的原料加工成可用的弹药,并配有集成电源.不幸的是,它需要在清空时手动复位,并且不能手动再填充.",
    "looks_like": "m107a1mag",
    "weight": 210,
    "volume": 1,
    "price": 4700,
    "material": "nanite",
    "symbol": "#",
    "color": "light_gray",
    "ammo_type": "nanite_ammo",
    "default_ammo": "nanite_dart",
    "capacity": 1000,
    "count": 1000,
    "reliability": 10,
    "reload_time": 0,
    "flags": [ "MAG_COMPACT", "NO_UNLOAD", "NO_RELOAD", "TRADER_AVOID" ],
    "use_action": [
      {
        "type": "transform",
        "target": "nano_mag_empty",
        "active": false,
        "msg": "清除并重置弹药核心.",
        "menu_text": "重置为空",
        "moves" : 150
      }
    ]
  },{
    "id": "nano_blade_mag",
    "type": "MAGAZINE",
    "name": "纳米核心弹匣 (刀刃)",
    "description": "一种自动弹药生产装置,根据需要将不同的原料加工成可用的弹药,并配有集成电源.不幸的是,它需要在清空时手动复位,并且不能手动再填充.",
    "looks_like": "m107a1mag",
    "weight": 210,
    "volume": 1,
    "price": 4700,
    "material": "nanite",
    "symbol": "#",
    "color": "light_gray",
    "ammo_type": "nanite_ammo",
    "default_ammo": "nanite_blade",
    "capacity": 250,
    "count": 250,
    "reliability": 10,
    "reload_time": 0,
    "flags": [ "MAG_COMPACT", "NO_UNLOAD", "NO_RELOAD", "TRADER_AVOID" ],
    "use_action": [
      {
        "type": "transform",
        "target": "nano_mag_empty",
        "active": false,
        "msg": "清除并重置弹药核心.",
        "menu_text": "重置为空",
        "moves" : 150
      }
    ]
  },{
    "id": "nano_deathcloud_mag",
    "type": "MAGAZINE",
    "name": "纳米核心弹匣 (死亡云)",
    "description": "一种自动弹药生产装置,根据需要将不同的原料加工成可用的弹药,并配有集成电源.不幸的是,它需要在清空时手动复位,并且不能手动再填充.",
    "looks_like": "m107a1mag",
    "weight": 210,
    "volume": 1,
    "price": 4700,
    "material": "nanite",
    "symbol": "#",
    "color": "light_gray",
    "ammo_type": "nanite_deathcloud_ammo",
    "default_ammo": "nanite_deathcloud",
    "capacity": 5,
    "count": 5,
    "reliability": 10,
    "reload_time": 0,
    "flags": [ "MAG_COMPACT", "NO_UNLOAD", "NO_RELOAD", "TRADER_AVOID" ],
    "use_action": [
      {
        "type": "transform",
        "target": "nano_mag_empty",
        "active": false,
         "msg": "清除并重置弹药核心.",
        "menu_text": "重置为空",
        "moves" : 150
      }
    ]
  },{
    "id": "nano_mag_empty",
    "type": "MAGAZINE",
    "name": "纳米核心弹匣",
    "description": "一种自动弹药生产装置,根据需要将不同的原料加工成可用的弹药,并配有集成电源.不幸的是,它需要在清空时手动复位,并且不能手动再填充.",
    "looks_like": "m107a1mag",
    "weight": 210,
    "volume": 1,
    "price": 4700,
    "material": "nanite",
    "symbol": "#",
    "color": "light_gray",
    "ammo_type": "nanite_ammo",
    "capacity": 0,
    "reliability": 10,
    "reload_time": 0,
    "flags": [ "MAG_COMPACT", "NO_UNLOAD", "NO_RELOAD", "TRADER_AVOID" ]
  }
]