[
  {
    "type": "monstergroup",
    "name": "GROUP_SEWER",
    "override": false,
    "freq_total": 1001,
    "default": "mon_sewer_rat",
    "monsters": [
      { "monster": "mon_twisted_body", "freq": 25, "cost_multiplier": 15, "pack_size": [ 1, 4 ], "starts": 25 },
      { "monster": "mon_sludge_crawler", "freq": 50, "cost_multiplier": 5 },
      { "monster": "mon_human_snail", "freq": 25, "cost_multiplier": 10, "pack_size": [ 3, 8 ], "starts": 25 },
      { "monster": "mon_chud", "freq": 10, "cost_multiplier": 10, "pack_size": [ 1, 4 ] },
      { "monster": "mon_one_eye", "freq": 5, "cost_multiplier": 5, "pack_size": [ 1, 2 ] },
      {
        "monster": "mon_thing_swamp",
        "freq": 1,
        "cost_multiplier": 10,
        "conditions": [ "DAWN", "DUSK", "NIGHT", "SPRING", "AUTUMN", "WINTER" ]
      },
      { "monster": "mon_gator", "freq": 80, "cost_multiplier": 5 },
      { "monster": "mon_sewer_fish", "freq": 180, "cost_multiplier": 0, "pack_size": [ 2, 6 ] },
      { "monster": "mon_sewer_snake", "freq": 120, "cost_multiplier": 0 },
      { "monster": "mon_sewer_rat", "freq": 30, "cost_multiplier": 0, "pack_size": [ 6, 18 ] },
      { "monster": "mon_albino_penguin", "freq": 10, "cost_multiplier": 3, "pack_size": [ 2, 5 ] },
      { "monster": "mon_albino_penguin", "freq": 15, "cost_multiplier": 5, "pack_size": [ 3, 9 ] },
      { "monster": "mon_dark_wyrm", "freq": 60, "cost_multiplier": 10, "pack_size": [ 2, 5 ], "starts": 25 },
      { "monster": "mon_molebot", "freq": 40, "cost_multiplier": 5, "pack_size": [ 1, 3 ], "starts": 25 },
      { "monster": "mon_broken_cyborg", "freq": 20, "cost_multiplier": 3 },
      { "monster": "mon_broken_cyborg", "freq": 5, "cost_multiplier": 10, "pack_size": [ 2, 4 ] },
      { "monster": "mon_molebot", "freq": 10, "cost_multiplier": 7 },
      { "monster": "mon_molebot", "freq": 5, "cost_multiplier": 15, "pack_size": [ 1, 3 ] },
      { "monster": "mon_raphael", "freq": 4, "cost_multiplier": 15, "pack_size": [ 1, 3 ] },
      { "monster": "mon_donatello", "freq": 4, "cost_multiplier": 15, "pack_size": [ 1, 3 ] },
      { "monster": "mon_leonardo", "freq": 4, "cost_multiplier": 15, "pack_size": [ 1, 3 ] },
      { "monster": "mon_michelangelo", "freq": 4, "cost_multiplier": 15, "pack_size": [ 1, 3 ] },
      { "monster": "mon_ratman_ninja", "freq": 4, "cost_multiplier": 15, "pack_size": [ 1, 3 ] }
    ]
  },
  {
    "type": "monstergroup",
    "name": "GROUP_SLUDGE",
    "default": "mon_null",
    "monsters": [
      { "monster": "mon_sludge_crawler", "freq": 250, "cost_multiplier": 5, "pack_size": [ 1, 2 ] },
      { "monster": "mon_twisted_body", "freq": 125, "cost_multiplier": 5, "pack_size": [ 1, 2 ] },
      { "monster": "mon_sewer_snake", "freq": 50, "cost_multiplier": 3, "pack_size": [ 2, 4 ] },
      { "monster": "mon_bat_vampire", "freq": 50, "cost_multiplier": 3, "pack_size": [ 4, 7 ] },
      { "monster": "mon_jabberwock", "freq": 25, "cost_multiplier": 50 },
      {
        "monster": "mon_thing_swamp",
        "freq": 1,
        "cost_multiplier": 5,
        "conditions": [ "DAWN", "DUSK", "NIGHT", "SUMMER" ]
      },
      { "monster": "mon_raphael", "freq": 4, "cost_multiplier": 15, "pack_size": [ 1, 3 ] },
      { "monster": "mon_donatello", "freq": 4, "cost_multiplier": 15, "pack_size": [ 1, 3 ] },
      { "monster": "mon_leonardo", "freq": 4, "cost_multiplier": 15, "pack_size": [ 1, 3 ] },
      { "monster": "mon_michelangelo", "freq": 4, "cost_multiplier": 15, "pack_size": [ 1, 3 ] },
      { "monster": "mon_ratman_ninja", "freq": 4, "cost_multiplier": 15, "pack_size": [ 1, 3 ] }
    ]
  },
  {
    "type": "monstergroup",
    "name": "GROUP_NETHER",
    "override": false,
    "freq_total": 1001,
    "default": "mon_blank",
    "monsters": [
      { "monster": "mon_stemcell_nether", "freq": 175, "cost_multiplier": 0, "pack_size": [ 2, 6 ] },
      { "monster": "mon_hunting_horror", "freq": 90, "cost_multiplier": 0 },
      { "monster": "mon_gozu", "freq": 90, "cost_multiplier": 0, "pack_size": [ 2, 4 ] },
      { "monster": "mon_flying_polyp", "freq": 75, "cost_multiplier": 0 },
      { "monster": "mon_yugg", "freq": 75, "cost_multiplier": 0 },
      { "monster": "mon_gelatin", "freq": 50, "cost_multiplier": 0, "pack_size": [ 1, 2 ] },
      { "monster": "mon_blank", "freq": 50, "cost_multiplier": 0, "pack_size": [ 2, 3 ] },
      { "monster": "mon_vortex", "freq": 50, "cost_multiplier": 0, "pack_size": [ 2, 4 ] },
      { "monster": "mon_gracke", "freq": 40, "cost_multiplier": 0, "pack_size": [ 1, 2 ] },
      { "monster": "mon_kreck", "freq": 40, "cost_multiplier": 0, "pack_size": [ 1, 2 ] },
      { "monster": "mon_flaming_eye", "freq": 40, "cost_multiplier": 0 },
      { "monster": "mon_mi_go", "freq": 25, "cost_multiplier": 0, "pack_size": [ 1, 2 ] },
      { "monster": "mon_shoggoth", "freq": 25, "cost_multiplier": 0 },
      { "monster": "mon_molebot", "freq": 35, "cost_multiplier": 0, "pack_size": [ 1, 3 ] },
      { "monster": "mon_raphael", "freq": 10, "cost_multiplier": 0, "pack_size": [ 1, 3 ] },
      { "monster": "mon_donatello", "freq": 10, "cost_multiplier": 0, "pack_size": [ 1, 3 ] },
      { "monster": "mon_leonardo", "freq": 10, "cost_multiplier": 0, "pack_size": [ 1, 3 ] },
      { "monster": "mon_michelangelo", "freq": 10, "cost_multiplier": 0, "pack_size": [ 1, 3 ] },
      { "monster": "mon_ratman_ninja", "freq": 10, "cost_multiplier": 0, "pack_size": [ 1, 3 ] }
    ]
  },
  {
    "type": "monstergroup",
    "name": "GROUP_MUTATIONS",
    "override": false,
    "freq_total": 1001,
    "default": "mon_null",
    "monsters": [
      { "monster": "mon_maggot", "freq": 5, "cost_multiplier": 0, "conditions": [ "SPRING", "SUMMER", "AUTUMN" ] },
      {
        "monster": "mon_maggot",
        "freq": 5,
        "cost_multiplier": 0,
        "conditions": [ "NIGHT", "SPRING", "SUMMER", "AUTUMN" ]
      },
      {
        "monster": "mon_deer_small",
        "freq": 4,
        "cost_multiplier": 2,
        "starts": 50,
        "conditions": [ "DAY" ],
        "pack_size": [ 1, 3 ]
      },
      {
        "monster": "mon_deer_small",
        "freq": 4,
        "cost_multiplier": 2,
        "starts": 100,
        "conditions": [ "DAY" ],
        "pack_size": [ 1, 3 ]
      },
      {
        "monster": "mon_deer_rutting",
        "freq": 3,
        "cost_multiplier": 2,
        "starts": 50,
        "conditions": [ "SPRING", "SUMMER" ],
        "pack_size": [ 1, 3 ]
      },
      {
        "monster": "mon_deer_rutting",
        "freq": 3,
        "cost_multiplier": 2,
        "starts": 100,
        "conditions": [ "SPRING", "SUMMER" ],
        "pack_size": [ 1, 3 ]
      },
      {
        "monster": "mon_bat_vampire",
        "freq": 30,
        "cost_multiplier": 3,
        "conditions": [ "DAWN", "DUSK", "NIGHT", "SPRING", "SUMMER", "AUTUMN" ],
        "pack_size": [ 6, 9 ]
      },
      {
        "monster": "mon_bat_vampire",
        "freq": 10,
        "cost_multiplier": 3,
        "conditions": [ "DAWN", "DUSK", "SPRING", "SUMMER", "AUTUMN" ],
        "pack_size": [ 6, 18 ]
      },
      { "monster": "mon_jabberwock", "freq": 2, "cost_multiplier": 25, "conditions": [ "DAWN" ] },
      { "monster": "mon_jabberwock", "freq": 3, "cost_multiplier": 25, "conditions": [ "WINTER", "SUMMER" ] },
      { "monster": "mon_pig_saber", "freq": 4, "cost_multiplier": 10, "pack_size": [ 1, 2 ] },
      { "monster": "mon_pig_saber", "freq": 4, "cost_multiplier": 10, "starts": 100, "pack_size": [ 1, 3 ] },
      { "monster": "mon_coyote_small", "freq": 15, "cost_multiplier": 2, "starts": 25, "pack_size": [ 3, 8 ] },
      { "monster": "mon_coyote_small", "freq": 10, "cost_multiplier": 2, "starts": 75, "pack_size": [ 3, 8 ] },
      { "monster": "mon_coyote_wolf_zerg", "freq": 5, "cost_multiplier": 15, "starts": 100, "pack_size": [ 2, 7 ] },
      {
        "monster": "mon_coyote_wolf_zerg",
        "freq": 4,
        "cost_multiplier": 15,
        "starts": 150,
        "conditions": [ "DUSK", "SUMMER" ],
        "pack_size": [ 12, 18 ]
      },
      { "monster": "mon_bear_mega", "freq": 1, "cost_multiplier": 20, "starts": 100 },
      {
        "monster": "mon_bear_mega",
        "freq": 4,
        "cost_multiplier": 20,
        "starts": 100,
        "conditions": [ "DAWN", "DAY", "DUSK", "SPRING", "SUMMER", "AUTUMN" ]
      },
      {
        "monster": "mon_bear_mega",
        "freq": 2,
        "cost_multiplier": 20,
        "starts": 100,
        "conditions": [ "DAY", "SUMMER" ],
        "pack_size": [ 1, 3 ]
      },
      {
        "monster": "mon_bear_mega",
        "freq": 1,
        "cost_multiplier": 20,
        "starts": 100,
        "conditions": [ "DAWN", "DAY", "SPRING" ]
      },
      {
        "monster": "mon_bear_mega_mating",
        "freq": 5,
        "cost_multiplier": 20,
        "starts": 150,
        "conditions": [ "DAWN", "DAY", "DUSK", "SUMMER" ],
        "pack_size": [ 1, 3 ]
      },
      {
        "monster": "mon_bear_mega_baby",
        "freq": 2,
        "cost_multiplier": 10,
        "starts": 150,
        "conditions": [ "DAWN", "DAY", "SPRING" ],
        "pack_size": [ 1, 4 ]
      },
      {
        "monster": "mon_bear_mega_baby",
        "freq": 1,
        "cost_multiplier": 10,
        "starts": 150,
        "conditions": [ "DAWN", "DAY", "SUMMER" ],
        "pack_size": [ 1, 3 ]
      },
      {
        "monster": "mon_bear_mega_kid",
        "freq": 1,
        "cost_multiplier": 15,
        "starts": 150,
        "conditions": [ "DAWN", "DAY", "SPRING" ],
        "pack_size": [ 1, 4 ]
      },
      {
        "monster": "mon_bear_mega_kid",
        "freq": 2,
        "cost_multiplier": 15,
        "starts": 150,
        "conditions": [ "DAWN", "DAY", "SUMMER" ],
        "pack_size": [ 1, 3 ]
      },
      {
        "monster": "mon_bear_mega_kid",
        "freq": 2,
        "cost_multiplier": 15,
        "starts": 150,
        "conditions": [ "DAWN", "DAY", "DUSK", "AUTUMN" ]
      },
      {
        "monster": "mon_rattlesnake_giant",
        "freq": 4,
        "cost_multiplier": 5,
        "conditions": [ "SPRING", "SUMMER", "AUTUMN" ]
      },
      { "monster": "mon_worm", "freq": 2, "cost_multiplier": 5, "conditions": [ "SPRING", "SUMMER", "AUTUMN" ] },
      {
        "monster": "mon_graboid",
        "freq": 1,
        "cost_multiplier": 25,
        "starts": 50,
        "conditions": [ "NIGHT", "SPRING", "SUMMER", "AUTUMN" ]
      },
      {
        "monster": "mon_bear_smoky_pk",
        "freq": 1,
        "cost_multiplier": 10,
        "conditions": [ "SPRING", "SUMMER", "AUTUMN" ]
      },
      {
        "monster": "mon_spider_jumping_giant",
        "freq": 4,
        "cost_multiplier": 1,
        "conditions": [ "SPRING", "SUMMER", "AUTUMN" ]
      },
      {
        "monster": "mon_spider_trapdoor_giant_pk",
        "freq": 2,
        "cost_multiplier": 5,
        "conditions": [ "SUMMER", "AUTUMN" ],
        "pack_size": [ 1, 2 ]
      },
      { "monster": "mon_dermatik", "freq": 2, "cost_multiplier": 2, "conditions": [ "SPRING", "SUMMER", "AUTUMN" ] },
      {
        "monster": "mon_twisted_body",
        "freq": 1,
        "cost_multiplier": 15,
        "starts": 25,
        "conditions": [ "NIGHT", "SPRING", "SUMMER", "AUTUMN" ],
        "pack_size": [ 1, 2 ]
      },
      {
        "monster": "mon_sludge_crawler",
        "freq": 1,
        "cost_multiplier": 10,
        "starts": 50,
        "conditions": [ "DUSK", "NIGHT", "SPRING", "SUMMER", "AUTUMN" ]
      },
      {
        "monster": "mon_human_snail",
        "freq": 2,
        "cost_multiplier": 10,
        "pack_size": [ 1, 4 ],
        "conditions": [ "DUSK", "NIGHT", "DAWN", "SPRING", "SUMMER", "AUTUMN" ]
      },
      {
        "monster": "mon_thing_swamp",
        "freq": 4,
        "cost_multiplier": 25,
        "conditions": [ "DAWN", "DUSK", "NIGHT", "SPRING", "SUMMER", "AUTUMN" ]
      }
    ]
  },
  {
    "type": "monstergroup",
    "name": "GROUP_BOG",
    "override": false,
    "freq_total": 1001,
    "default": "mon_null",
    "monsters": [
      {
        "monster": "mon_bat_vampire",
        "freq": 20,
        "cost_multiplier": 5,
        "conditions": [ "DAWN", "DUSK", "SPRING", "SUMMER", "AUTUMN" ],
        "pack_size": [ 9, 20 ]
      },
      { "monster": "mon_jabberwock", "freq": 5, "cost_multiplier": 25, "conditions": [ "DAWN" ] },
      { "monster": "mon_jabberwock", "freq": 5, "cost_multiplier": 25, "conditions": [ "WINTER", "SUMMER" ] },
      {
        "monster": "mon_twisted_body",
        "freq": 25,
        "cost_multiplier": 15,
        "starts": 25,
        "conditions": [ "NIGHT", "SPRING", "SUMMER", "AUTUMN" ],
        "pack_size": [ 1, 2 ]
      },
      {
        "monster": "mon_human_snail",
        "freq": 100,
        "cost_multiplier": 10,
        "pack_size": [ 1, 4 ],
        "conditions": [ "DUSK", "NIGHT", "DAWN", "SPRING", "SUMMER", "AUTUMN" ]
      },
      {
        "monster": "mon_thing_swamp",
        "freq": 50,
        "cost_multiplier": 25,
        "conditions": [ "DAWN", "DUSK", "NIGHT", "SPRING", "SUMMER", "AUTUMN" ]
      }
    ]
  },
  {
    "type": "monstergroup",
    "name": "GROUP_CABIN",
    "override": false,
    "freq_total": 1001,
    "default": "mon_null",
    "monsters": [
      {
        "monster": "mon_bat_vampire",
        "freq": 250,
        "cost_multiplier": 5,
        "conditions": [ "DAWN", "DUSK", "SPRING", "SUMMER", "AUTUMN" ],
        "pack_size": [ 3, 7 ]
      },
      { "monster": "mon_cult_churl", "freq": 100, "cost_multiplier": 5, "pack_size": [ 1, 2 ] },
      { "monster": "mon_cult_slave", "freq": 100, "cost_multiplier": 3, "pack_size": [ 1, 2 ] },
      { "monster": "mon_dementia", "freq": 100, "cost_multiplier": 2, "pack_size": [ 1, 2 ] },
      {
        "monster": "mon_cult_churl",
        "freq": 75,
        "cost_multiplier": 5,
        "pack_size": [ 1, 5 ],
        "conditions": [ "DAWN", "DUSK", "NIGHT" ]
      },
      {
        "monster": "mon_cult_slave",
        "freq": 75,
        "cost_multiplier": 3,
        "pack_size": [ 1, 5 ],
        "conditions": [ "DAWN", "DUSK", "NIGHT" ]
      },
      { "monster": "mon_shadow", "freq": 75, "cost_multiplier": 3, "pack_size": [ 1, 4 ] },
      {
        "monster": "mon_flesh_angel",
        "freq": 25,
        "cost_multiplier": 12,
        "pack_size": [ 1, 4 ],
        "conditions": [ "DUSK", "NIGHT", "DAWN" ]
      },
      { "monster": "mon_homunculus", "freq": 25, "cost_multiplier": 10, "conditions": [ "DAWN", "DUSK", "NIGHT" ] },
      { "monster": "mon_darkman", "freq": 25, "cost_multiplier": 25, "conditions": [ "DUSK", "NIGHT" ] }
    ]
  }
]
