[
  {
    "type": "monstergroup",
    "name": "GROUP_PEST",
    "override": false,
    "freq_total": 1001,
    "default": "mon_maggot",
    "monsters": [
      {
        "monster": "mon_bat",
        "freq": 65,
        "cost_multiplier": 0,
        "pack_size": [ 6, 12 ],
        "conditions": [ "DAWN", "DUSK", "NIGHT", "SPRING", "SUMMER", "AUTUMN" ]
      },
      {
        "monster": "mon_bat_vampire",
        "freq": 65,
        "cost_multiplier": 0,
        "pack_size": [ 6, 12 ],
        "conditions": [ "DAWN", "DUSK", "NIGHT", "SPRING", "SUMMER", "AUTUMN" ],
        "starts": 5
      },
      { "monster": "mon_molebot", "freq": 20, "cost_multiplier": 3, "pack_size": [ 1, 3 ] },
      { "monster": "mon_spider_widow_giant", "freq": 50, "cost_multiplier": 0, "pack_size": [ 2, 4 ] },
      { "monster": "mon_giant_cockroach", "freq": 50, "cost_multiplier": 1, "pack_size": [ 3, 6 ] },
      { "monster": "mon_black_rat", "freq": 50, "cost_multiplier": 0, "pack_size": [ 4, 8 ] },
      { "monster": "mon_wasp", "freq": 50, "cost_multiplier": 1, "pack_size": [ 3, 6 ] },
      { "monster": "mon_zombie_child", "freq": 35, "cost_multiplier": 0, "pack_size": [ 2, 6 ] },
      { "monster": "mon_zombie", "freq": 35, "cost_multiplier": 0, "pack_size": [ 2, 6 ] },
      { "monster": "mon_zombie_rot", "freq": 35, "cost_multiplier": 0, "pack_size": [ 1, 5 ] },
      { "monster": "mon_beekeeper", "freq": 35, "cost_multiplier": 0, "pack_size": [ 1, 5 ] },
      { "monster": "mon_spider_web", "freq": 25, "cost_multiplier": 1, "pack_size": [ 1, 4 ] },
      { "monster": "mon_spider_web_alpha", "freq": 25, "cost_multiplier": 5, "pack_size": [ 1, 4 ], "starts": 75 },
      { "monster": "mon_spider_web_omega", "freq": 25, "cost_multiplier": 5, "pack_size": [ 1, 4 ], "starts": 50 },
      { "monster": "mon_spider_web_mu", "freq": 25, "cost_multiplier": 5, "pack_size": [ 2, 6 ], "starts": 100 },
      {
        "monster": "mon_maggot",
        "freq": 25,
        "cost_multiplier": 0,
        "pack_size": [ 2, 5 ],
        "conditions": [ "SPRING", "SUMMER", "AUTUMN" ]
      },
      {
        "monster": "mon_caterpillar",
        "freq": 25,
        "cost_multiplier": 1,
        "pack_size": [ 1, 4 ],
        "conditions": [ "SPRING", "SUMMER" ]
      },
      { "monster": "mon_pupae", "freq": 25, "cost_multiplier": 3, "conditions": [ "SPRING", "SUMMER", "AUTUMN" ] },
      { "monster": "mon_pupae_pk", "freq": 25, "cost_multiplier": 3, "conditions": [ "SPRING", "SUMMER", "AUTUMN" ] },
      {
        "monster": "mon_worm",
        "freq": 15,
        "cost_multiplier": 3,
        "conditions": [ "SPRING", "SUMMER", "AUTUMN" ],
        "pack_size": [ 1, 2 ]
      },
      {
        "monster": "mon_graboid",
        "freq": 10,
        "cost_multiplier": 5,
        "starts": 100,
        "conditions": [ "NIGHT", "SPRING", "SUMMER", "AUTUMN" ],
        "pack_size": [ 1, 3 ]
      }
    ]
  },
  {
    "type": "monstergroup",
    "name": "GROUP_PEST_FLYING",
    "override": false,
    "freq_total": 1001,
    "default": "mon_crow",
    "monsters": [
      {
        "monster": "mon_bat",
        "freq": 200,
        "cost_multiplier": 1,
        "pack_size": [ 6, 12 ],
        "conditions": [ "DAWN", "DUSK", "NIGHT", "SPRING", "SUMMER", "AUTUMN" ]
      },
      {
        "monster": "mon_bat_vampire",
        "freq": 200,
        "cost_multiplier": 1,
        "pack_size": [ 6, 12 ],
        "conditions": [ "DAWN", "DUSK", "NIGHT", "SPRING", "SUMMER", "AUTUMN" ],
        "starts": 25
      },
      { "monster": "mon_wasp", "freq": 50, "cost_multiplier": 3, "pack_size": [ 4, 8 ] },
      { "monster": "mon_bee", "freq": 50, "cost_multiplier": 3, "pack_size": [ 4, 8 ] },
      { "monster": "mon_bjay", "freq": 100, "cost_multiplier": 1, "pack_size": [ 1, 2 ] },
      { "monster": "mon_pidgeon", "freq": 100, "cost_multiplier": 1, "pack_size": [ 3, 6 ] },
      { "monster": "mon_crow", "freq": 100, "cost_multiplier": 1, "pack_size": [ 6, 12 ] },
      {
        "monster": "mon_moth",
        "freq": 300,
        "cost_multiplier": 1,
        "pack_size": [ 1, 3 ],
        "conditions": [ "DUSK", "NIGHT", "SPRING", "SUMMER", "AUTUMN" ]
      }
    ]
  },
  {
    "type": "monstergroup",
    "name": "GROUP_ANT",
    "override": false,
    "freq_total": 1001,
    "default": "mon_null",
    "monsters": [
      { "monster": "mon_ant", "freq": 330, "cost_multiplier": 0 },
      { "monster": "mon_ant_terminal", "freq": 10, "cost_multiplier": 0 },
      { "monster": "mon_ant_scrib", "freq": 250, "cost_multiplier": 0 },
      { "monster": "mon_ant_soldier_pk_weak", "freq": 40, "cost_multiplier": 5 },
      { "monster": "mon_ant_queen_young", "freq": 25, "cost_multiplier": 9, "conditions": [ "SPRING" ], "starts": 75 },
      { "monster": "mon_ant_male", "freq": 60, "cost_multiplier": 7, "conditions": [ "SPRING" ], "starts": 25 },
      { "monster": "mon_ant_larva", "freq": 20, "cost_multiplier": 0, "conditions": [ "SPRING" ] },
      {
        "monster": "mon_ant_fungus",
        "freq": 1,
        "cost_multiplier": 20,
        "pack_size": [ 1, 2 ],
        "conditions": [ "SPRING", "SUMMER" ],
        "starts": 50
      },
      { "monster": "mon_ant_soldier", "freq": 200, "cost_multiplier": 5 },
      { "monster": "mon_ant_queen_firebug", "freq": 0, "cost_multiplier": 0 },
      { "monster": "mon_ant_queen", "freq": 0, "cost_multiplier": 0 }
    ]
  },
  {
    "type": "monstergroup",
    "name": "GROUP_SPIDER",
    "override": false,
    "freq_total": 1001,
    "default": "mon_spider_web",
    "monsters": [
      { "monster": "mon_null", "freq": 1000, "cost_multiplier": 0, "conditions": [ "WINTER" ] },
      { "monster": "mon_null", "freq": 10, "cost_multiplier": 0 },
      { "monster": "mon_spider_web_queen", "freq": 5, "cost_multiplier": 3 },
      { "monster": "mon_spider_web", "freq": 20, "cost_multiplier": 1, "pack_size": [ 1, 4 ] },
      {
        "monster": "mon_spider_web_s",
        "freq": 10,
        "cost_multiplier": 3,
        "pack_size": [ 4, 16 ],
        "conditions": [ "DAWN", "DUSK", "SPRING", "SUMMER", "AUTUMN" ]
      },
      { "monster": "mon_spider_web_alpha", "freq": 10, "cost_multiplier": 5, "pack_size": [ 1, 4 ], "starts": 75 },
      { "monster": "mon_spider_web_omega", "freq": 10, "cost_multiplier": 5, "pack_size": [ 1, 4 ], "starts": 50 },
      { "monster": "mon_spider_web_mu", "freq": 10, "cost_multiplier": 5, "pack_size": [ 2, 6 ], "starts": 100 }
    ]
  },
  {
    "type": "monstergroup",
    "name": "GROUP_SPIDER_TRAP",
    "override": false,
    "freq_total": 1001,
    "default": "mon_spider_trapdoor_giant",
    "monsters": [
      { "monster": "mon_null", "freq": 1000, "cost_multiplier": 0, "conditions": [ "WINTER" ] },
      { "monster": "mon_null", "freq": 200, "cost_multiplier": 0 },
      { "monster": "mon_trapdoor_egg", "freq": 125, "cost_multiplier": 1, "starts": 5 },
      { "monster": "mon_trapdoor_queen", "freq": 25, "cost_multiplier": 3 },
      {
        "monster": "mon_spider_trapdoor_giant_s",
        "freq": 200,
        "cost_multiplier": 3,
        "pack_size": [ 3, 8 ],
        "conditions": [ "DAWN", "DUSK", "SPRING", "SUMMER", "AUTUMN" ]
      },
      { "monster": "mon_spider_trapdoor_giant", "freq": 100, "cost_multiplier": 1, "pack_size": [ 1, 3 ] },
      { "monster": "mon_spider_trapdoor_giant_guardian", "freq": 100, "cost_multiplier": 0, "starts": 75 },
      {
        "monster": "mon_spider_trapdoor_giant_pk",
        "freq": 150,
        "cost_multiplier": 0,
        "pack_size": [ 1, 2 ],
        "starts": 50
      }
    ]
  },
  {
    "type": "monstergroup",
    "name": "GROUP_CAVE",
    "override": false,
    "freq_total": 1001,
    "default": "mon_null",
    "monsters": [
      {
        "monster": "mon_furvivor",
        "freq": 1,
        "cost_multiplier": 5,
        "conditions": [ "DUSK", "SPRING" ],
        "pack_size": [ 3, 5 ]
      },
      {
        "monster": "mon_furvivor_glock",
        "freq": 10,
        "cost_multiplier": 10,
        "pack_size": [ 1, 2 ],
        "conditions": [ "SPRING", "SUMMER", "AUTUMN" ]
      },
      {
        "monster": "mon_furvivor_glock",
        "freq": 10,
        "cost_multiplier": 15,
        "pack_size": [ 1, 3 ],
        "conditions": [ "SPRING" ],
        "starts": 72
      },
      {
        "monster": "mon_furvivor_shotgun",
        "freq": 10,
        "cost_multiplier": 15,
        "pack_size": [ 1, 2 ],
        "conditions": [ "SUMMER", "AUTUMN" ],
        "starts": 75
      },
      { "monster": "mon_furvivor_deagle", "freq": 5, "cost_multiplier": 10, "starts": 25 },
      {
        "monster": "mon_furvivor_deagle",
        "freq": 5,
        "cost_multiplier": 15,
        "pack_size": [ 1, 4 ],
        "conditions": [ "SUMMER" ],
        "starts": 75
      },
      { "monster": "mon_furvivor_smg", "freq": 10, "cost_multiplier": 20, "starts": 50 },
      {
        "monster": "mon_furvivor_pk",
        "freq": 5,
        "cost_multiplier": 10,
        "pack_size": [ 1, 2 ],
        "conditions": [ "SUMMER", "AUTUMN" ],
        "starts": 100
      },
      {
        "monster": "mon_furvivor_pk",
        "freq": 5,
        "cost_multiplier": 25,
        "pack_size": [ 2, 3 ],
        "conditions": [ "SPRING", "SUMMER", "AUTUMN" ],
        "starts": 100
      },
      { "monster": "mon_furvivor_pk", "freq": 5, "cost_multiplier": 10, "pack_size": [ 1, 3 ], "starts": 100 },
      { "monster": "mon_fougar", "freq": 10, "cost_multiplier": 8, "conditions": [ "SPRING", "SUMMER", "AUTUMN" ] },
      { "monster": "mon_twisted_body", "freq": 25, "cost_multiplier": 20, "pack_size": [ 1, 6 ], "starts": 25 },
      { "monster": "mon_human_snail", "freq": 25, "cost_multiplier": 15, "pack_size": [ 3, 8 ], "starts": 25 },
      { "monster": "mon_jabberwock", "freq": 25, "cost_multiplier": 50 },
      { "monster": "mon_ant_queen_young", "freq": 25, "cost_multiplier": 2, "conditions": [ "SPRING" ], "starts": 75 },
      { "monster": "mon_bat", "freq": 250, "cost_multiplier": 5, "pack_size": [ 6, 32 ] },
      { "monster": "mon_bat_vampire", "freq": 150, "cost_multiplier": 10, "pack_size": [ 12, 32 ], "starts": 100 },
      { "monster": "mon_bear", "freq": 35, "cost_multiplier": 10, "pack_size": [ 1, 3 ], "ends": 600 },
      { "monster": "mon_bear", "freq": 10, "cost_multiplier": 10, "pack_size": [ 1, 3 ], "starts": 600 },
      { "monster": "mon_bear_pk", "freq": 35, "cost_multiplier": 10, "pack_size": [ 1, 3 ], "ends": 600 },
      { "monster": "mon_bear_pk", "freq": 10, "cost_multiplier": 10, "pack_size": [ 1, 3 ], "starts": 600 },
      { "monster": "mon_bear_weak", "freq": 15, "cost_multiplier": 10, "pack_size": [ 1, 3 ], "ends": 600 },
      { "monster": "mon_bear_weak", "freq": 5, "cost_multiplier": 10, "pack_size": [ 1, 3 ], "starts": 200 },
      { "monster": "mon_bear_mega", "freq": 35, "cost_multiplier": 15, "pack_size": [ 1, 2 ], "starts": 200 },
      {
        "monster": "mon_bear_mega_baby",
        "freq": 35,
        "cost_multiplier": 25,
        "pack_size": [ 1, 4 ],
        "starts": 250,
        "conditions": [ "SPRING", "SUMMER" ]
      },
      { "monster": "mon_cougar", "freq": 35, "cost_multiplier": 20, "pack_size": [ 1, 2 ] },
      { "monster": "mon_cougar_pk", "freq": 35, "cost_multiplier": 20, "pack_size": [ 1, 2 ] },
      { "monster": "mon_cougar_weak", "freq": 15, "cost_multiplier": 20, "pack_size": [ 1, 2 ] },
      { "monster": "mon_bear_smoky_pk", "freq": 50, "cost_multiplier": 0, "starts": 250 }
    ]
  },
  {
    "type": "monstergroup",
    "name": "GROUP_SAFE",
    "is_safe": false,
    "override": true,
    "freq_total": 1001,
    "default": "mon_null",
    "monsters": [
      { "monster": "mon_null", "freq": 50, "cost_multiplier": 1, "conditions": [ "SPRING", "AUTUMN" ] },
      { "monster": "mon_null", "freq": 75, "cost_multiplier": 1, "conditions": [ "WINTER" ] },
      { "monster": "mon_null", "freq": 25, "cost_multiplier": 1, "conditions": [ "DAWN", "DUSK", "NIGHT", "WINTER" ] },
      { "monster": "mon_copbot", "freq": 2, "cost_multiplier": 3, "pack_size": [ 1, 3 ] },
      { "monster": "mon_riotbot", "freq": 2, "cost_multiplier": 3, "pack_size": [ 1, 3 ] },
      { "monster": "mon_eyebot", "freq": 25, "cost_multiplier": 1, "pack_size": [ 1, 3 ] },
      { "monster": "mon_molebot", "freq": 20, "cost_multiplier": 3, "pack_size": [ 1, 3 ] },
      {
        "monster": "mon_ant_queen_young",
        "freq": 10,
        "cost_multiplier": 10,
        "conditions": [ "DAWN", "DUSK", "SPRING" ],
        "starts": 75
      },
      {
        "monster": "mon_black_rat",
        "freq": 15,
        "cost_multiplier": 1,
        "pack_size": [ 1, 3 ],
        "conditions": [ "SPRING", "SUMMER", "AUTUMN" ]
      },
      {
        "monster": "mon_black_rat",
        "freq": 5,
        "cost_multiplier": 5,
        "pack_size": [ 6, 12 ],
        "conditions": [ "DUSK", "NIGHT", "SPRING", "SUMMER", "AUTUMN" ]
      },
      { "monster": "mon_maggot", "freq": 30, "cost_multiplier": 1, "conditions": [ "SPRING", "SUMMER", "AUTUMN" ] },
      {
        "monster": "mon_maggot",
        "freq": 5,
        "cost_multiplier": 3,
        "pack_size": [ 5, 16 ],
        "conditions": [ "SPRING", "SUMMER", "AUTUMN" ]
      },
      { "monster": "mon_goat", "freq": 20, "cost_multiplier": 1, "pack_size": [ 1, 3 ], "conditions": [ "DAY" ] },
      { "monster": "mon_skunk", "freq": 20, "cost_multiplier": 1, "conditions": [ "SPRING", "SUMMER", "AUTUMN" ] },
      {
        "monster": "mon_moth",
        "freq": 25,
        "cost_multiplier": 3,
        "conditions": [ "DUSK", "NIGHT", "SPRING", "SUMMER", "AUTUMN" ]
      },
      { "monster": "mon_butterfly", "freq": 25, "cost_multiplier": 3, "conditions": [ "DAWN", "DAY", "SPRING" ] },
      { "monster": "mon_bat", "freq": 20, "cost_multiplier": 1 },
      { "monster": "mon_bobcat", "freq": 25, "cost_multiplier": 1 },
      { "monster": "mon_cat", "freq": 25, "cost_multiplier": 1 },
      { "monster": "mon_chicken", "freq": 10, "cost_multiplier": 1 },
      { "monster": "mon_chipmunk", "freq": 10, "cost_multiplier": 1 },
      { "monster": "mon_crow", "freq": 10, "cost_multiplier": 1 },
      { "monster": "mon_deer", "freq": 15, "cost_multiplier": 1 },
      { "monster": "mon_dog", "freq": 10, "cost_multiplier": 1 },
      { "monster": "mon_fox_gray", "freq": 25, "cost_multiplier": 1 },
      { "monster": "mon_fox_red", "freq": 25, "cost_multiplier": 1 },
      { "monster": "mon_groundhog", "freq": 10, "cost_multiplier": 1 },
      { "monster": "mon_hare", "freq": 25, "cost_multiplier": 1 },
      { "monster": "mon_mosquito", "freq": 10, "cost_multiplier": 1 },
      { "monster": "mon_rabbit", "freq": 20, "cost_multiplier": 1 },
      { "monster": "mon_shrew", "freq": 10, "cost_multiplier": 1 },
      { "monster": "mon_squirrel_red", "freq": 20, "cost_multiplier": 1 },
      { "monster": "mon_weasel", "freq": 15, "cost_multiplier": 1 },
      { "monster": "mon_turkey", "freq": 20, "cost_multiplier": 1 },
      { "monster": "mon_raccoon", "freq": 20, "cost_multiplier": 1 },
      { "monster": "mon_opossum", "freq": 10, "cost_multiplier": 1 },
      { "monster": "mon_deer_mouse", "freq": 20, "cost_multiplier": 1 },
      { "monster": "mon_rattlesnake", "freq": 10, "cost_multiplier": 1 },
      { "monster": "mon_spider_wolf", "freq": 10, "cost_multiplier": 1 },
      { "monster": "mon_spider_jumping", "freq": 10, "cost_multiplier": 1 },
      { "monster": "mon_cow", "freq": 5, "cost_multiplier": 1 },
      { "monster": "mon_horse", "freq": 5, "cost_multiplier": 1, "pack_size": [ 1, 3 ] },
      { "monster": "mon_pig", "freq": 5, "cost_multiplier": 1 },
      { "monster": "mon_sheep", "freq": 5, "cost_multiplier": 1 },
      { "monster": "mon_mosquito", "freq": 5, "cost_multiplier": 1 },
      { "monster": "mon_dragonfly", "freq": 5, "cost_multiplier": 1 },
      { "monster": "mon_centipede", "freq": 5, "cost_multiplier": 1 },
      { "monster": "mon_lemming", "freq": 25, "cost_multiplier": 1 },
      { "monster": "mon_slug", "freq": 5, "cost_multiplier": 1 }
    ]
  },
  {
    "type": "monstergroup",
    "name": "GROUP_DOMESTIC",
    "override": false,
    "freq_total": 1001,
    "default": "mon_dog",
    "monsters": [
      { "monster": "mon_horse_zombie", "freq": 10, "cost_multiplier": 20, "starts": 75, "pack_size": [ 1, 2 ] },
      { "monster": "mon_horse_zombie", "freq": 5, "cost_multiplier": 20, "starts": 600, "pack_size": [ 1, 2 ] },
      { "monster": "mon_horse_zombie", "freq": 10, "cost_multiplier": 20, "starts": 1300, "pack_size": [ 1, 2 ] },
      { "monster": "mon_horse_zombie", "freq": 5, "cost_multiplier": 20, "starts": 1600, "pack_size": [ 1, 2 ] },
      { "monster": "mon_zolf_scorched", "freq": 5, "cost_multiplier": 20, "starts": 150 },
      {
        "monster": "mon_black_rat",
        "freq": 5,
        "cost_multiplier": 2,
        "pack_size": [ 1, 3 ],
        "conditions": [ "SPRING", "SUMMER", "AUTUMN" ]
      },
      {
        "monster": "mon_black_rat",
        "freq": 2,
        "cost_multiplier": 5,
        "pack_size": [ 6, 12 ],
        "conditions": [ "DUSK", "NIGHT", "SPRING", "SUMMER", "AUTUMN" ]
      },
      {
        "monster": "mon_black_rat",
        "freq": 1,
        "cost_multiplier": 10,
        "pack_size": [ 14, 28 ],
        "conditions": [ "DUSK", "NIGHT", "SPRING", "SUMMER", "AUTUMN" ]
      },
      { "monster": "mon_maggot", "freq": 4, "cost_multiplier": 1, "conditions": [ "SPRING", "SUMMER", "AUTUMN" ] },
      {
        "monster": "mon_maggot",
        "freq": 1,
        "cost_multiplier": 3,
        "pack_size": [ 5, 16 ],
        "conditions": [ "SPRING", "SUMMER", "AUTUMN" ]
      },
      { "monster": "mon_goat", "freq": 25, "cost_multiplier": 1, "pack_size": [ 1, 3 ] },
      { "monster": "mon_pig_saber", "freq": 10, "cost_multiplier": 5, "starts": 150, "pack_size": [ 1, 4 ] },
      { "monster": "mon_cat", "freq": 100, "cost_multiplier": 0 },
      { "monster": "mon_cat", "freq": 20, "cost_multiplier": 5, "pack_size": [ 2, 8 ] },
      { "monster": "mon_dog", "freq": 50, "cost_multiplier": 10, "pack_size": [ 1, 12 ] },
      { "monster": "mon_chicken", "freq": 50, "cost_multiplier": 5, "pack_size": [ 1, 16 ] },
      { "monster": "mon_cow", "freq": 50, "cost_multiplier": 10, "pack_size": [ 1, 8 ] },
      { "monster": "mon_horse", "freq": 50, "cost_multiplier": 10, "pack_size": [ 1, 4 ] },
      { "monster": "mon_pig", "freq": 10, "cost_multiplier": 5, "pack_size": [ 1, 6 ] },
      { "monster": "mon_pig", "freq": 10, "cost_multiplier": 5, "ends": 72, "pack_size": [ 1, 6 ] },
      { "monster": "mon_pig", "freq": 5, "cost_multiplier": 5, "ends": 168, "pack_size": [ 1, 6 ] },
      { "monster": "mon_pig", "freq": 5, "cost_multiplier": 5, "ends": 672, "pack_size": [ 1, 6 ] },
      { "monster": "mon_pig", "freq": 10, "cost_multiplier": 5, "ends": 2160, "pack_size": [ 1, 6 ] },
      { "monster": "mon_sheep", "freq": 50, "cost_multiplier": 5, "pack_size": [ 1, 12 ] },
      { "monster": "mon_zombie_pig", "freq": 10, "cost_multiplier": 10, "starts": 72, "pack_size": [ 1, 5 ] },
      { "monster": "mon_zombie_pig", "freq": 10, "cost_multiplier": 10, "starts": 168, "pack_size": [ 1, 5 ] },
      { "monster": "mon_zombie_pig", "freq": 10, "cost_multiplier": 10, "starts": 672, "pack_size": [ 1, 5 ] },
      { "monster": "mon_zombie_pig", "freq": 10, "cost_multiplier": 10, "starts": 2160, "pack_size": [ 1, 5 ] },
      { "monster": "mon_giant_cockroach", "freq": 12, "cost_multiplier": 5, "pack_size": [ 1, 5 ] },
      {
        "monster": "mon_pregnant_giant_cockroach",
        "freq": 3,
        "cost_multiplier": 3,
        "conditions": [ "SPRING", "SUMMER", "AUTUMN" ]
      },
      { "monster": "mon_giant_cockroach_nymph", "freq": 5, "cost_multiplier": 1 }
    ]
  },
  {
    "type": "monstergroup",
    "name": "GROUP_BEE",
    "override": false,
    "freq_total": 1001,
    "default": "mon_null",
    "monsters": [
      { "monster": "mon_bee", "freq": 200, "cost_multiplier": 0 },
      { "monster": "mon_bee_scout", "freq": 200, "cost_multiplier": 0 },
      { "monster": "mon_bee_soldier", "freq": 125, "cost_multiplier": 3, "pack_size": [ 1, 3 ] },
      { "monster": "mon_bee_king", "freq": 75, "cost_multiplier": 5 },
      { "monster": "mon_bee_queen", "freq": 0, "cost_multiplier": 0 },
      { "monster": "mon_bee_larvae", "freq": 0, "cost_multiplier": 0 }
    ]
  },
  {
    "type": "monstergroup",
    "name": "CAMPERS",
    "override": false,
    "freq_total": 1001,
    "default": "mon_null",
    "monsters": [
      { "monster": "mon_thing_swamp", "freq": 10, "cost_multiplier": 5 },
      { "monster": "mon_coyote", "freq": 30, "cost_multiplier": 0, "pack_size": [ 1, 3 ] },
      { "monster": "mon_raccoon", "freq": 100, "cost_multiplier": 0, "pack_size": [ 1, 4 ] },
      { "monster": "mon_bear", "freq": 30, "cost_multiplier": 3 },
      { "monster": "mon_bear_pk", "freq": 15, "cost_multiplier": 3 },
      { "monster": "mon_bear_weak", "freq": 15, "cost_multiplier": 3 },
      { "monster": "mon_dog", "freq": 45, "cost_multiplier": 1, "pack_size": [ 2, 5 ] },
      { "monster": "mon_wolf", "freq": 30, "cost_multiplier": 1, "pack_size": [ 2, 5 ] },
      { "monster": "mon_coyote_wolf", "freq": 30, "cost_multiplier": 1, "pack_size": [ 2, 4 ] },
      { "monster": "mon_black_rat", "freq": 60, "cost_multiplier": 1, "pack_size": [ 4, 12 ] },
      {
        "monster": "mon_bat_vampire",
        "freq": 50,
        "cost_multiplier": 0,
        "pack_size": [ 8, 12 ],
        "conditions": [ "DAWN", "DUSK", "NIGHT", "SPRING", "SUMMER", "AUTUMN" ]
      },
      { "monster": "mon_gracke", "freq": 25, "cost_multiplier": 1, "pack_size": [ 2, 5 ] },
      { "monster": "mon_breather_hub", "freq": 5, "cost_multiplier": 3, "pack_size": [ 1, 2 ] },
      { "monster": "mon_spider_wolf_giant_pk", "freq": 10, "cost_multiplier": 5 },
      { "monster": "mon_spider_jumping_giant_acid", "freq": 25, "cost_multiplier": 3 },
      {
        "monster": "mon_black_rat",
        "freq": 4,
        "cost_multiplier": 2,
        "pack_size": [ 1, 3 ],
        "conditions": [ "SPRING", "SUMMER", "AUTUMN" ]
      },
      {
        "monster": "mon_black_rat",
        "freq": 4,
        "cost_multiplier": 10,
        "pack_size": [ 6, 12 ],
        "conditions": [ "SPRING", "SUMMER", "AUTUMN" ]
      },
      {
        "monster": "mon_black_rat",
        "freq": 2,
        "cost_multiplier": 10,
        "pack_size": [ 14, 28 ],
        "conditions": [ "DUSK", "NIGHT", "SPRING", "SUMMER", "AUTUMN" ]
      },
      { "monster": "mon_maggot", "freq": 25, "cost_multiplier": 1, "conditions": [ "SPRING", "SUMMER", "AUTUMN" ] },
      {
        "monster": "mon_maggot",
        "freq": 10,
        "cost_multiplier": 5,
        "pack_size": [ 5, 16 ],
        "conditions": [ "SPRING", "SUMMER", "AUTUMN" ]
      },
      { "monster": "mon_pig_saber", "freq": 50, "cost_multiplier": 5, "starts": 50, "pack_size": [ 1, 3 ] },
      {
        "monster": "mon_worm",
        "freq": 15,
        "cost_multiplier": 3,
        "conditions": [ "SPRING", "SUMMER", "AUTUMN" ],
        "pack_size": [ 1, 2 ]
      },
      {
        "monster": "mon_graboid",
        "freq": 10,
        "cost_multiplier": 5,
        "starts": 100,
        "conditions": [ "NIGHT", "SPRING", "SUMMER", "AUTUMN" ],
        "pack_size": [ 1, 3 ]
      },
      {
        "monster": "mon_feer",
        "freq": 5,
        "cost_multiplier": 3,
        "pack_size": [ 1, 2 ],
        "conditions": [ "DAWN", "DUSK", "SPRING", "SUMMER", "AUTUMN" ]
      },
      { "monster": "mon_fant", "freq": 5, "cost_multiplier": 3, "conditions": [ "SUMMER", "AUTUMN" ] },
      {
        "monster": "mon_furvivor",
        "freq": 10,
        "cost_multiplier": 5,
        "pack_size": [ 1, 4 ],
        "conditions": [ "SPRING", "SUMMER", "AUTUMN" ]
      },
      {
        "monster": "mon_furvivor_glock",
        "freq": 10,
        "cost_multiplier": 5,
        "pack_size": [ 1, 3 ],
        "conditions": [ "DAY", "DUSK", "SPRING", "SUMMER", "AUTUMN" ]
      },
      {
        "monster": "mon_furvivor_shotgun",
        "freq": 10,
        "cost_multiplier": 5,
        "conditions": [ "DAWN", "DUSK", "SUMMER", "AUTUMN" ],
        "starts": 25
      },
      { "monster": "mon_furvivor_pk", "freq": 5, "cost_multiplier": 5, "pack_size": [ 1, 3 ], "starts": 50 },
      {
        "monster": "mon_finecraft",
        "freq": 5,
        "cost_multiplier": 10,
        "pack_size": [ 1, 2 ],
        "conditions": [ "NIGHT", "SUMMER", "AUTUMN" ],
        "starts": 50
      },
      {
        "monster": "mon_fionaea",
        "freq": 5,
        "cost_multiplier": 10,
        "conditions": [ "DAWN", "DUSK", "SPRING", "SUMMER", "AUTUMN" ],
        "starts": 50
      },
      { "monster": "mon_zombie", "freq": 50, "cost_multiplier": 1, "pack_size": [ 1, 3 ] },
      { "monster": "mon_zombie_child", "freq": 30, "cost_multiplier": 1, "pack_size": [ 1, 2 ] },
      { "monster": "mon_zombie_rot", "freq": 20, "cost_multiplier": 1, "pack_size": [ 1, 3 ] },
      { "monster": "mon_zombie_dog", "freq": 30, "cost_multiplier": 1, "pack_size": [ 1, 3 ] },
      { "monster": "mon_dog_skeleton", "freq": 15, "cost_multiplier": 1, "pack_size": [ 1, 3 ] },
      { "monster": "mon_zolf_scorched", "freq": 10, "cost_multiplier": 20, "conditions": [ "DUSK", "NIGHT" ] },
      { "monster": "mon_zombear", "freq": 10, "cost_multiplier": 5 }
    ]
  },
  {
    "type": "monstergroup",
    "name": "GROUP_HORROR",
    "override": false,
    "freq_total": 1001,
    "default": "mon_null",
    "monsters": [
      { "monster": "mon_horror_dusk", "freq": 250, "cost_multiplier": 0, "conditions": [ "NIGHT", "DUSK" ] },
      {
        "monster": "mon_horror_dusk",
        "freq": 250,
        "cost_multiplier": 1,
        "pack_size": [ 2, 4 ],
        "conditions": [ "NIGHT", "DUSK" ]
      },
      { "monster": "mon_horror_dusk_queen", "freq": 0, "cost_multiplier": 0 }
    ]
  }
]
