[
  {
    "type": "monstergroup",
    "name": "GROUP_ZOMBIE",
    "override": false,
    "freq_total": 1001,
    "default": "mon_zombie",
    "monsters": [
      { "monster": "mon_zombie_pk", "freq": 10, "cost_multiplier": 3, "pack_size": [ 1, 3 ], "starts": 10 },
      { "monster": "mon_zombie_pk", "freq": 5, "cost_multiplier": 7, "pack_size": [ 2, 5 ], "starts": 25 },
      { "monster": "mon_zombie_pk", "freq": 4, "cost_multiplier": 13, "pack_size": [ 5, 10 ], "starts": 25 },
      { "monster": "mon_zombie_pk", "freq": 1, "cost_multiplier": 21, "pack_size": [ 10, 15 ], "starts": 50 },
      { "monster": "mon_zombie", "freq": 10, "cost_multiplier": 1, "pack_size": [ 1, 3 ] },
      { "monster": "mon_zombie_2", "freq": 10, "cost_multiplier": 1, "pack_size": [ 1, 3 ] },
      { "monster": "mon_zombie_3", "freq": 10, "cost_multiplier": 1, "pack_size": [ 1, 3 ] },
      { "monster": "mon_zombie", "freq": 10, "cost_multiplier": 1, "pack_size": [ 2, 5 ] },
      { "monster": "mon_zombie_2", "freq": 10, "cost_multiplier": 1, "pack_size": [ 2, 5 ] },
      { "monster": "mon_zombie_3", "freq": 10, "cost_multiplier": 1, "pack_size": [ 2, 5 ] },
      { "monster": "mon_zombie", "freq": 25, "cost_multiplier": 3, "pack_size": [ 5, 10 ] },
      { "monster": "mon_zombie", "freq": 10, "cost_multiplier": 5, "pack_size": [ 10, 15 ] },
      { "monster": "mon_zombie", "freq": 5, "cost_multiplier": 9, "pack_size": [ 15, 25 ] },
      { "monster": "mon_zombie_fat", "freq": 10, "cost_multiplier": 1 },
      { "monster": "mon_zombie_fat_2", "freq": 10, "cost_multiplier": 1, "pack_size": [ 1, 3 ] },
      { "monster": "mon_zombie_fat_3", "freq": 10, "cost_multiplier": 1, "pack_size": [ 1, 3 ] },
      { "monster": "mon_zombie_fat", "freq": 10, "cost_multiplier": 3, "pack_size": [ 2, 5 ] },
      { "monster": "mon_zombie_tough", "freq": 25, "cost_multiplier": 1 },
      { "monster": "mon_zombie_tough_2", "freq": 10, "cost_multiplier": 1, "pack_size": [ 1, 3 ], "starts": 20 },
      { "monster": "mon_zombie_tough_3", "freq": 10, "cost_multiplier": 1, "pack_size": [ 1, 3 ], "starts": 20 },
      { "monster": "mon_zombie_tough", "freq": 10, "cost_multiplier": 1, "pack_size": [ 2, 4 ], "starts": 30 },
      { "monster": "mon_zombie_tough", "freq": 5, "cost_multiplier": 5, "pack_size": [ 4, 7 ], "starts": 50 },
      { "monster": "mon_zombie_child", "freq": 15, "cost_multiplier": 1 },
      { "monster": "mon_zombie_child_2", "freq": 10, "cost_multiplier": 1, "pack_size": [ 1, 5 ] },
      { "monster": "mon_zombie_child_3", "freq": 10, "cost_multiplier": 1, "pack_size": [ 1, 5 ] },
      { "monster": "mon_zombie_child", "freq": 10, "cost_multiplier": 1, "pack_size": [ 3, 5 ] },
      { "monster": "mon_zombie_child", "freq": 5, "cost_multiplier": 3, "pack_size": [ 6, 12 ] },
      { "monster": "mon_zombie_child_pk", "freq": 5, "cost_multiplier": 10, "starts": 10 },
      { "monster": "mon_zombie_cripple", "freq": 20, "cost_multiplier": 1, "pack_size": [ 1, 2 ] },
      { "monster": "mon_zombie_blind", "freq": 20, "cost_multiplier": 1, "pack_size": [ 1, 2 ] },
      { "monster": "mon_zombie_blind_pk", "freq": 5, "cost_multiplier": 5, "pack_size": [ 1, 2 ], "starts": 20 },
      { "monster": "mon_zombie_rot", "freq": 14, "cost_multiplier": 1, "pack_size": [ 1, 2 ], "starts": 5 },
      { "monster": "mon_zombie_rot_pk", "freq": 5, "cost_multiplier": 5, "pack_size": [ 1, 2 ], "starts": 60 },
      { "monster": "mon_zombie_rot_flu", "freq": 7, "cost_multiplier": 1, "pack_size": [ 1, 2 ], "starts": 40 },
      { "monster": "mon_zombie_rot_pk_flu", "freq": 3, "cost_multiplier": 5, "pack_size": [ 1, 2 ], "starts": 60 },
      { "monster": "mon_zombie_rot_worms", "freq": 3, "cost_multiplier": 1, "pack_size": [ 1, 2 ], "starts": 80 },
      { "monster": "mon_zombie_rot_pk_worms", "freq": 1, "cost_multiplier": 5, "pack_size": [ 1, 2 ], "starts": 80 },
      { "monster": "mon_zombie_rot_pain", "freq": 1, "cost_multiplier": 1, "pack_size": [ 1, 2 ], "starts": 60 },
      { "monster": "mon_zombie_rot_pk_pain", "freq": 1, "cost_multiplier": 5, "pack_size": [ 1, 2 ], "starts": 60 },
      { "monster": "mon_skeleton", "freq": 14, "cost_multiplier": 1, "starts": 30 },
      { "monster": "mon_skeleton", "freq": 5, "cost_multiplier": 3, "pack_size": [ 2, 4 ], "starts": 60 },
      { "monster": "mon_zombie_crawler", "freq": 15, "cost_multiplier": 1 },
      { "monster": "mon_zombie_crawler", "freq": 3, "cost_multiplier": 1, "pack_size": [ 2, 5 ], "starts": 20 },
      {
        "monster": "mon_zombie_crawler_pk_weak",
        "freq": 1,
        "cost_multiplier": 20,
        "pack_size": [ 1, 3 ],
        "starts": 60
      },
      {
        "monster": "mon_zombie_crawler_pk",
        "freq": 1,
        "cost_multiplier": 55,
        "starts": 250,
        "conditions": [ "DUSK", "NIGHT" ]
      },
      { "monster": "mon_zombie_dog", "freq": 10, "cost_multiplier": 1 },
      { "monster": "mon_zombie_dog", "freq": 10, "cost_multiplier": 3, "pack_size": [ 2, 4 ] },
      { "monster": "mon_zombie_dog", "freq": 3, "cost_multiplier": 11, "pack_size": [ 4, 7 ], "starts": 2 },
      { "monster": "mon_zombie_dog", "freq": 2, "cost_multiplier": 20, "pack_size": [ 7, 10 ], "starts": 25 },
      { "monster": "mon_dog_skeleton", "freq": 10, "cost_multiplier": 3, "starts": 20 },
      { "monster": "mon_dog_skeleton", "freq": 3, "cost_multiplier": 15, "pack_size": [ 2, 5 ], "starts": 60 },
      { "monster": "mon_dog_zombie_cop", "freq": 5, "cost_multiplier": 3 },
      { "monster": "mon_dog_zombie_rot", "freq": 5, "cost_multiplier": 9, "pack_size": [ 1, 2 ], "starts": 20 },
      { "monster": "mon_dog_zombie_rot_worms", "freq": 1, "cost_multiplier": 9, "pack_size": [ 1, 2 ], "starts": 50 },
      { "monster": "mon_dog_zombie_rot_pain", "freq": 1, "cost_multiplier": 9, "pack_size": [ 1, 2 ], "starts": 40 },
      { "monster": "mon_zombie_soldier", "freq": 10, "cost_multiplier": 2 },
      { "monster": "mon_zombie_soldier", "freq": 3, "cost_multiplier": 8, "pack_size": [ 2, 6 ], "starts": 2 },
      { "monster": "mon_zombie_cop", "freq": 15, "cost_multiplier": 3 },
      { "monster": "mon_zombie_hazmat", "freq": 10, "cost_multiplier": 3 },
      { "monster": "mon_zombie_fireman", "freq": 5, "cost_multiplier": 2 },
      { "monster": "mon_zombie_swimmer", "freq": 1, "cost_multiplier": 1 },
      { "monster": "mon_zombie_swimmer_pk", "freq": 1, "cost_multiplier": 1 },
      { "monster": "mon_zombie_scales", "freq": 1, "cost_multiplier": 9, "starts": 50 },
      { "monster": "mon_zombie_grabber", "freq": 50, "cost_multiplier": 1, "pack_size": [ 1, 3 ], "starts": 50 },
      { "monster": "mon_zombie_grabber", "freq": 15, "cost_multiplier": 3, "pack_size": [ 4, 7 ], "starts": 70 },
      { "monster": "mon_zombie_grappler", "freq": 10, "cost_multiplier": 7, "starts": 120 },
      { "monster": "mon_zombie_grappler", "freq": 5, "cost_multiplier": 15, "pack_size": [ 2, 3 ], "starts": 240 },
      { "monster": "mon_zombie_runner_pk", "freq": 10, "cost_multiplier": 1, "pack_size": [ 1, 4 ], "starts": 130 },
      { "monster": "mon_zombie_runner_pk", "freq": 5, "cost_multiplier": 3, "pack_size": [ 3, 6 ], "starts": 160 },
      { "monster": "mon_zombie_runner", "freq": 5, "cost_multiplier": 1 },
      { "monster": "mon_zombie_runner", "freq": 10, "cost_multiplier": 1, "pack_size": [ 1, 3 ], "starts": 20 },
      { "monster": "mon_zombie_runner", "freq": 2, "cost_multiplier": 7, "pack_size": [ 3, 6 ], "starts": 60 },
      { "monster": "mon_zombie_hunter", "freq": 3, "cost_multiplier": 5, "starts": 60 },
      { "monster": "mon_zombie_hunter", "freq": 3, "cost_multiplier": 10, "pack_size": [ 1, 2 ], "starts": 80 },
      { "monster": "mon_zombie_gasbag", "freq": 10, "cost_multiplier": 5, "starts": 5 },
      { "monster": "mon_zombie_gasbag", "freq": 5, "cost_multiplier": 15, "pack_size": [ 1, 3 ], "starts": 50 },
      { "monster": "mon_zombie_smoker", "freq": 10, "cost_multiplier": 5, "starts": 5 },
      { "monster": "mon_zombie_smoker", "freq": 5, "cost_multiplier": 10, "pack_size": [ 1, 3 ], "starts": 5 },
      { "monster": "mon_zombie_smoker_pk", "freq": 1, "cost_multiplier": 15, "pack_size": [ 1, 2 ], "starts": 25 },
      { "monster": "mon_zombie_radbag", "freq": 1, "cost_multiplier": 15, "pack_size": [ 1, 2 ], "starts": 40 },
      { "monster": "mon_charred_nightmare", "freq": 1, "cost_multiplier": 15, "starts": 40 },
      { "monster": "mon_boomer", "freq": 20, "cost_multiplier": 1 },
      { "monster": "mon_boomer", "freq": 5, "cost_multiplier": 15, "pack_size": [ 2, 4 ], "starts": 20 },
      { "monster": "mon_boomer_huge_pk", "freq": 5, "cost_multiplier": 3, "starts": 60 },
      { "monster": "mon_boomer_huge", "freq": 5, "cost_multiplier": 7, "starts": 60 },
      { "monster": "mon_zombie_shrieker", "freq": 20, "cost_multiplier": 1 },
      { "monster": "mon_zombie_shrieker", "freq": 5, "cost_multiplier": 3, "pack_size": [ 1, 3 ], "starts": 30 },
      { "monster": "mon_zombie_acidic", "freq": 20, "cost_multiplier": 1 },
      { "monster": "mon_zombie_acidic", "freq": 5, "cost_multiplier": 7, "pack_size": [ 2, 3 ], "starts": 35 },
      { "monster": "mon_zombie_acidic_pk", "freq": 5, "cost_multiplier": 7, "pack_size": [ 1, 3 ], "starts": 70 },
      { "monster": "mon_zombie_spitter", "freq": 15, "cost_multiplier": 5, "starts": 40 },
      { "monster": "mon_zombie_spitter", "freq": 5, "cost_multiplier": 11, "pack_size": [ 1, 3 ], "starts": 140 },
      { "monster": "mon_zombie_electric", "freq": 15, "cost_multiplier": 6, "starts": 5 },
      { "monster": "mon_zombie_electric", "freq": 3, "cost_multiplier": 12, "pack_size": [ 1, 3 ], "starts": 60 },
      { "monster": "mon_zombie_electric_pk", "freq": 2, "cost_multiplier": 14, "pack_size": [ 1, 2 ], "starts": 90 },
      { "monster": "mon_zombie_brute_shocker", "freq": 2, "cost_multiplier": 40, "starts": 40 },
      { "monster": "mon_zombie_brute_shocker", "freq": 1, "cost_multiplier": 60, "pack_size": [ 1, 2 ], "starts": 100 },
      { "monster": "mon_zombie_brute", "freq": 15, "cost_multiplier": 15, "starts": 40 },
      { "monster": "mon_zombie_brute", "freq": 5, "cost_multiplier": 30, "pack_size": [ 1, 3 ], "starts": 60 },
      { "monster": "mon_zombie_brute_ninja", "freq": 1, "cost_multiplier": 20, "starts": 100 },
      { "monster": "mon_zombie_brute_grappler", "freq": 1, "cost_multiplier": 20, "starts": 100 },
      { "monster": "mon_zombie_hulk", "freq": 1, "cost_multiplier": 50, "starts": 60 },
      { "monster": "mon_zombie_necro", "freq": 2, "cost_multiplier": 25, "pack_size": [ 1, 2 ], "starts": 40 },
      { "monster": "mon_zombie_necro_pk", "freq": 1, "cost_multiplier": 50, "pack_size": [ 1, 2 ], "starts": 70 },
      { "monster": "mon_zombie_survivor", "freq": 5, "cost_multiplier": 40, "pack_size": [ 1, 3 ] },
      { "monster": "mon_zombie_master", "freq": 2, "cost_multiplier": 30, "starts": 60 },
      { "monster": "mon_zombie_master", "freq": 1, "cost_multiplier": 60, "pack_size": [ 1, 2 ], "starts": 80 },
      { "monster": "mon_zombie_shady", "freq": 15, "cost_multiplier": 3, "pack_size": [ 1, 2 ] },
      { "monster": "mon_zombie_shady", "freq": 5, "cost_multiplier": 15, "pack_size": [ 2, 5 ], "starts": 10 },
      { "monster": "mon_zombie_hollow", "freq": 3, "cost_multiplier": 10, "starts": 60 },
      { "monster": "mon_beekeeper", "freq": 10, "cost_multiplier": 1, "pack_size": [ 2, 5 ] },
      { "monster": "mon_beekeeper_pk", "freq": 2, "cost_multiplier": 7, "pack_size": [ 2, 5 ], "starts": 10 },
      { "monster": "mon_zombie_technician", "freq": 3, "cost_multiplier": 10 },
      { "monster": "mon_zombie_scorched", "freq": 2, "cost_multiplier": 8, "pack_size": [ 1, 4 ] },
      { "monster": "mon_zombie_fiend", "freq": 2, "cost_multiplier": 14, "pack_size": [ 1, 2 ], "starts": 25 },
      {
        "monster": "mon_zombie_crawler_scorched",
        "freq": 2,
        "cost_multiplier": 2,
        "pack_size": [ 1, 2 ],
        "starts": 20
      },
      {
        "monster": "mon_zombie_child_scorched",
        "freq": 2,
        "cost_multiplier": 14,
        "pack_size": [ 1, 4 ],
        "starts": 20
      },
      {
        "monster": "mon_zombie_fiend_shocker",
        "freq": 2,
        "cost_multiplier": 12,
        "pack_size": [ 1, 2 ],
        "starts": 60,
        "conditions": [ "DUSK", "DAY", "DAWN" ]
      },
      {
        "monster": "mon_zombie_scorched_necro",
        "freq": 2,
        "cost_multiplier": 20,
        "pack_size": [ 1, 3 ],
        "starts": 75,
        "conditions": [ "DUSK", "DAWN" ]
      },
      {
        "monster": "mon_zombie_scorched_master",
        "freq": 2,
        "cost_multiplier": 20,
        "pack_size": [ 1, 3 ],
        "starts": 85,
        "conditions": [ "DUSK", "DAWN" ]
      },
      {
        "monster": "mon_zolf_scorched",
        "freq": 5,
        "cost_multiplier": 20,
        "conditions": [ "WINTER", "DUSK", "NIGHT" ]
      },
      { "monster": "mon_zombie", "freq": 15, "cost_multiplier": 1, "pack_size": [ 1, 3 ], "ends": 50 },
      { "monster": "mon_zombie_2", "freq": 10, "cost_multiplier": 1, "pack_size": [ 1, 3 ], "ends": 50 },
      { "monster": "mon_zombie_3", "freq": 10, "cost_multiplier": 1, "pack_size": [ 1, 3 ], "ends": 50 },
      { "monster": "mon_zombie_grabber", "freq": 15, "cost_multiplier": 1, "pack_size": [ 1, 3 ], "ends": 50 },
      { "monster": "mon_zombie_runner_pk", "freq": 15, "cost_multiplier": 1, "pack_size": [ 1, 3 ], "ends": 50 },
      { "monster": "mon_pidgeon", "freq": 10, "cost_multiplier": 0, "pack_size": [ 1, 4 ] },
      { "monster": "mon_pidgeon", "freq": 10, "cost_multiplier": 1, "pack_size": [ 5, 9 ] },
      { "monster": "mon_crow", "freq": 15, "cost_multiplier": 0, "pack_size": [ 4, 8 ] },
      { "monster": "mon_gull", "freq": 5, "cost_multiplier": 0, "conditions": [ "DAY" ], "pack_size": [ 2, 7 ] },
      {
        "monster": "mon_sewer_rat",
        "freq": 5,
        "cost_multiplier": 1,
        "pack_size": [ 1, 5 ],
        "conditions": [ "SPRING", "SUMMER", "AUTUMN" ]
      },
      {
        "monster": "mon_sewer_rat",
        "freq": 5,
        "cost_multiplier": 5,
        "pack_size": [ 5, 12 ],
        "conditions": [ "DUSK", "NIGHT", "SPRING", "SUMMER", "AUTUMN" ]
      },
      {
        "monster": "mon_black_rat",
        "freq": 5,
        "cost_multiplier": 1,
        "pack_size": [ 1, 5 ],
        "conditions": [ "SPRING", "SUMMER", "AUTUMN" ]
      },
      {
        "monster": "mon_black_rat",
        "freq": 5,
        "cost_multiplier": 5,
        "pack_size": [ 5, 12 ],
        "conditions": [ "DUSK", "NIGHT", "SPRING", "SUMMER", "AUTUMN" ]
      }
    ],
    "replace_monster_group": true,
    "new_monster_group_id": "GROUP_ZOMBIE_MID",
    "replacement_time": 14,
    "//": "(replacement_time * difficulty)DAYS *(SEASON_LENGTH / 14)"
  },
  {
    "type": "monstergroup",
    "name": "GROUP_ZOMBIE_MID",
    "//": "PKs Mid spawn list.  After the threshold for the formula in Group_Zom is reached, this list should start to take over.",
    "default": "mon_null",
    "monsters": [
      { "monster": "mon_zombie_pk", "freq": 50, "cost_multiplier": 3, "pack_size": [ 1, 3 ], "starts": 10 },
      { "monster": "mon_zombie_pk", "freq": 25, "cost_multiplier": 5, "pack_size": [ 2, 5 ], "starts": 14 },
      { "monster": "mon_zombie_pk", "freq": 20, "cost_multiplier": 7, "pack_size": [ 5, 10 ], "starts": 20 },
      { "monster": "mon_zombie_pk", "freq": 5, "cost_multiplier": 13, "pack_size": [ 10, 15 ], "starts": 40 },
      { "monster": "mon_zombie_pk", "freq": 5, "cost_multiplier": 20, "pack_size": [ 15, 20 ], "starts": 60 },
      { "monster": "mon_zombie", "freq": 10, "cost_multiplier": 7, "pack_size": [ 5, 10 ] },
      { "monster": "mon_zombie_2", "freq": 10, "cost_multiplier": 7, "pack_size": [ 5, 10 ] },
      { "monster": "mon_zombie_3", "freq": 10, "cost_multiplier": 7, "pack_size": [ 5, 10 ] },
      { "monster": "mon_zombie_fat", "freq": 15, "cost_multiplier": 8, "pack_size": [ 2, 4 ] },
      { "monster": "mon_zombie_fat_2", "freq": 10, "cost_multiplier": 4, "pack_size": [ 1, 3 ] },
      { "monster": "mon_zombie_fat_3", "freq": 10, "cost_multiplier": 4, "pack_size": [ 1, 3 ] },
      { "monster": "mon_zombie_tough", "freq": 10, "cost_multiplier": 9, "pack_size": [ 1, 3 ] },
      { "monster": "mon_zombie_tough_2", "freq": 10, "cost_multiplier": 6, "pack_size": [ 1, 3 ] },
      { "monster": "mon_zombie_tough_3", "freq": 10, "cost_multiplier": 6, "pack_size": [ 1, 3 ] },
      { "monster": "mon_zombie_tough", "freq": 20, "cost_multiplier": 15, "pack_size": [ 2, 5 ], "starts": 60 },
      { "monster": "mon_zombie_anklebiter", "freq": 2, "cost_multiplier": 1, "starts": 60 },
      { "monster": "mon_zombie_sproglodyte", "freq": 1, "cost_multiplier": 1, "starts": 70 },
      { "monster": "mon_zombie_shriekling", "freq": 2, "cost_multiplier": 1, "starts": 80 },
      { "monster": "mon_zombie_creepy", "freq": 1, "cost_multiplier": 1, "starts": 90 },
      { "monster": "mon_zombie_snotgobbler", "freq": 1, "cost_multiplier": 1, "starts": 100 },
      { "monster": "mon_zombie_waif", "freq": 1, "cost_multiplier": 1, "starts": 120 },
      { "monster": "mon_zombie_child", "freq": 10, "cost_multiplier": 5, "pack_size": [ 1, 5 ] },
      { "monster": "mon_zombie_child_2", "freq": 10, "cost_multiplier": 5, "pack_size": [ 1, 5 ], "starts": 2 },
      { "monster": "mon_zombie_child_3", "freq": 10, "cost_multiplier": 5, "pack_size": [ 1, 5 ], "starts": 2 },
      { "monster": "mon_zombie_child", "freq": 20, "cost_multiplier": 10, "pack_size": [ 6, 10 ] },
      { "monster": "mon_zombie_child_pk", "freq": 10, "cost_multiplier": 3, "pack_size": [ 2, 5 ], "starts": 50 },
      { "monster": "mon_zombie_cripple", "freq": 5, "cost_multiplier": 2, "pack_size": [ 1, 2 ] },
      { "monster": "mon_zombie_blind", "freq": 5, "cost_multiplier": 2, "pack_size": [ 1, 2 ] },
      { "monster": "mon_zombie_blind_pk", "freq": 10, "cost_multiplier": 9, "pack_size": [ 1, 2 ], "starts": 40 },
      { "monster": "mon_zombie_rot", "freq": 5, "cost_multiplier": 3, "pack_size": [ 1, 2 ], "starts": 40 },
      { "monster": "mon_zombie_rot_pk", "freq": 5, "cost_multiplier": 5, "pack_size": [ 1, 2 ], "starts": 60 },
      { "monster": "mon_zombie_rot_flu", "freq": 7, "cost_multiplier": 1, "pack_size": [ 1, 2 ], "starts": 80 },
      { "monster": "mon_zombie_rot_pk_flu", "freq": 3, "cost_multiplier": 5, "pack_size": [ 1, 2 ], "starts": 90 },
      { "monster": "mon_zombie_rot_worms", "freq": 3, "cost_multiplier": 1, "pack_size": [ 1, 2 ], "starts": 100 },
      { "monster": "mon_zombie_rot_pk_worms", "freq": 1, "cost_multiplier": 5, "pack_size": [ 1, 2 ], "starts": 120 },
      { "monster": "mon_zombie_rot_pain", "freq": 1, "cost_multiplier": 1, "pack_size": [ 1, 2 ], "starts": 120 },
      { "monster": "mon_zombie_rot_pk_pain", "freq": 1, "cost_multiplier": 5, "pack_size": [ 1, 2 ], "starts": 140 },
      { "monster": "mon_skeleton", "freq": 10, "cost_multiplier": 8, "pack_size": [ 1, 4 ], "starts": 10 },
      { "monster": "mon_zombie_crawler", "freq": 5, "cost_multiplier": 12, "pack_size": [ 1, 4 ], "starts": 40 },
      { "monster": "mon_zombie_crawler_pk_weak", "freq": 2, "cost_multiplier": 12, "starts": 100 },
      {
        "monster": "mon_zombie_crawler_pk",
        "freq": 1,
        "cost_multiplier": 25,
        "starts": 560,
        "conditions": [ "DUSK", "NIGHT" ]
      },
      { "monster": "mon_zombie_dog", "freq": 10, "cost_multiplier": 6, "pack_size": [ 1, 3 ] },
      { "monster": "mon_zombie_dog", "freq": 10, "cost_multiplier": 14, "pack_size": [ 2, 5 ] },
      { "monster": "mon_zombie_dog", "freq": 2, "cost_multiplier": 20, "pack_size": [ 6, 9 ] },
      { "monster": "mon_zombie_dog_pk", "freq": 3, "cost_multiplier": 20, "pack_size": [ 1, 3 ], "starts": 200 },
      { "monster": "mon_dog_skeleton", "freq": 10, "cost_multiplier": 5, "starts": 200 },
      { "monster": "mon_dog_skeleton", "freq": 10, "cost_multiplier": 20, "pack_size": [ 2, 4 ], "starts": 200 },
      { "monster": "mon_dog_skeleton_pk", "freq": 1, "cost_multiplier": 30, "starts": 320 },
      { "monster": "mon_dog_zombie_cop", "freq": 5, "cost_multiplier": 5 },
      { "monster": "mon_dog_zombie_rot", "freq": 5, "cost_multiplier": 10, "pack_size": [ 3, 7 ], "starts": 120 },
      { "monster": "mon_dog_zombie_rot_worms", "freq": 1, "cost_multiplier": 9, "pack_size": [ 1, 2 ], "starts": 130 },
      { "monster": "mon_dog_zombie_rot_pain", "freq": 1, "cost_multiplier": 9, "pack_size": [ 1, 2 ], "starts": 130 },
      { "monster": "mon_dog_zombie_cop_pk", "freq": 2, "cost_multiplier": 20, "pack_size": [ 1, 2 ], "starts": 120 },
      { "monster": "mon_zombie_soldier", "freq": 10, "cost_multiplier": 2 },
      { "monster": "mon_zombie_soldier", "freq": 5, "cost_multiplier": 8, "pack_size": [ 2, 6 ] },
      { "monster": "mon_zombie_cop", "freq": 10, "cost_multiplier": 3 },
      { "monster": "mon_zombie_hazmat", "freq": 10, "cost_multiplier": 3 },
      { "monster": "mon_zombie_fireman", "freq": 5, "cost_multiplier": 2 },
      { "monster": "mon_zombie_swimmer", "freq": 1, "cost_multiplier": 5 },
      { "monster": "mon_zombie_swimmer_pk", "freq": 1, "cost_multiplier": 5, "starts": 120 },
      { "monster": "mon_zombie_grabber", "freq": 30, "cost_multiplier": 20, "pack_size": [ 3, 5 ], "starts": 120 },
      { "monster": "mon_zombie_grappler", "freq": 15, "cost_multiplier": 10, "starts": 240 },
      { "monster": "mon_zombie_grappler", "freq": 5, "cost_multiplier": 20, "pack_size": [ 2, 3 ], "starts": 240 },
      { "monster": "mon_zombie_biter", "freq": 10, "cost_multiplier": 5, "starts": 260 },
      { "monster": "mon_zombie_scales", "freq": 1, "cost_multiplier": 15, "pack_size": [ 1, 2 ], "starts": 270 },
      { "monster": "mon_zombie_runner_pk", "freq": 5, "cost_multiplier": 1, "pack_size": [ 2, 5 ], "starts": 480 },
      { "monster": "mon_zombie_runner_pk", "freq": 5, "cost_multiplier": 1, "pack_size": [ 4, 7 ], "starts": 480 },
      { "monster": "mon_zombie_runner", "freq": 15, "cost_multiplier": 5, "pack_size": [ 1, 3 ], "starts": 120 },
      { "monster": "mon_zombie_hunter", "freq": 5, "cost_multiplier": 15, "pack_size": [ 1, 3 ], "starts": 280 },
      { "monster": "mon_zombie_predator", "freq": 3, "cost_multiplier": 15, "pack_size": [ 1, 2 ], "starts": 480 },
      { "monster": "mon_zombie_gasbag", "freq": 10, "cost_multiplier": 5, "starts": 200 },
      { "monster": "mon_zombie_gasbag", "freq": 5, "cost_multiplier": 15, "pack_size": [ 2, 4 ], "starts": 220 },
      { "monster": "mon_zombie_smoker", "freq": 9, "cost_multiplier": 5, "starts": 160 },
      { "monster": "mon_zombie_smoker", "freq": 5, "cost_multiplier": 10, "pack_size": [ 1, 3 ], "starts": 180 },
      { "monster": "mon_zombie_smoker_pk", "freq": 1, "cost_multiplier": 15, "pack_size": [ 1, 2 ], "starts": 360 },
      { "monster": "mon_zombie_gasbag_pk", "freq": 2, "cost_multiplier": 10, "starts": 380 },
      { "monster": "mon_zombie_gasbag_pk", "freq": 1, "cost_multiplier": 35, "pack_size": [ 1, 3 ], "starts": 400 },
      { "monster": "mon_zombie_radbag", "freq": 2, "cost_multiplier": 15, "pack_size": [ 1, 3 ], "starts": 560 },
      { "monster": "mon_charred_nightmare", "freq": 2, "cost_multiplier": 15, "pack_size": [ 1, 2 ], "starts": 800 },
      { "monster": "mon_skeleton_hulk", "freq": 10, "cost_multiplier": 25, "starts": 960 },
      { "monster": "mon_boomer", "freq": 5, "cost_multiplier": 5 },
      { "monster": "mon_boomer", "freq": 10, "cost_multiplier": 15, "pack_size": [ 2, 4 ], "starts": 40 },
      { "monster": "mon_boomer_huge_pk", "freq": 5, "cost_multiplier": 3, "pack_size": [ 1, 3 ], "starts": 180 },
      { "monster": "mon_boomer_huge", "freq": 5, "cost_multiplier": 14, "pack_size": [ 1, 3 ], "starts": 100 },
      { "monster": "mon_zombie_shrieker", "freq": 15, "cost_multiplier": 5 },
      { "monster": "mon_zombie_shrieker", "freq": 5, "cost_multiplier": 10, "pack_size": [ 2, 4 ], "starts": 50 },
      { "monster": "mon_zombie_screecher", "freq": 3, "cost_multiplier": 14, "pack_size": [ 1, 2 ], "starts": 120 },
      { "monster": "mon_zombie_acidic", "freq": 5, "cost_multiplier": 9, "pack_size": [ 2, 4 ], "starts": 200 },
      { "monster": "mon_zombie_acidic_pk", "freq": 5, "cost_multiplier": 7, "pack_size": [ 2, 4 ], "starts": 480 },
      { "monster": "mon_zombie_spitter", "freq": 10, "cost_multiplier": 5, "starts": 200 },
      { "monster": "mon_zombie_spitter", "freq": 5, "cost_multiplier": 15, "pack_size": [ 2, 4 ], "starts": 900 },
      { "monster": "mon_zombie_corrosive", "freq": 4, "cost_multiplier": 15, "starts": 200 },
      { "monster": "mon_zombie_corrosive", "freq": 1, "cost_multiplier": 24, "pack_size": [ 1, 3 ], "starts": 400 },
      { "monster": "mon_zombie_electric", "freq": 15, "cost_multiplier": 6, "starts": 300 },
      { "monster": "mon_zombie_electric", "freq": 3, "cost_multiplier": 14, "pack_size": [ 2, 3 ], "starts": 400 },
      { "monster": "mon_zombie_electric_pk", "freq": 2, "cost_multiplier": 14, "pack_size": [ 1, 2 ], "starts": 700 },
      { "monster": "mon_zombie_brute_shocker", "freq": 3, "cost_multiplier": 30, "starts": 140 },
      { "monster": "mon_zombie_brute_shocker", "freq": 2, "cost_multiplier": 50, "pack_size": [ 1, 2 ], "starts": 500 },
      { "monster": "mon_zombie_brute", "freq": 15, "cost_multiplier": 15, "starts": 40 },
      { "monster": "mon_zombie_brute", "freq": 3, "cost_multiplier": 30, "pack_size": [ 2, 3 ], "starts": 480 },
      { "monster": "mon_zombie_brute_ninja", "freq": 1, "cost_multiplier": 20, "starts": 550 },
      { "monster": "mon_zombie_brute_grappler", "freq": 1, "cost_multiplier": 20, "starts": 550 },
      { "monster": "mon_zombie_hulk", "freq": 1, "cost_multiplier": 50, "starts": 300 },
      { "monster": "mon_zombie_necro", "freq": 3, "cost_multiplier": 25, "pack_size": [ 1, 2 ], "starts": 300 },
      { "monster": "mon_zombie_necro_pk", "freq": 2, "cost_multiplier": 50, "starts": 700 },
      { "monster": "mon_zombie_survivor", "freq": 10, "cost_multiplier": 40, "pack_size": [ 1, 5 ], "starts": 240 },
      { "monster": "mon_zombie_master", "freq": 2, "cost_multiplier": 30, "pack_size": [ 1, 2 ], "starts": 700 },
      { "monster": "mon_zombie_master_pk", "freq": 1, "cost_multiplier": 60, "starts": 1000 },
      { "monster": "mon_zombie_lord", "freq": 2, "cost_multiplier": 60, "conditions": [ "DUSK", "NIGHT", "DAWN" ], "starts": 1200 },
      { "monster": "mon_zombie_shady", "freq": 25, "cost_multiplier": 10, "pack_size": [ 1, 4 ], "starts": 20 },
      { "monster": "mon_zombie_shady", "freq": 5, "cost_multiplier": 25, "pack_size": [ 2, 5 ], "starts": 40 },
      { "monster": "mon_zombie_shady_pk", "freq": 1, "cost_multiplier": 25, "pack_size": [ 1, 2 ], "starts": 240 },
      { "monster": "mon_zombie_hollow", "freq": 15, "cost_multiplier": 10, "starts": 340 },
      { "monster": "mon_zombie_hollow", "freq": 10, "cost_multiplier": 30, "pack_size": [ 2, 4 ], "starts": 500 },
      { "monster": "mon_zombie_hollow_pk", "freq": 3, "cost_multiplier": 30, "pack_size": [ 1, 3 ], "starts": 700 },
      { "monster": "mon_beekeeper", "freq": 6, "cost_multiplier": 3, "pack_size": [ 2, 5 ] },
      { "monster": "mon_beekeeper_pk", "freq": 4, "cost_multiplier": 10, "pack_size": [ 1, 5 ], "starts": 100 },
      { "monster": "mon_zombie_technician", "freq": 3, "cost_multiplier": 12 },
      { "monster": "mon_zombie_scorched", "freq": 4, "cost_multiplier": 8, "pack_size": [ 1, 4 ], "starts": 5 },
      { "monster": "mon_zombie_fiend", "freq": 4, "cost_multiplier": 14, "pack_size": [ 1, 2 ], "starts": 50 },
      {
        "monster": "mon_zombie_child_scorched",
        "freq": 4,
        "cost_multiplier": 14,
        "pack_size": [ 2, 8 ],
        "starts": 40
      },
      { "monster": "mon_zombie_fiend_shocker", "freq": 4, "cost_multiplier": 12, "pack_size": [ 1, 2 ], "starts": 100 },
      {
        "monster": "mon_zombie_scorched_shocker",
        "freq": 4,
        "cost_multiplier": 10,
        "pack_size": [ 1, 3 ],
        "starts": 100,
        "conditions": [ "DUSK", "DAY", "DAWN" ]
      },
      {
        "monster": "mon_zombie_scorched_necro",
        "freq": 5,
        "cost_multiplier": 18,
        "pack_size": [ 1, 3 ],
        "starts": 60,
        "conditions": [ "DUSK", "DAWN" ]
      },
      {
        "monster": "mon_zombie_scorched_master",
        "freq": 5,
        "cost_multiplier": 18,
        "pack_size": [ 1, 3 ],
        "starts": 300,
        "conditions": [ "DUSK", "DAWN" ]
      },
      {
        "monster": "mon_zolf_scorched",
        "freq": 5,
        "cost_multiplier": 25,
        "conditions": [ "WINTER", "DUSK", "NIGHT" ]
      },
      { "monster": "mon_blob", "freq": 6, "cost_multiplier": 5 },
      { "monster": "mon_blob_large", "freq": 4, "cost_multiplier": 10, "starts": 120 },
      { "monster": "mon_pidgeon", "freq": 10, "cost_multiplier": 0, "pack_size": [ 1, 4 ] },
      { "monster": "mon_pidgeon", "freq": 10, "cost_multiplier": 1, "pack_size": [ 5, 9 ] },
      { "monster": "mon_crow", "freq": 15, "cost_multiplier": 1, "pack_size": [ 4, 8 ] },
      { "monster": "mon_gull", "freq": 5, "cost_multiplier": 0, "conditions": [ "DAY" ], "pack_size": [ 2, 7 ] },
      {
        "monster": "mon_sewer_rat",
        "freq": 5,
        "cost_multiplier": 1,
        "pack_size": [ 1, 5 ],
        "conditions": [ "SPRING", "SUMMER", "AUTUMN" ]
      },
      {
        "monster": "mon_sewer_rat",
        "freq": 5,
        "cost_multiplier": 5,
        "pack_size": [ 5, 12 ],
        "conditions": [ "DUSK", "NIGHT", "SPRING", "SUMMER", "AUTUMN" ]
      },
      {
        "monster": "mon_black_rat",
        "freq": 5,
        "cost_multiplier": 1,
        "pack_size": [ 1, 5 ],
        "conditions": [ "SPRING", "SUMMER", "AUTUMN" ]
      },
      {
        "monster": "mon_black_rat",
        "freq": 5,
        "cost_multiplier": 5,
        "pack_size": [ 5, 12 ],
        "conditions": [ "DUSK", "NIGHT", "SPRING", "SUMMER", "AUTUMN" ]
      }
    ]
  },
  {
    "type": "monstergroup",
    "name": "GROUP_MAYBE_MIL",
    "override": false,
    "freq_total": 1001,
    "default": "mon_null",
    "monsters": [
      { "monster": "mon_zombie_soldier", "freq": 50, "cost_multiplier": 1, "pack_size": [ 1, 2 ] },
      { "monster": "mon_zombie_soldier", "freq": 150, "cost_multiplier": 3, "pack_size": [ 2, 6 ] },
      { "monster": "mon_zombie_soldier", "freq": 25, "cost_multiplier": 5, "pack_size": [ 7, 12 ] },
      { "monster": "mon_zombie_cop", "freq": 75, "cost_multiplier": 3, "pack_size": [ 2, 6 ] },
      { "monster": "mon_zombie_cop", "freq": 25, "cost_multiplier": 5, "pack_size": [ 7, 12 ] },
      { "monster": "mon_zombie_grenadier", "freq": 35, "cost_multiplier": 50, "pack_size": [ 1, 2 ] },
      { "monster": "mon_zombie_flamer", "freq": 10, "cost_multiplier": 50 },
      { "monster": "mon_zombie_smoker_pk", "freq": 1, "cost_multiplier": 20, "pack_size": [ 1, 3 ] },
      { "monster": "mon_zombie_grenadier_elite", "freq": 15, "cost_multiplier": 80 },
      { "monster": "mon_eyebot", "freq": 100, "cost_multiplier": 3, "pack_size": [ 1, 2 ] },
      { "monster": "mon_copbot", "freq": 50, "cost_multiplier": 3, "pack_size": [ 1, 3 ] },
      { "monster": "mon_broken_cyborg", "freq": 50, "cost_multiplier": 3 },
      { "monster": "mon_tripod", "freq": 50, "cost_multiplier": 5 },
      { "monster": "mon_tankbot", "freq": 15, "cost_multiplier": 5 }
    ]
  },
  {
    "type": "monstergroup",
    "name": "GROUP_MAYBE_ZOMBIE",
    "override": false,
    "freq_total": 1001,
    "default": "mon_null",
    "monsters": [
      { "monster": "mon_pidgeon", "freq": 50, "cost_multiplier": 0, "pack_size": [ 1, 3 ] },
      { "monster": "mon_pidgeon", "freq": 25, "cost_multiplier": 0, "pack_size": [ 3, 7 ] },
      {
        "monster": "mon_zolf_shady",
        "freq": 10,
        "cost_multiplier": 4,
        "starts": 60,
        "pack_size": [ 2, 5 ],
        "conditions": [ "NIGHT" ]
      },
      { "monster": "mon_copbot", "freq": 25, "cost_multiplier": 3, "pack_size": [ 1, 3 ] },
      { "monster": "mon_riotbot", "freq": 25, "cost_multiplier": 3, "pack_size": [ 1, 3 ] },
      { "monster": "mon_eyebot", "freq": 50, "cost_multiplier": 0, "pack_size": [ 1, 3 ] },
      { "monster": "mon_broken_cyborg", "freq": 25, "cost_multiplier": 3 },
      { "monster": "mon_cyborg_cop", "freq": 25, "cost_multiplier": 5 },
      { "monster": "mon_robot_drone", "freq": 15, "cost_multiplier": 5 },
      {
        "monster": "mon_moth",
        "freq": 100,
        "cost_multiplier": 3,
        "conditions": [ "DUSK", "NIGHT", "SPRING", "SUMMER", "AUTUMN" ]
      },
      { "monster": "mon_butterfly", "freq": 25, "cost_multiplier": 3, "conditions": [ "DAWN", "DAY", "SPRING" ] },
      { "monster": "mon_zombie_radbag", "freq": 25, "cost_multiplier": 5 },
      { "monster": "mon_zombie_cripple", "freq": 50, "cost_multiplier": 2, "pack_size": [ 1, 3 ] },
      { "monster": "mon_zombie_blind", "freq": 50, "cost_multiplier": 2, "pack_size": [ 1, 3 ] },
      { "monster": "mon_zombie_blind_pk", "freq": 25, "cost_multiplier": 9, "pack_size": [ 1, 3 ] },
      { "monster": "mon_zombie", "freq": 100, "cost_multiplier": 0, "pack_size": [ 1, 5 ] },
      { "monster": "mon_zombie_fat", "freq": 35, "cost_multiplier": 2, "pack_size": [ 1, 5 ] },
      { "monster": "mon_zombie_tough", "freq": 35, "cost_multiplier": 3, "pack_size": [ 1, 5 ] },
      { "monster": "mon_zombie_rot", "freq": 5, "cost_multiplier": 3, "pack_size": [ 1, 4 ] },
      { "monster": "mon_zombie_rot_pk", "freq": 5, "cost_multiplier": 5, "pack_size": [ 1, 4 ], "starts": 120 },
      { "monster": "mon_zombie_rot_flu", "freq": 3, "cost_multiplier": 1, "pack_size": [ 1, 3 ], "starts": 20 },
      { "monster": "mon_zombie_rot_pk_flu", "freq": 3, "cost_multiplier": 5, "pack_size": [ 1, 3 ], "starts": 140 },
      { "monster": "mon_zombie_rot_worms", "freq": 3, "cost_multiplier": 1, "pack_size": [ 1, 3 ], "starts": 50 },
      { "monster": "mon_zombie_rot_pk_worms", "freq": 3, "cost_multiplier": 5, "pack_size": [ 1, 3 ], "starts": 260 },
      { "monster": "mon_zombie_rot_pain", "freq": 2, "cost_multiplier": 1, "pack_size": [ 1, 3 ], "starts": 50 },
      { "monster": "mon_zombie_rot_pk_pain", "freq": 2, "cost_multiplier": 5, "pack_size": [ 1, 3 ], "starts": 270 },
      { "monster": "mon_zombie_crawler", "freq": 25, "cost_multiplier": 2, "pack_size": [ 1, 5 ], "starts": 300 },
      { "monster": "mon_zombie_crawler_pk_weak", "freq": 5, "cost_multiplier": 10, "starts": 200 },
      { "monster": "mon_zombie_dog", "freq": 25, "cost_multiplier": 0 },
      { "monster": "mon_dog_skeleton", "freq": 15, "cost_multiplier": 5, "starts": 50 },
      { "monster": "mon_zombie_child", "freq": 25, "cost_multiplier": 0 },
      { "monster": "mon_skeleton", "freq": 15, "cost_multiplier": 5, "starts": 50 },
      { "monster": "mon_zombie_shrieker", "freq": 35, "cost_multiplier": 5, "starts": 20 },
      { "monster": "mon_ant_queen_young", "freq": 50, "cost_multiplier": 5, "conditions": [ "SPRING" ], "starts": 75 },
      {
        "monster": "mon_jabberwock",
        "freq": 10,
        "cost_multiplier": 50,
        "conditions": [ "DAWN", "DAY" ],
        "starts": 50
      }
    ]
  },
  {
    "type": "monstergroup",
    "name": "GROUP_PREPPER_HOUSE",
    "override": false,
    "freq_total": 1001,
    "default": "mon_zombie",
    "monsters": [
      { "monster": "mon_zombie_radbag", "freq": 25, "cost_multiplier": 0 },
      { "monster": "mon_zombie_blind_pk", "freq": 75, "cost_multiplier": 0 },
      { "monster": "mon_zombie_survivor", "freq": 150, "cost_multiplier": 0 },
      { "monster": "mon_zombie_smoker", "freq": 80, "cost_multiplier": 0 },
      { "monster": "mon_zombie_tough", "freq": 80, "cost_multiplier": 0 },
      { "monster": "mon_zombie_electric", "freq": 50, "cost_multiplier": 0 },
      { "monster": "mon_zombie_master", "freq": 25, "cost_multiplier": 0 },
      { "monster": "mon_zombie_hollow", "freq": 50, "cost_multiplier": 0 },
      { "monster": "mon_zombie_biter", "freq": 75, "cost_multiplier": 0 },
      { "monster": "mon_zombie_smoker_pk", "freq": 25, "cost_multiplier": 0 }
    ]
  },
  {
    "type": "monstergroup",
    "name": "GROUP_HOUSE",
    "_comment": "+15% child",
    "override": false,
    "freq_total": 1001,
    "default": "mon_zombie",
    "monsters": [
      { "monster": "mon_zombie_fat", "freq": 30, "cost_multiplier": 2 },
      { "monster": "mon_zombie_tough", "freq": 30, "cost_multiplier": 3 },
      { "monster": "mon_zombie_rot", "freq": 25, "cost_multiplier": 2, "starts": 60 },
      { "monster": "mon_zombie_crawler", "freq": 25, "cost_multiplier": 2, "starts": 240 },
      {
        "monster": "mon_zombie_crawler_pk_weak",
        "freq": 5,
        "cost_multiplier": 20,
        "pack_size": [ 1, 2 ],
        "starts": 150
      },
      { "monster": "mon_zombie_child", "freq": 75, "cost_multiplier": 2 },
      { "monster": "mon_zombie_cop", "freq": 25, "cost_multiplier": 2 },
      { "monster": "mon_zombie_hazmat", "freq": 15, "cost_multiplier": 2 },
      { "monster": "mon_zombie_fireman", "freq": 15, "cost_multiplier": 2 },
      { "monster": "mon_zombie_dog", "freq": 50, "cost_multiplier": 2 },
      { "monster": "mon_dog_skeleton", "freq": 15, "cost_multiplier": 2, "starts": 30 },
      { "monster": "mon_dog_zombie_cop", "freq": 5, "cost_multiplier": 2 },
      { "monster": "mon_dog_zombie_rot", "freq": 50, "cost_multiplier": 2 },
      { "monster": "mon_zombie_grabber", "freq": 100, "cost_multiplier": 1 },
      { "monster": "mon_skeleton", "freq": 20, "cost_multiplier": 2, "starts": 30 },
      { "monster": "mon_zombie_smoker", "freq": 25, "cost_multiplier": 5, "starts": 60 },
      { "monster": "mon_zombie_shady", "freq": 25, "cost_multiplier": 5, "starts": 50 },
      { "monster": "mon_zombie_shrieker", "freq": 15, "cost_multiplier": 5, "starts": 50 },
      { "monster": "mon_zombie_spitter", "freq": 10, "cost_multiplier": 5, "starts": 300 },
      { "monster": "mon_zombie_acidic", "freq": 15, "cost_multiplier": 2, "starts": 100 },
      { "monster": "mon_zombie_acidic_pk", "freq": 15, "cost_multiplier": 2, "starts": 200 },
      { "monster": "mon_zombie_electric", "freq": 15, "cost_multiplier": 5, "starts": 100 },
      { "monster": "mon_zombie_necro", "freq": 3, "cost_multiplier": 25, "starts": 300 },
      { "monster": "mon_zombie_survivor", "freq": 3, "cost_multiplier": 25 },
      { "monster": "mon_boomer", "freq": 25, "cost_multiplier": 7, "starts": 20 },
      { "monster": "mon_boomer_huge", "freq": 10, "cost_multiplier": 7, "starts": 100 },
      { "monster": "mon_zombie_brute", "freq": 10, "cost_multiplier": 15, "starts": 120 },
      { "monster": "mon_zombie_hulk", "freq": 1, "cost_multiplier": 50, "starts": 300 },
      { "monster": "mon_zombie_master", "freq": 3, "cost_multiplier": 25, "starts": 300 },
      { "monster": "mon_zombie_cripple", "freq": 15, "cost_multiplier": 2, "pack_size": [ 1, 3 ] },
      { "monster": "mon_zombie_blind", "freq": 15, "cost_multiplier": 2, "pack_size": [ 1, 3 ] },
      { "monster": "mon_zombie_blind_pk", "freq": 10, "cost_multiplier": 9, "pack_size": [ 1, 3 ], "starts": 200 },
      { "monster": "mon_spider_cellar_giant", "freq": 40, "cost_multiplier": 1, "pack_size": [ 4, 8 ] },
      { "monster": "mon_spider_widow_giant", "freq": 40, "cost_multiplier": 1, "pack_size": [ 2, 8 ] },
      { "monster": "mon_giant_cockroach", "freq": 40, "cost_multiplier": 1, "pack_size": [ 4, 8 ] },
      { "monster": "mon_pregnant_giant_cockroach", "freq": 25, "cost_multiplier": 1, "pack_size": [ 3, 6 ], "starts": 40 },
      {
        "monster": "mon_black_rat",
        "freq": 5,
        "cost_multiplier": 2,
        "pack_size": [ 1, 3 ],
        "conditions": [ "SPRING", "SUMMER", "AUTUMN" ]
      },
      {
        "monster": "mon_black_rat",
        "freq": 4,
        "cost_multiplier": 10,
        "pack_size": [ 6, 12 ],
        "conditions": [ "DUSK", "NIGHT", "SPRING", "SUMMER", "AUTUMN" ]
      }
    ]
  },
  {
    "type": "monstergroup",
    "name": "GROUP_POLICE",
    "override": false,
    "freq_total": 1001,
    "default": "mon_null",
    "monsters": [
      { "monster": "mon_cyborg_cop", "freq": 15, "cost_multiplier": 10, "pack_size": [ 1, 2 ] },
      { "monster": "mon_cyborg_guard", "freq": 15, "cost_multiplier": 10, "pack_size": [ 1, 2 ] },
      { "monster": "mon_broken_cyborg", "freq": 50, "cost_multiplier": 5, "pack_size": [ 2, 4 ] },
      { "monster": "mon_tripod", "freq": 25, "cost_multiplier": 10 },
      { "monster": "mon_skitterbot", "freq": 50, "cost_multiplier": 5, "pack_size": [ 2, 5 ] },
      { "monster": "mon_secubot", "freq": 15, "cost_multiplier": 10, "pack_size": [ 1, 3 ] },
      { "monster": "mon_copbot", "freq": 50, "cost_multiplier": 5, "pack_size": [ 1, 3 ] },
      { "monster": "mon_riotbot", "freq": 15, "cost_multiplier": 5, "pack_size": [ 1, 3 ] },
      { "monster": "mon_robot_drone", "freq": 50, "cost_multiplier": 0 },
      { "monster": "mon_zombie", "freq": 50, "cost_multiplier": 0 },
      { "monster": "mon_zombie_fat", "freq": 50, "cost_multiplier": 2 },
      { "monster": "mon_zombie_child", "freq": 10, "cost_multiplier": 1 },
      { "monster": "mon_zombie_tough", "freq": 50, "cost_multiplier": 3 },
      { "monster": "mon_zombie_crawler", "freq": 10, "cost_multiplier": 2 },
      { "monster": "mon_zombie_cop", "freq": 150, "cost_multiplier": 3 },
      { "monster": "mon_zombie_hazmat", "freq": 50, "cost_multiplier": 2 },
      { "monster": "mon_zombie_fireman", "freq": 10, "cost_multiplier": 2 },
      { "monster": "mon_dog_zombie_cop", "freq": 35, "cost_multiplier": 2 },
      { "monster": "mon_zombie_grabber", "freq": 50, "cost_multiplier": 1 },
      { "monster": "mon_skeleton", "freq": 5, "cost_multiplier": 2, "starts": 20 },
      { "monster": "mon_zombie_smoker", "freq": 5, "cost_multiplier": 5, "starts": 60 },
      { "monster": "mon_zombie_shady", "freq": 25, "cost_multiplier": 5, "starts": 50 },
      { "monster": "mon_zombie_gasbag", "freq": 5, "cost_multiplier": 5, "starts": 60 },
      { "monster": "mon_zombie_shrieker", "freq": 10, "cost_multiplier": 5, "starts": 5 },
      { "monster": "mon_zombie_spitter", "freq": 5, "cost_multiplier": 5, "starts": 40 },
      { "monster": "mon_zombie_acidic", "freq": 25, "cost_multiplier": 2, "starts": 60 },
      { "monster": "mon_zombie_acidic_pk", "freq": 5, "cost_multiplier": 2, "starts": 100 },
      { "monster": "mon_zombie_electric", "freq": 25, "cost_multiplier": 5, "starts": 70 },
      { "monster": "mon_zombie_necro", "freq": 3, "cost_multiplier": 25, "starts": 80 },
      { "monster": "mon_zombie_survivor", "freq": 20, "cost_multiplier": 25 },
      { "monster": "mon_boomer", "freq": 25, "cost_multiplier": 7 },
      { "monster": "mon_boomer_huge", "freq": 15, "cost_multiplier": 5, "starts": 20 },
      { "monster": "mon_zombie_brute", "freq": 25, "cost_multiplier": 15, "starts": 10 },
      { "monster": "mon_zombie_hulk", "freq": 1, "cost_multiplier": 50, "starts": 200 },
      { "monster": "mon_zombie_master", "freq": 3, "cost_multiplier": 25, "starts": 200 },
      { "monster": "mon_zombie_brute_shocker", "freq": 3, "cost_multiplier": 45, "starts": 240 }
    ]
  },
  {
    "type": "monstergroup",
    "name": "GROUP_LARGE_STATION",
    "default": "mon_zombie_technician",
    "monsters": [
      { "monster": "mon_robot_drone", "freq": 25, "cost_multiplier": 0 },
      { "monster": "mon_cyborg_cop", "freq": 15, "cost_multiplier": 5 },
      { "monster": "mon_cyborg_guard", "freq": 50, "cost_multiplier": 5 },
      { "monster": "mon_broken_cyborg", "freq": 100, "cost_multiplier": 1 },
      { "monster": "mon_zombie_radbag", "freq": 50, "cost_multiplier": 3 },
      { "monster": "mon_zombie_smoker_pk", "freq": 25, "cost_multiplier": 15, "pack_size": [ 1, 2 ] },
      { "monster": "mon_beekeeper_pk", "freq": 100, "cost_multiplier": 5, "pack_size": [ 1, 3 ] },
      { "monster": "mon_zombie_brute_shocker", "freq": 200, "cost_multiplier": 2, "pack_size": [ 1, 2 ] },
      { "monster": "mon_zombie_electric_pk", "freq": 50, "cost_multiplier": 3, "pack_size": [ 1, 2 ] },
      { "monster": "mon_zombie_electric", "freq": 75, "cost_multiplier": 3, "pack_size": [ 1, 2 ] },
      { "monster": "mon_zombie_technician", "freq": 100, "cost_multiplier": 5, "pack_size": [ 2, 4 ] },
      { "monster": "mon_zombie_tough", "freq": 50, "cost_multiplier": 0 }
    ]
  },
  {
    "type": "monstergroup",
    "name": "GROUP_MAPGEN_POOL",
    "override": false,
    "freq_total": 1001,
    "default": "mon_null",
    "monsters": [
      { "monster": "mon_zombie_swimmer", "freq": 300, "cost_multiplier": 0 },
      { "monster": "mon_zombie_mancroc", "freq": 150, "cost_multiplier": 0 },
      { "monster": "mon_zombie_swimmer_pk", "freq": 300, "cost_multiplier": 0 },
      { "monster": "mon_zombie_scales", "freq": 150, "cost_multiplier": 0 }
    ]
  },
  {
    "type": "monstergroup",
    "name": "GROUP_ZOMBIE_POOL",
    "override": false,
    "freq_total": 1001,
    "default": "mon_zombie",
    "monsters": [
      { "monster": "mon_zombie_swimmer", "freq": 500, "cost_multiplier": 2 },
      { "monster": "mon_zombie_child", "freq": 150, "cost_multiplier": 1 },
      { "monster": "mon_giant_cockroach", "freq": 100, "cost_multiplier": 0, "pack_size": [ 8, 16 ] }
    ]
  },
  {
    "type": "monstergroup",
    "name": "GROUP_ARCADE",
    "override": false,
    "freq_total": 1001,
    "default": "mon_null",
    "monsters": [
      { "monster": "mon_cyborg_cop", "freq": 5, "cost_multiplier": 5 },
      { "monster": "mon_zombie_cripple", "freq": 5, "cost_multiplier": 2, "pack_size": [ 1, 3 ] },
      { "monster": "mon_zombie", "freq": 25, "cost_multiplier": 1, "pack_size": [ 1, 4 ] },
      { "monster": "mon_zombie_fat", "freq": 50, "cost_multiplier": 1, "pack_size": [ 1, 3 ] },
      { "monster": "mon_zombie_child", "freq": 75, "cost_multiplier": 1, "pack_size": [ 2, 7 ] },
      { "monster": "mon_spider_cellar_giant", "freq": 40, "cost_multiplier": 0, "pack_size": [ 4, 8 ] },
      { "monster": "mon_spider_widow_giant", "freq": 10, "cost_multiplier": 0, "pack_size": [ 3, 8 ] },
      { "monster": "mon_giant_cockroach", "freq": 30, "cost_multiplier": 0, "pack_size": [ 5, 10 ] },
      { "monster": "mon_pregnant_giant_cockroach", "freq": 20, "cost_multiplier": 0, "pack_size": [ 3, 6 ], "starts": 20 },
      {
        "monster": "mon_black_rat",
        "freq": 25,
        "cost_multiplier": 2,
        "pack_size": [ 1, 3 ],
        "conditions": [ "SPRING", "SUMMER", "AUTUMN" ]
      }
    ]
  },
  {
    "type": "monstergroup",
    "name": "GROUP_DOGS",
    "_comment": "D'ya like dags?",
    "override": false,
    "freq_total": 1001,
    "default": "mon_null",
    "monsters": [
      { "monster": "mon_zombie_dog", "freq": 150, "cost_multiplier": 0, "pack_size": [ 3, 7 ] },
      { "monster": "mon_dog_zombie_rot", "freq": 100, "cost_multiplier": 0, "pack_size": [ 1, 4 ], "starts": 48 },
      { "monster": "mon_dog_zombie_rot_worms", "freq": 25, "cost_multiplier": 0, "pack_size": [ 1, 4 ], "starts": 60 },
      { "monster": "mon_dog_zombie_rot_pain", "freq": 25, "cost_multiplier": 0, "pack_size": [ 1, 4 ], "starts": 60 },
      { "monster": "mon_dog_skeleton", "freq": 100, "cost_multiplier": 0, "pack_size": [ 1, 3 ], "starts": 40 },
      { "monster": "mon_zombie_dog_pk", "freq": 100, "cost_multiplier": 0, "pack_size": [ 3, 7 ], "starts": 50 },
      { "monster": "mon_dog_zombie_cop_pk", "freq": 75, "cost_multiplier": 0, "pack_size": [ 1, 4 ], "starts": 50 },
      { "monster": "mon_dog_skeleton_pk", "freq": 75, "cost_multiplier": 0, "pack_size": [ 1, 3 ], "starts": 70 }
    ]
  },
  {
    "type": "monstergroup",
    "name": "GROUP_QUIVERFULL",
    "override": false,
    "freq_total": 1001,
    "default": "mon_null",
    "monsters": [
      { "monster": "mon_zombie_cripple", "freq": 25, "cost_multiplier": 2, "pack_size": [ 1, 3 ] },
      { "monster": "mon_zombie_blind", "freq": 25, "cost_multiplier": 2, "pack_size": [ 1, 3 ] },
      { "monster": "mon_zombie_blind_pk", "freq": 20, "cost_multiplier": 9, "pack_size": [ 1, 3 ] },
      { "monster": "mon_zombie_child", "freq": 100, "cost_multiplier": 0, "pack_size": [ 6, 10 ] },
      { "monster": "mon_spider_cellar_giant", "freq": 40, "cost_multiplier": 1, "pack_size": [ 4, 8 ] },
      { "monster": "mon_spider_widow_giant", "freq": 20, "cost_multiplier": 1, "pack_size": [ 2, 8 ] },
      { "monster": "mon_giant_cockroach", "freq": 20, "cost_multiplier": 1, "pack_size": [ 4, 8 ] },
      { "monster": "mon_pregnant_giant_cockroach", "freq": 20, "cost_multiplier": 1, "pack_size": [ 3, 6 ] }
    ]
  },
  {
    "type": "monstergroup",
    "name": "GROUP_PLAIN",
    "override": false,
    "freq_total": 1001,
    "default": "mon_null",
    "monsters": [
      { "monster": "mon_zombie_cripple", "freq": 100, "cost_multiplier": 0, "pack_size": [ 1, 3 ] },
      { "monster": "mon_zombie_blind", "freq": 50, "cost_multiplier": 1, "pack_size": [ 1, 3 ] },
      { "monster": "mon_zombie_blind_pk", "freq": 25, "cost_multiplier": 3, "pack_size": [ 1, 3 ], "starts": 20 },
      { "monster": "mon_zombie_brute", "freq": 25, "cost_multiplier": 3, "starts": 100 },
      { "monster": "mon_zombie_crawler", "freq": 50, "cost_multiplier": 0, "pack_size": [ 1, 3 ] },
      { "monster": "mon_zombie_child", "freq": 50, "cost_multiplier": 0 },
      { "monster": "mon_zombie", "freq": 50, "cost_multiplier": 1, "pack_size": [ 2, 6 ] },
      { "monster": "mon_zombie_child", "freq": 50, "cost_multiplier": 1, "pack_size": [ 2, 6 ] },
      { "monster": "mon_zombie_fat", "freq": 50, "cost_multiplier": 1, "pack_size": [ 1, 4 ] },
      { "monster": "mon_zombie_tough", "freq": 50, "cost_multiplier": 1, "pack_size": [ 1, 4 ] },
      { "monster": "mon_zombie_cop", "freq": 50, "cost_multiplier": 1, "pack_size": [ 1, 4 ] },
      { "monster": "mon_zombie_fireman", "freq": 50, "cost_multiplier": 1, "pack_size": [ 1, 4 ] },
      { "monster": "mon_zombie_hazmat", "freq": 50, "cost_multiplier": 1, "pack_size": [ 1, 4 ] },
      { "monster": "mon_spider_cellar_giant", "freq": 20, "cost_multiplier": 2, "pack_size": [ 2, 4 ] },
      { "monster": "mon_spider_widow_giant", "freq": 20, "cost_multiplier": 2, "pack_size": [ 1, 3 ] },
      { "monster": "mon_giant_cockroach", "freq": 20, "cost_multiplier": 2, "pack_size": [ 4, 8 ] },
      { "monster": "mon_pidgeon", "freq": 20, "cost_multiplier": 0, "pack_size": [ 1, 4 ] },
      { "monster": "mon_black_rat", "freq": 20, "cost_multiplier": 1, "pack_size": [ 1, 12 ] }
    ]
  }
]
