[
  {
    "type": "monstergroup",
    "name": "GROUP_ZOMBIE_BRUTE",
    "default": "mon_zombie_brute",
    "monsters": [
      { "monster": "mon_zombie_brute_grappler", "freq": 500, "cost_multiplier": 1 },
      { "monster": "mon_zombie_brute_ninja", "freq": 250, "cost_multiplier": 1 },
      { "monster": "mon_zombie_hulk", "freq": 50, "cost_multiplier": 10 }
    ]
  },
  {
    "type": "monstergroup",
    "name": "GROUP_ZOMBIE_TOUGH",
    "default": "mon_zombie_hollow",
    "monsters": [  ]
  },
  {
    "type": "monstergroup",
    "name": "GROUP_ZOMBIE_ELECTRIC",
    "default": "mon_zombie_electric_pk",
    "monsters": [ { "monster": "mon_zombie_nullfield", "freq": 400, "cost_multiplier": 10 } ]
  },
  {
    "type": "monstergroup",
    "name": "GROUP_ZOMBIE_SMOKER",
    "default": "mon_zombie_smoker",
    "monsters": [
      { "monster": "mon_zombie_smoker_pk", "freq": 325, "cost_multiplier": 3 },
      { "monster": "mon_zombie_radbag", "freq": 50, "cost_multiplier": 15 },
      { "monster": "mon_zombie_shady_ghost", "freq": 50, "cost_multiplier": 7 },
      { "monster": "mon_charred_nightmare", "freq": 25, "cost_multiplier": 5 }
    ]
  },
  {
    "type": "monstergroup",
    "name": "GROUP_ZOMBIE_DECAY",
    "default": "mon_zombie_rot_pk",
    "//": "Already decaying zombies upgrade here.",
    "monsters": [
      { "monster": "mon_zombie_blind_pk", "freq": 50, "cost_multiplier": 5 },
      { "monster": "mon_zombie_pk", "freq": 150, "cost_multiplier": 3 },
      { "monster": "mon_beekeeper", "freq": 150, "cost_multiplier": 1 },
      { "monster": "mon_beekeeper_pk", "freq": 100, "cost_multiplier": 5 },
      { "monster": "mon_zombie_shady_ghost", "freq": 40, "cost_multiplier": 7 },
      { "monster": "mon_zombie_crawler_pk_weak", "freq": 50, "cost_multiplier": 5 },
      { "monster": "mon_zombie_radbag", "freq": 10, "cost_multiplier": 20 },
      { "monster": "mon_zombie_smoker_pk", "freq": 5, "cost_multiplier": 10 },
      { "monster": "mon_zombie_crawler_pk", "freq": 10, "cost_multiplier": 40 }
    ]
  },
  {
    "type": "monstergroup",
    "name": "GROUP_ZOMBIE_EVO",
    "default": "mon_zombie_hollow",
    "//": "The Replacement evo list for my Green Zombies.  This is a late-game list as opposed to the other, which is meant as a mid-game challenge.  Since most Zombies who spawn will be these guys, they can really throw out the spawn ratios.",
    "monsters": [
      { "monster": "mon_zombie", "freq": 25, "cost_multiplier": 1 },
      { "monster": "mon_zombie_pk", "freq": 50, "cost_multiplier": 2 },
      { "monster": "mon_zombie_rot_pk", "freq": 35, "cost_multiplier": 3 },
      { "monster": "mon_zombie_acidic", "freq": 25, "cost_multiplier": 3 },
      { "monster": "mon_zombie_spitter", "freq": 25, "cost_multiplier": 5 },
      { "monster": "mon_zombie_corrosive", "freq": 5, "cost_multiplier": 10 },
      { "monster": "mon_zombie_runner", "freq": 15, "cost_multiplier": 3 },
      { "monster": "mon_zombie_hunter", "freq": 25, "cost_multiplier": 5 },
      { "monster": "mon_zombie_predator", "freq": 5, "cost_multiplier": 10 },
      { "monster": "mon_zombie_shady", "freq": 25, "cost_multiplier": 5 },
      { "monster": "mon_zombie_shady_pk", "freq": 25, "cost_multiplier": 10 },
      { "monster": "mon_zombie_hollow", "freq": 35, "cost_multiplier": 7 },
      { "monster": "mon_zombie_hollow_pk", "freq": 5, "cost_multiplier": 10 },
      { "monster": "mon_zombie_shrieker", "freq": 15, "cost_multiplier": 5 },
      { "monster": "mon_zombie_screecher", "freq": 25, "cost_multiplier": 7 },
      { "monster": "mon_zombie_smoker", "freq": 25, "cost_multiplier": 5 },
      { "monster": "mon_zombie_gasbag", "freq": 15, "cost_multiplier": 5 },
      { "monster": "mon_zombie_gasbag", "freq": 10, "cost_multiplier": 5 },
      { "monster": "mon_zombie_radbag", "freq": 5, "cost_multiplier": 20 },
      { "monster": "mon_zombie_grabber", "freq": 50, "cost_multiplier": 3 },
      { "monster": "mon_zombie_grappler", "freq": 25, "cost_multiplier": 7 },
      { "monster": "mon_zombie_brute", "freq": 30, "cost_multiplier": 7 },
      { "monster": "mon_zombie_brute_grappler", "freq": 5, "cost_multiplier": 10 },
      { "monster": "mon_zombie_brute_ninja", "freq": 5, "cost_multiplier": 10 },
      { "monster": "mon_zombie_necro", "freq": 1, "cost_multiplier": 25 },
      { "monster": "mon_zombie_master", "freq": 1, "cost_multiplier": 30 },
      { "monster": "mon_zombie_lord", "freq": 1, "cost_multiplier": 80 },
      { "monster": "mon_blob_large", "freq": 10, "cost_multiplier": 25 }
    ]
  },
  {
    "type": "monstergroup",
    "name": "GROUP_ZOMBIE_UPGRADE",
    "default": "mon_zombie_pk",
    "//": "Masters pick from here when upgrading; no dogs, bionics, or profession-types.  This is a mid-game list.",
    "monsters": [
      { "monster": "mon_zombie", "freq": 15, "cost_multiplier": 1 },
      { "monster": "mon_zombie_pk", "freq": 25, "cost_multiplier": 3 },
      { "monster": "mon_zombie_crawler", "freq": 25, "cost_multiplier": 1 },
      { "monster": "mon_zombie_rot_pk", "freq": 15, "cost_multiplier": 5 },
      { "monster": "mon_zombie_acidic", "freq": 50, "cost_multiplier": 3 },
      { "monster": "mon_zombie_spitter", "freq": 50, "cost_multiplier": 5 },
      { "monster": "mon_zombie_corrosive", "freq": 5, "cost_multiplier": 10 },
      { "monster": "mon_zombie_runner", "freq": 50, "cost_multiplier": 3 },
      { "monster": "mon_zombie_hunter", "freq": 25, "cost_multiplier": 3 },
      { "monster": "mon_zombie_predator", "freq": 5, "cost_multiplier": 3 },
      { "monster": "mon_zombie_shady", "freq": 25, "cost_multiplier": 3 },
      { "monster": "mon_zombie_shady_pk", "freq": 25, "cost_multiplier": 3 },
      { "monster": "mon_zombie_hollow", "freq": 10, "cost_multiplier": 5 },
      { "monster": "mon_zombie_shrieker", "freq": 25, "cost_multiplier": 5 },
      { "monster": "mon_zombie_screecher", "freq": 15, "cost_multiplier": 7 },
      { "monster": "mon_zombie_smoker", "freq": 25, "cost_multiplier": 5 },
      { "monster": "mon_zombie_radbag", "freq": 15, "cost_multiplier": 20 },
      { "monster": "mon_zombie_grabber", "freq": 100, "cost_multiplier": 5 },
      { "monster": "mon_zombie_grappler", "freq": 25, "cost_multiplier": 7 },
      { "monster": "mon_zombie_brute", "freq": 30, "cost_multiplier": 7 },
      { "monster": "mon_zombie_brute_grappler", "freq": 2, "cost_multiplier": 20 },
      { "monster": "mon_zombie_brute_ninja", "freq": 2, "cost_multiplier": 20 },
      { "monster": "mon_zombie_necro", "freq": 1, "cost_multiplier": 25 },
      { "monster": "mon_zombie_master", "freq": 1, "cost_multiplier": 30 },
      { "monster": "mon_blob", "freq": 5, "cost_multiplier": 25 },
      { "monster": "mon_blob_large", "freq": 5, "cost_multiplier": 35 }
    ]
  },
  {
    "type": "monstergroup",
    "name": "GROUP_ZOMBIE_GRAB",
    "default": "mon_zombie_runner_pk",
    "monsters": [
      { "monster": "mon_zombie_grabber", "freq": 100, "cost_multiplier": 1 },
      { "monster": "mon_zombie_grappler", "freq": 200, "cost_multiplier": 5 },
      { "monster": "mon_zombie_biter", "freq": 200, "cost_multiplier": 7 },
      { "monster": "mon_zombie_scales", "freq": 200, "cost_multiplier": 10 }
    ]
  },
  {
    "type": "monstergroup",
    "name": "GROUP_ZOMBIE_FAT",
    "default": "mon_zombie_fat",
    "monsters": [
      { "monster": "mon_zombie_gasbag", "freq": 250, "cost_multiplier": 5 },
      { "monster": "mon_boomer", "freq": 200, "cost_multiplier": 3 },
      { "monster": "mon_boomer_huge_pk", "freq": 100, "cost_multiplier": 5 },
      { "monster": "mon_boomer_huge", "freq": 200, "cost_multiplier": 7 },
      { "monster": "mon_zombie_crawler_pk_weak", "freq": 50, "cost_multiplier": 10 },
      { "monster": "mon_zombie_crawler_pk", "freq": 5, "cost_multiplier": 15 },
      { "monster": "mon_zombie_gasbag_pk", "freq": 50, "cost_multiplier": 20 }
    ]
  },
  {
    "type": "monstergroup",
    "name": "GROUP_CHILD_ZOMBIE_UPGRADE",
    "default": "mon_zombie_child_pk",
    "//": "this is a sub-group of mutated zombie types that can only evolve from zombified human children",
    "monsters": [
      { "monster": "mon_zombie_child", "freq": 50, "cost_multiplier": 1 },
      { "monster": "mon_zombie_child_pk", "freq": 50, "cost_multiplier": 15 },
      { "monster": "mon_zombie_anklebiter", "freq": 150, "cost_multiplier": 10 },
      { "monster": "mon_zombie_sproglodyte", "freq": 75, "cost_multiplier": 5 },
      { "monster": "mon_zombie_shriekling", "freq": 100, "cost_multiplier": 7 },
      { "monster": "mon_zombie_creepy", "freq": 100, "cost_multiplier": 7 },
      { "monster": "mon_zombie_snotgobbler", "freq": 75, "cost_multiplier": 5 },
      { "monster": "mon_zombie_waif", "freq": 75, "cost_multiplier": 7 }
    ]
  },
  {
    "type": "monstergroup",
    "name": "GROUP_TRIFFID_PK",
    "default": "mon_triffid_pk",
    "//": "triffids need a strength boost.  this is a start.",
    "monsters": [
      { "monster": "mon_triffid", "freq": 300, "cost_multiplier": 1 },
      { "monster": "mon_triffid_pk", "freq": 250, "cost_multiplier": 3 },
      { "monster": "mon_treent", "freq": 150, "cost_multiplier": 10 },
      { "monster": "mon_treent_green", "freq": 100, "cost_multiplier": 7 }
    ]
  },
  {
    "type": "monstergroup",
    "name": "GROUP_CREEPER_VINE",
    "default": "mon_creeper_vine_pk",
    "//": "Creepers gonna creep.",
    "monsters": [
      { "monster": "mon_creeper_vine_terminal", "freq": 740, "cost_multiplier": 0 },
      { "monster": "mon_creeper_vine_pk", "freq": 200, "cost_multiplier": 3 },
      { "monster": "mon_creeper_vine_terminal_pk", "freq": 24, "cost_multiplier": 5 },
      { "monster": "mon_creeper_root", "freq": 20, "cost_multiplier": 7 },
      { "monster": "mon_vinebeast", "freq": 16, "cost_multiplier": 10 }
    ]
  },
  {
    "type": "monstergroup",
    "name": "GROUP_CREEPER_VINE_PK",
    "default": "mon_creeper_vine_terminal_pk",
    "//": "Now they begin to propogate.",
    "monsters": [
      { "monster": "mon_creeper_vine_terminal", "freq": 560, "cost_multiplier": 0 },
      { "monster": "mon_creeper_vine_terminal_pk", "freq": 200, "cost_multiplier": 3 },
      { "monster": "mon_creeper_hub", "freq": 20, "cost_multiplier": 10 },
      { "monster": "mon_creeper_root", "freq": 160, "cost_multiplier": 5 },
      { "monster": "mon_vinebeast", "freq": 60, "cost_multiplier": 7 }
    ]
  },
  {
    "type": "monstergroup",
    "name": "GROUP_DIONAEA",
    "default": "mon_dionaea",
    "//": "dionaea.",
    "monsters": [
      { "monster": "mon_dionaea_sprout", "freq": 400, "cost_multiplier": 5 },
      { "monster": "mon_dionaea", "freq": 600, "cost_multiplier": 10 }
    ]
  },
  {
    "type": "monstergroup",
    "name": "GROUP_TANGELA",
    "default": "mon_vinebeast",
    "monsters": [
      { "monster": "mon_vinebeast_terminal", "freq": 740, "cost_multiplier": 5 },
      { "monster": "mon_vinebeast_pk", "freq": 150, "cost_multiplier": 10 },
      { "monster": "mon_creeper_hub", "freq": 10, "cost_multiplier": 10 }
    ]
  },
  {
    "type": "monstergroup",
    "name": "GROUP_HISSER",
    "default": "mon_fungal_fighter",
    "monsters": [
      { "monster": "mon_fungal_fighter", "freq": 300, "cost_multiplier": 5 },
      { "monster": "mon_triffid_queen", "freq": 150, "cost_multiplier": 5 },
      { "monster": "mon_biollante_pk", "freq": 200, "cost_multiplier": 10 },
      { "monster": "mon_minecraft", "freq": 150, "cost_multiplier": 15 },
      { "monster": "mon_minecraft_charged", "freq": 100, "cost_multiplier": 20 }
    ]
  },
  {
    "type": "monstergroup",
    "name": "GROUP_DRONE",
    "default": "mon_ant_terminal",
    "monsters": [
      { "monster": "mon_ant_soldier", "freq": 200, "cost_multiplier": 5 },
      { "monster": "mon_ant_scrib", "freq": 150, "cost_multiplier": 7 }
    ]
  },
  {
    "type": "monstergroup",
    "name": "GROUP_SOLDIER",
    "default": "mon_ant_soldier",
    "monsters": [
      { "monster": "mon_ant_soldier_terminal", "freq": 750, "cost_multiplier": 5 },
      { "monster": "mon_ant_soldier_pk", "freq": 100, "cost_multiplier": 10 }
    ]
  },
  {
    "type": "monstergroup",
    "name": "GROUP_ANT_ACID_UPGRADE",
    "default": "mon_ant_acid_terminal",
    "monsters": [
      { "monster": "mon_ant_acid_soldier", "freq": 150, "cost_multiplier": 5 },
      { "monster": "mon_ant_acid_kwama", "freq": 50, "cost_multiplier": 10 },
      { "monster": "mon_ant_acid_ultralisk", "freq": 5, "cost_multiplier": 20 }
    ]
  },
  {
    "type": "monstergroup",
    "name": "WEB_SPIDER_UPGRADE",
    "default": "mon_spider_web",
    "//": "Web spiders specialize into 1 of 3 types.",
    "monsters": [
      { "monster": "mon_spider_web_alpha", "freq": 300, "cost_multiplier": 3 },
      { "monster": "mon_spider_web_omega", "freq": 300, "cost_multiplier": 7 },
      { "monster": "mon_spider_web_mu", "freq": 300, "cost_multiplier": 5 }
    ]
  },
  {
    "type": "monstergroup",
    "name": "TRAP_SPIDER_UPGRADE",
    "default": "mon_spider_trapdoor_giant",
    "monsters": [
      { "monster": "mon_spider_trapdoor_giant_guardian", "freq": 100, "cost_multiplier": 15 },
      { "monster": "mon_spider_trapdoor_giant_pk", "freq": 750, "cost_multiplier": 5 }
    ]
  },
  {
    "type": "monstergroup",
    "name": "MI_GO_EVO",
    "default": "mon_mi_go_terminal",
    "monsters": [
      { "monster": "mon_mi_go_terminal", "freq": 666, "cost_multiplier": 0 },
      { "monster": "mon_mi_go_fly", "freq": 333, "cost_multiplier": 0 }
    ]
  },
  {
    "type": "monstergroup",
    "name": "GROUP_WORM",
    "default": "mon_worm",
    "monsters": [
      { "monster": "mon_graboid", "freq": 50, "cost_multiplier": 15 },
      { "monster": "mon_halfworm", "freq": 50, "cost_multiplier": 0 }
    ]
  }
]
