[
  {
    "type": "monstergroup",
    "name": "GROUP_DOOM",
    "default": "mon_null",
    "monsters": [
      { "monster": "mon_cherub", "freq": 5, "cost_multiplier": 0, "pack_size": [ 2, 3 ] },
      { "monster": "mon_doom_churl", "freq": 20, "cost_multiplier": 5, "pack_size": [ 2, 3 ] },
      { "monster": "mon_doom_churl_revive", "freq": 10, "cost_multiplier": 3, "pack_size": [ 1, 2 ] },
      { "monster": "mon_imp", "freq": 80, "cost_multiplier": 0 },
      { "monster": "mon_imp", "freq": 20, "cost_multiplier": 5, "pack_size": [ 1, 2 ] },
      { "monster": "mon_imp_revive", "freq": 10, "cost_multiplier": 3, "starts": 5 },
      { "monster": "mon_imp_black", "freq": 25, "cost_multiplier": 1, "starts": 2 },
      { "monster": "mon_pinky", "freq": 45, "cost_multiplier": 0 },
      { "monster": "mon_pinky", "freq": 15, "cost_multiplier": 1, "pack_size": [ 1, 2 ], "starts": 5 },
      { "monster": "mon_pinky_revive", "freq": 10, "cost_multiplier": 3, "pack_size": [ 1, 2 ], "starts": 5 },
      { "monster": "mon_lostsoul", "freq": 40, "cost_multiplier": 0 },
      { "monster": "mon_lostsoul", "freq": 25, "cost_multiplier": 5, "pack_size": [ 2, 3 ], "starts": 50 },
      { "monster": "mon_revenant", "freq": 25, "cost_multiplier": 25, "ends": 50 },
      { "monster": "mon_revenant", "freq": 35, "cost_multiplier": 0, "starts": 50 },
      { "monster": "mon_revenant", "freq": 20, "cost_multiplier": 5, "pack_size": [ 1, 3 ], "starts": 100 },
      { "monster": "mon_hell_knight", "freq": 40, "cost_multiplier": 0 },
      { "monster": "mon_hell_knight", "freq": 10, "cost_multiplier": 5, "pack_size": [ 1, 2 ] },
      { "monster": "mon_hell_knight_revive", "freq": 10, "cost_multiplier": 7, "pack_size": [ 1, 2 ], "starts": 5 },
      { "monster": "mon_hell_baron", "freq": 20, "cost_multiplier": 5, "pack_size": [ 1, 2 ], "starts": 25 },
      { "monster": "mon_mancubus", "freq": 15, "cost_multiplier": 10 },
      { "monster": "mon_mancubus", "freq": 5, "cost_multiplier": 15, "pack_size": [ 1, 2 ], "starts": 75 },
      { "monster": "mon_cacodemon", "freq": 15, "cost_multiplier": 0 },
      { "monster": "mon_cacodemon_revive", "freq": 10, "cost_multiplier": 7, "starts": 5 },
      { "monster": "mon_mechaspider", "freq": 15, "cost_multiplier": 5, "starts": 75 },
      { "monster": "mon_mechaspider", "freq": 5, "cost_multiplier": 5, "pack_size": [ 1, 2 ] },
      { "monster": "mon_doom_archvile", "freq": 3, "cost_multiplier": 5, "starts": 100 },
      {
        "monster": "mon_doom_archvile_2",
        "freq": 2,
        "cost_multiplier": 50,
        "starts": 100,
        "conditions": [ "DAY", "DUSK", "SPRING", "AUTUMN" ]
      },
      {
        "monster": "mon_doom_archvile_3",
        "freq": 2,
        "cost_multiplier": 50,
        "starts": 100,
        "conditions": [ "DAWN", "NGIHT", "SPRING", "AUTUMN" ]
      },
      {
        "monster": "mon_doom_archvile_4",
        "freq": 2,
        "cost_multiplier": 50,
        "starts": 100,
        "conditions": [ "DAY", "DUSK", "SUMMER", "WINTER" ]
      },
      {
        "monster": "mon_doom_archvile_5",
        "freq": 2,
        "cost_multiplier": 50,
        "starts": 100,
        "conditions": [ "DAWN", "NGIHT", "SUMMEr", "WINTER" ]
      },
      { "monster": "mon_cyberdemon", "freq": 2, "cost_multiplier": 50, "starts": 200 }
    ]
  },
  {
    "type": "monstergroup",
    "name": "GROUP_DOOM_INFANTRY",
    "default": "mon_null",
    "monsters": [
      { "monster": "mon_doom_churl", "freq": 125, "cost_multiplier": 1, "pack_size": [ 2, 4 ] },
      { "monster": "mon_imp", "freq": 125, "cost_multiplier": 0, "pack_size": [ 2, 3 ] },
      { "monster": "mon_imp_black", "freq": 50, "cost_multiplier": 0, "pack_size": [ 1, 2 ] },
      { "monster": "mon_pinky", "freq": 80, "cost_multiplier": 0, "pack_size": [ 2, 3 ] },
      { "monster": "mon_lostsoul", "freq": 25, "cost_multiplier": 0, "pack_size": [ 1, 6 ] },
      { "monster": "mon_revenant", "freq": 50, "cost_multiplier": 1, "pack_size": [ 1, 2 ] },
      { "monster": "mon_mechaspider", "freq": 50, "cost_multiplier": 1, "pack_size": [ 1, 2 ] },
      { "monster": "mon_hell_knight", "freq": 50, "cost_multiplier": 0, "pack_size": [ 1, 3 ] },
      { "monster": "mon_hell_knight_revive", "freq": 25, "cost_multiplier": 3, "pack_size": [ 2, 3 ] },
      { "monster": "mon_cacodemon", "freq": 50, "cost_multiplier": 1, "pack_size": [ 1, 2 ] },
      { "monster": "mon_mancubus", "freq": 15, "cost_multiplier": 3 },
      { "monster": "mon_doom_archvile", "freq": 10, "cost_multiplier": 5 }
    ]
  },
  {
    "type": "monstergroup",
    "name": "GROUP_DOOM_HELP",
    "default": "mon_null",
    "monsters": [
      { "monster": "mon_cherub", "freq": 1, "cost_multiplier": 0, "pack_size": [ 2, 4 ] },
      { "monster": "mon_imp", "freq": 125, "cost_multiplier": 0, "pack_size": [ 1, 3 ] },
      { "monster": "mon_doom_slave", "freq": 175, "cost_multiplier": 0, "pack_size": [ 1, 3 ] },
      { "monster": "mon_doom_churl", "freq": 100, "cost_multiplier": 0, "pack_size": [ 1, 3 ] },
      { "monster": "mon_doom_cur", "freq": 175, "cost_multiplier": 0, "pack_size": [ 1, 2 ] },
      { "monster": "mon_revenant", "freq": 50, "cost_multiplier": 1 },
      { "monster": "mon_hell_knight", "freq": 125, "cost_multiplier": 1, "pack_size": [ 1, 2 ] }
    ]
  },
  {
    "type": "monstergroup",
    "name": "GROUP_DOOM_PRIEST",
    "default": "mon_null",
    "monsters": [
      { "monster": "mon_hell_baron", "freq": 200, "cost_multiplier": 5, "pack_size": [ 2, 4 ] },
      { "monster": "mon_cyberdemon", "freq": 150, "cost_multiplier": 15 },
      { "monster": "mon_doom_archvile", "freq": 500, "cost_multiplier": 5 }
    ]
  },
  {
    "type": "monstergroup",
    "name": "GROUP_DOOMLAB",
    "default": "mon_null",
    "monsters": [
      { "monster": "mon_manhack", "freq": 22, "cost_multiplier": 0, "pack_size": [ 1, 2 ] },
      { "monster": "mon_manhack", "freq": 22, "cost_multiplier": 3, "pack_size": [ 6, 12 ] },
      { "monster": "mon_skitterbot", "freq": 70, "cost_multiplier": 0, "pack_size": [ 1, 3 ] },
      { "monster": "mon_secubot", "freq": 22, "cost_multiplier": 3 },
      { "monster": "mon_turret_rifle", "freq": 45, "cost_multiplier": 0 },
      { "monster": "mon_turret_bmg", "freq": 10, "cost_multiplier": 5 },
      { "monster": "mon_turret_shockcannon", "freq": 10, "cost_multiplier": 3 },
      { "monster": "mon_cyborg_guard", "freq": 10, "cost_multiplier": 5 },
      { "monster": "mon_broken_cyborg", "freq": 45, "cost_multiplier": 1 },
      { "monster": "mon_blob_small", "freq": 22, "cost_multiplier": 0, "pack_size": [ 2, 3 ] },
      { "monster": "mon_blob", "freq": 22, "cost_multiplier": 0, "pack_size": [ 1, 2 ] },
      { "monster": "mon_blob_large", "freq": 13, "cost_multiplier": 3 },
      { "monster": "mon_shoggoth", "freq": 1, "cost_multiplier": 5 },
      { "monster": "mon_zombie", "freq": 45, "cost_multiplier": 0 },
      { "monster": "mon_zombie_scientist", "freq": 150, "cost_multiplier": 0, "pack_size": [ 1, 4 ] },
      { "monster": "mon_zombie_hazmat", "freq": 100, "cost_multiplier": 0 },
      { "monster": "mon_zombie_bio_op", "freq": 10, "cost_multiplier": 5 },
      { "monster": "mon_zombie_armored", "freq": 35, "cost_multiplier": 5 },
      { "monster": "mon_zombie_soldier", "freq": 35, "cost_multiplier": 0 },
      { "monster": "mon_crawler", "freq": 15, "cost_multiplier": 3 },
      { "monster": "mon_cherub", "freq": 3, "cost_multiplier": 0, "pack_size": [ 2, 5 ] },
      { "monster": "mon_doom_churl", "freq": 3, "cost_multiplier": 5, "pack_size": [ 1, 3 ] },
      { "monster": "mon_doom_churl_revive", "freq": 3, "cost_multiplier": 3, "pack_size": [ 1, 4 ] },
      { "monster": "mon_imp", "freq": 5, "cost_multiplier": 0 },
      { "monster": "mon_imp_revive", "freq": 3, "cost_multiplier": 3, "pack_size": [ 1, 2 ], "starts": 5 },
      { "monster": "mon_imp_black", "freq": 3, "cost_multiplier": 1, "starts": 2 },
      { "monster": "mon_pinky", "freq": 12, "cost_multiplier": 1, "pack_size": [ 1, 4 ], "starts": 5 },
      { "monster": "mon_pinky_revive", "freq": 5, "cost_multiplier": 3, "pack_size": [ 1, 4 ], "starts": 5 },
      { "monster": "mon_lostsoul", "freq": 8, "cost_multiplier": 0, "pack_size": [ 2, 5 ] },
      { "monster": "mon_revenant", "freq": 3, "cost_multiplier": 0 },
      { "monster": "mon_hell_knight", "freq": 5, "cost_multiplier": 5, "pack_size": [ 1, 2 ] },
      { "monster": "mon_hell_knight_revive", "freq": 3, "cost_multiplier": 5, "pack_size": [ 1, 2 ], "starts": 5 },
      { "monster": "mon_hell_baron", "freq": 5, "cost_multiplier": 5, "pack_size": [ 1, 2 ], "starts": 25 },
      { "monster": "mon_mancubus", "freq": 2, "cost_multiplier": 5, "pack_size": [ 1, 2 ], "starts": 50 },
      { "monster": "mon_cacodemon", "freq": 2, "cost_multiplier": 0, "pack_size": [ 1, 2 ] },
      { "monster": "mon_cacodemon_revive", "freq": 1, "cost_multiplier": 0, "pack_size": [ 1, 2 ], "starts": 5 },
      { "monster": "mon_mechaspider", "freq": 6, "cost_multiplier": 5, "pack_size": [ 1, 2 ] },
      {
        "monster": "mon_doom_archvile",
        "freq": 1,
        "cost_multiplier": 60,
        "starts": 100,
        "conditions": [ "SUMMER", "AUTUMN" ]
      },
      {
        "monster": "mon_doom_archvile_2",
        "freq": 1,
        "cost_multiplier": 60,
        "starts": 10,
        "conditions": [ "DAY", "SPRING", "SUMMER" ]
      },
      {
        "monster": "mon_doom_archvile_3",
        "freq": 1,
        "cost_multiplier": 60,
        "starts": 10,
        "conditions": [ "DAWN", "NGIHT", "DUSK", "SPRING", "SUMMER" ]
      },
      {
        "monster": "mon_doom_archvile_4",
        "freq": 1,
        "cost_multiplier": 60,
        "starts": 10,
        "conditions": [ "DAY", "AUTUMN", "WINTER" ]
      },
      {
        "monster": "mon_doom_archvile_5",
        "freq": 1,
        "cost_multiplier": 60,
        "starts": 10,
        "conditions": [ "DAWN", "NGIHT", "DUSK", "AUTUMN", "WINTER" ]
      },
      { "monster": "mon_cyberdemon", "freq": 1, "cost_multiplier": 50, "starts": 50, "conditions": [ "NGIHT" ] }
    ]
  },
  {
    "type": "monstergroup",
    "name": "GROUP_LAB",
    "override": false,
    "freq_total": 1001,
    "default": "mon_zombie_scientist",
    "monsters": [
      { "monster": "mon_crawler", "freq": 25, "cost_multiplier": 3 },
      { "monster": "mon_blob", "freq": 25, "cost_multiplier": 1, "pack_size": [ 1, 2 ] },
      { "monster": "mon_blob_large", "freq": 14, "cost_multiplier": 3 },
      { "monster": "mon_shoggoth", "freq": 1, "cost_multiplier": 5 },
      { "monster": "mon_turret_shockcannon", "freq": 10, "cost_multiplier": 3 },
      { "monster": "mon_cyborg_guard", "freq": 15, "cost_multiplier": 5 },
      { "monster": "mon_broken_cyborg", "freq": 50, "cost_multiplier": 1 },
      { "monster": "mon_turret_rifle", "freq": 25, "cost_multiplier": 0 },
      { "monster": "mon_blob_small", "freq": 25, "cost_multiplier": 0, "pack_size": [ 1, 4 ] },
      { "monster": "mon_manhack", "freq": 200, "cost_multiplier": 0 },
      { "monster": "mon_manhack", "freq": 45, "cost_multiplier": 0, "pack_size": [ 2, 3 ] },
      { "monster": "mon_skitterbot", "freq": 85, "cost_multiplier": 0 },
      { "monster": "mon_skitterbot", "freq": 85, "cost_multiplier": 0, "pack_size": [ 2, 3 ] },
      { "monster": "mon_skitterbot", "freq": 1, "cost_multiplier": 0, "pack_size": [ 8, 12 ] },
      { "monster": "mon_zombie_hazmat", "freq": 100, "cost_multiplier": 0 },
      { "monster": "mon_zombie_bio_op", "freq": 10, "cost_multiplier": 5 },
      { "monster": "mon_zombie_armored", "freq": 10, "cost_multiplier": 5 },
      { "monster": "mon_zombie_soldier", "freq": 30, "cost_multiplier": 0 },
      { "monster": "mon_crawler", "freq": 5, "cost_multiplier": 3 }
    ]
  },
  {
    "type": "monstergroup",
    "name": "GROUP_ICE_LAB",
    "override": false,
    "freq_total": 1001,
    "default": "mon_zombie_scientist",
    "monsters": [
      { "monster": "mon_crawler", "freq": 25, "cost_multiplier": 3 },
      { "monster": "mon_blob", "freq": 25, "cost_multiplier": 1, "pack_size": [ 1, 2 ] },
      { "monster": "mon_blob_large", "freq": 14, "cost_multiplier": 3 },
      { "monster": "mon_shoggoth", "freq": 1, "cost_multiplier": 5 },
      { "monster": "mon_turret_shockcannon", "freq": 10, "cost_multiplier": 3 },
      { "monster": "mon_cyborg_guard", "freq": 15, "cost_multiplier": 5 },
      { "monster": "mon_broken_cyborg", "freq": 50, "cost_multiplier": 1 },
      { "monster": "mon_turret_rifle", "freq": 25, "cost_multiplier": 0 },
      { "monster": "mon_blob_small", "freq": 25, "cost_multiplier": 0, "pack_size": [ 1, 4 ] },
      { "monster": "mon_manhack", "freq": 150, "cost_multiplier": 0 },
      { "monster": "mon_manhack", "freq": 50, "cost_multiplier": 0, "pack_size": [ 2, 3 ] },
      { "monster": "mon_skitterbot", "freq": 100, "cost_multiplier": 0 },
      { "monster": "mon_skitterbot", "freq": 50, "cost_multiplier": 0, "pack_size": [ 2, 3 ] },
      { "monster": "mon_zombie_hazmat", "freq": 100, "cost_multiplier": 0 },
      { "monster": "mon_zombie_bio_op", "freq": 10, "cost_multiplier": 5 },
      { "monster": "mon_zombie_armored", "freq": 10, "cost_multiplier": 5 },
      { "monster": "mon_zombie_soldier", "freq": 30, "cost_multiplier": 0 },
      { "monster": "mon_crawler", "freq": 5, "cost_multiplier": 3 }
    ]
  },
  {
    "type": "monstergroup",
    "name": "GROUP_CO",
    "override": true,
    "freq_total": 1001,
    "default": "mon_eyebot",
    "monsters": [
      { "monster": "mon_robot_drone", "freq": 50, "cost_multiplier": 0 },
      { "monster": "mon_skitterbot", "freq": 50, "cost_multiplier": 0, "pack_size": [ 2, 4 ] },
      { "monster": "mon_secubot", "freq": 50, "cost_multiplier": 0, "pack_size": [ 1, 2 ] },
      { "monster": "mon_cyborg_cop", "freq": 50, "cost_multiplier": 0 },
      { "monster": "mon_cyborg_guard", "freq": 25, "cost_multiplier": 0 },
      { "monster": "mon_copbot", "freq": 100, "cost_multiplier": 0, "pack_size": [ 1, 3 ] },
      { "monster": "mon_riotbot", "freq": 100, "cost_multiplier": 0, "pack_size": [ 1, 3 ] },
      { "monster": "mon_eyebot", "freq": 25, "cost_multiplier": 0, "pack_size": [ 2, 3 ] },
      { "monster": "mon_turret", "freq": 50, "cost_multiplier": 0, "pack_size": [ 1, 2 ] },
      { "monster": "mon_turret_shockcannon", "freq": 50, "cost_multiplier": 0, "pack_size": [ 1, 2 ] },
      { "monster": "mon_dog_zombie_cop", "freq": 50, "cost_multiplier": 0, "pack_size": [ 2, 4 ] },
      { "monster": "mon_zombie_cop", "freq": 100, "cost_multiplier": 0, "pack_size": [ 2, 6 ] },
      { "monster": "mon_null", "freq": 150, "cost_multiplier": 0 }
    ]
  },
  {
    "type": "monstergroup",
    "name": "GROUP_TURRET",
    "override": true,
    "freq_total": 1001,
    "default": "mon_turret",
    "monsters": [
      { "monster": "mon_copbot", "freq": 100, "cost_multiplier": 3, "pack_size": [ 2, 4 ] },
      { "monster": "mon_cyborg_cop", "freq": 150, "cost_multiplier": 3, "pack_size": [ 1, 3 ] },
      { "monster": "mon_cyborg_guard", "freq": 100, "cost_multiplier": 3, "pack_size": [ 1, 3 ] },
      { "monster": "mon_robot_drone", "freq": 100, "cost_multiplier": 0 },
      { "monster": "mon_turret_rifle", "freq": 200, "cost_multiplier": 1 },
      { "monster": "mon_turret_bmg", "freq": 200, "cost_multiplier": 2 },
      { "monster": "mon_turret_shockcannon", "freq": 50, "cost_multiplier": 3 }
    ]
  },
  {
    "type": "monstergroup",
    "name": "GROUP_ROBOT",
    "override": true,
    "freq_total": 1001,
    "default": "mon_manhack",
    "monsters": [
      { "monster": "mon_cyborg_cop", "freq": 50, "cost_multiplier": 0 },
      { "monster": "mon_cyborg_guard", "freq": 50, "cost_multiplier": 0 },
      { "monster": "mon_broken_cyborg", "freq": 100, "cost_multiplier": 0 },
      { "monster": "mon_robot_drone", "freq": 50, "cost_multiplier": 0 },
      { "monster": "mon_skitterbot", "freq": 150, "cost_multiplier": 0 },
      { "monster": "mon_secubot", "freq": 100, "cost_multiplier": 0 },
      { "monster": "mon_copbot", "freq": 100, "cost_multiplier": 0 },
      { "monster": "mon_molebot", "freq": 50, "cost_multiplier": 0 },
      { "monster": "mon_tripod", "freq": 100, "cost_multiplier": 0 },
      { "monster": "mon_chickenbot", "freq": 100, "cost_multiplier": 0 },
      { "monster": "mon_tankbot", "freq": 50, "cost_multiplier": 0 }
    ]
  },
  {
    "type": "monstergroup",
    "name": "GROUP_ROBOCOP",
    "override": true,
    "freq_total": 1001,
    "default": "mon_eyebot",
    "monsters": [
      { "monster": "mon_copbot", "freq": 250, "cost_multiplier": 0 },
      { "monster": "mon_cyborg_cop", "freq": 200, "cost_multiplier": 0 },
      { "monster": "mon_broken_cyborg", "freq": 100, "cost_multiplier": 0 },
      { "monster": "mon_riotbot", "freq": 100, "cost_multiplier": 0, "pack_size": [ 1, 2 ] },
      { "monster": "mon_tripod", "freq": 80, "cost_multiplier": 0, "pack_size": [ 1, 2 ] },
      { "monster": "mon_robot_drone", "freq": 50, "cost_multiplier": 0 },
      { "monster": "mon_chickenbot", "freq": 40, "cost_multiplier": 0 },
      { "monster": "mon_secubot", "freq": 30, "cost_multiplier": 0 },
      { "monster": "mon_tankbot", "freq": 20, "cost_multiplier": 0 },
      { "monster": "mon_cyborg_guard", "freq": 10, "cost_multiplier": 0 }
    ]
  },
  {
    "type": "monstergroup",
    "name": "GROUP_MIL_BLOCK",
    "override": true,
    "freq_total": 1001,
    "default": "mon_chickenbot",
    "monsters": [
      { "monster": "mon_null", "freq": 200, "cost_multiplier": 0 },
      { "monster": "mon_tankbot", "freq": 150, "cost_multiplier": 0 },
      { "monster": "mon_turret_rifle", "freq": 150, "cost_multiplier": 0 },
      { "monster": "mon_turret_bmg", "freq": 150, "cost_multiplier": 0 },
      { "monster": "mon_tripod", "freq": 150, "cost_multiplier": 0 },
      { "monster": "mon_zombie_soldier", "freq": 100, "cost_multiplier": 0, "pack_size": [ 1, 3 ] },
      { "monster": "mon_zombie_bio_op", "freq": 50, "cost_multiplier": 0 },
      { "monster": "mon_zombie_armored", "freq": 50, "cost_multiplier": 0 }
    ]
  },
  {
    "type": "monstergroup",
    "name": "GROUP_POL_BLOCK",
    "override": true,
    "freq_total": 1001,
    "default": "mon_zombie_cop",
    "monsters": [
      { "monster": "mon_null", "freq": 200, "cost_multiplier": 0 },
      { "monster": "mon_copbot", "freq": 175, "cost_multiplier": 0, "pack_size": [ 1, 2 ] },
      { "monster": "mon_eyebot", "freq": 125, "cost_multiplier": 0, "pack_size": [ 1, 3 ] },
      { "monster": "mon_tripod", "freq": 100, "cost_multiplier": 0 },
      { "monster": "mon_dog_zombie_cop", "freq": 100, "cost_multiplier": 0 },
      { "monster": "mon_chickenbot", "freq": 75, "cost_multiplier": 0 },
      { "monster": "mon_turret_rifle", "freq": 50, "cost_multiplier": 0 },
      { "monster": "mon_turret", "freq": 50, "cost_multiplier": 0 },
      { "monster": "mon_secubot", "freq": 25, "cost_multiplier": 0, "pack_size": [ 1, 2 ] },
      { "monster": "mon_tankbot", "freq": 25, "cost_multiplier": 0 }
    ]
  }
]
