[
  {
    "type": "vehicle_group",
    "id": "city_vehicles",
    "vehicles": [
      [ "car", 2500 ],
      [ "electric_car", 500 ],
      [ "car_sports", 300 ],
      [ "car_sports_atomic", 15 ],
      [ "car_sports_electric", 60 ],
      [ "suv", 1400 ],
      [ "suv_electric", 400 ],
      [ "car_mini", 1000 ],
      [ "beetle", 600 ],
      [ "bubble_car", 20 ],
      [ "bicycle", 750 ],
      [ "bicycle_electric", 250 ],
      [ "motorcycle", 400 ],
      [ "superbike", 50 ],
      [ "motorcycle_sidecart", 100 ],
      [ "scooter", 250 ],
      [ "scooter_electric", 250 ],
      [ "policecar", 400 ],
      [ "truck_swat", 150 ],
      [ "ambulance", 600 ],
      [ "fire_truck", 150 ],
      [ "fire_engine", 150 ],
      [ "flatbed_truck", 800 ],
      [ "pickup", 1200 ],
      [ "road_roller", 100 ],
      [ "autosweeper", 250 ],
      [ "hippie_van", 1000 ],
      [ "cube_van_cheap", 800 ],
      [ "cube_van", 600 ],
      [ "security_van", 300 ],
      [ "schoolbus", 400 ],
      [ "rv", 500 ],
      [ "lux_rv", 100 ],
      [ "meth_lab", 100 ],
      [ "armored_car", 200 ],
      [ "apc", 100 ],
      [ "apc-gl", 50 ],
      [ "humvee", 150 ],
      [ "humvee_gl", 50 ],
      [ "icecream_truck", 75 ],
      [ "wienermobile", 25 ],
      [ "apc-bfg", 50 ],
      [ "humvee_bfg", 50 ],
      [ "aapc_bfg", 50 ]
    ]
  },
  {
    "type": "vehicle_group",
    "id": "city_pileup",
    "vehicles": [
      [ "car", 7000 ],
      [ "electric_car", 1000 ],
      [ "car_sports", 500 ],
      [ "suv", 1000 ],
      [ "suv_electric", 300 ],
      [ "car_mini", 1000 ],
      [ "beetle", 500 ],
      [ "pickup", 2000 ],
      [ "flatbed_truck", 1000 ],
      [ "cube_van", 500 ],
      [ "cube_van_cheap", 500 ],
      [ "hippie_van", 500 ],
      [ "policecar", 400 ],
      [ "truck_swat", 100 ],
      [ "ambulance", 800 ],
      [ "fire_truck", 300 ],
      [ "fire_engine", 300 ],
      [ "humvee", 50 ]
    ]
  },
  {
    "type": "vehicle_group",
    "id": "highway",
    "vehicles": [
      [ "car", 3000 ],
      [ "electric_car", 500 ],
      [ "car_sports", 1000 ],
      [ "car_sports_electric", 300 ],
      [ "pickup", 600 ],
      [ "flatbed_truck", 500 ],
      [ "semi_truck", 600 ],
      [ "humvee", 600 ],
      [ "humvee_gl", 150 ],
      [ "military_cargo_truck", 300 ],
      [ "policecar", 800 ],
      [ "car_fbi", 300 ],
      [ "truck_swat", 200 ],
      [ "hippie_van", 1000 ],
      [ "rara_x", 800 ],
      [ "apc", 300 ],
      [ "apc-gl", 100 ],
      [ "aapc-mg", 100 ],
      [ "aapc-gl", 50 ],
      [ "schoolbus", 400 ],
      [ "rv", 800 ],
      [ "lux_rv", 100 ],
      [ "meth_lab", 300 ],
      [ "armored_car", 300 ],
      [ "superbike", 50 ],
      [ "wienermobile", 5 ],
      [ "apc-bfg", 25 ],
      [ "humvee_bfg", 25 ],
      [ "aapc_bfg", 25 ]
    ]
  },
  {
    "type": "vehicle_group",
    "id": "suburban_home",
    "vehicles": [
      [ "car", 1500 ],
      [ "car_mini", 500 ],
      [ "electric_car", 500 ],
      [ "beetle", 600 ],
      [ "car_sports", 150 ],
      [ "car_sports_electric", 50 ],
      [ "superbike", 50 ],
      [ "motorcycle", 300 ],
      [ "motorcycle_sidecart", 250 ],
      [ "scooter", 150 ],
      [ "scooter_electric", 150 ],
      [ "suv", 750 ],
      [ "suv_electric", 250 ],
      [ "pickup", 500 ],
      [ "portable_generator", 100 ]
    ]
  },
  {
    "type": "vehicle_group",
    "id": "dirtlot",
    "vehicles": [
      [ "quad_bike", 400 ],
      [ "pickup", 700 ],
      [ "cube_van", 300 ],
      [ "schoolbus", 150 ],
      [ "rv", 300 ],
      [ "lux_rv", 50 ],
      [ "meth_lab", 350 ],
      [ "icecream_truck", 150 ],
      [ "wienermobile", 50 ]
    ]
  },
  {
    "type": "vehicle_group",
    "id": "parkinglot",
    "vehicles": [
      [ "military_cargo_truck", 100 ],
      [ "humvee", 100 ],
      [ "humvee_gl", 50 ],
      [ "apc", 100 ],
      [ "apc-gl", 50 ],
      [ "aapc-mg", 50 ],
      [ "aapc-gl", 25 ],
      [ "bubble_car", 50 ],
      [ "rv", 200 ],
      [ "schoolbus", 200 ],
      [ "fire_truck", 200 ],
      [ "policecar", 200 ],
      [ "car_sports_electric", 100 ],
      [ "quad_bike", 100 ],
      [ "truck_trailer", 500 ],
      [ "semi_truck", 500 ],
      [ "cube_van", 1000 ],
      [ "flatbed_truck", 1000 ],
      [ "car_mini", 750 ],
      [ "beetle", 750 ],
      [ "car", 1000 ],
      [ "electric_car", 750 ],
      [ "hippie_van", 750 ],
      [ "golf_cart", 300 ],
      [ "scooter", 300 ],
      [ "bicycle", 500 ],
      [ "rara_x", 300 ],
      [ "unicycle", 100 ],
      [ "bicycle_electric", 200 ],
      [ "motorcycle", 500 ],
      [ "superbike", 50 ],
      [ "motorcycle_sidecart", 300 ],
      [ "shopping_cart", 1000 ],
      [ "icecream_truck", 50 ],
      [ "wienermobile", 5 ],
      [ "portable_generator", 50 ],
      [ "apc-bfg", 50 ],
      [ "humvee_bfg", 50 ],
      [ "aapc_bfg", 50 ]
    ]
  },
  {
    "id": "garage",
    "type": "vehicle_group",
    "vehicles": [
      [ "car", 10 ],
      [ "car_chassis", 20 ],
      [ "engine_crane", 50 ],
      [ "motorcycle", 10 ],
      [ "motorcycle_chassis", 20 ],
      [ "portable_generator", 20 ],
      [ "quad_bike", 10 ],
      [ "quad_bike_chassis", 20 ],
      [ "superbike", 5 ],
      [ "welding_cart", 20 ]
    ]
  },
  {
    "type": "vehicle_group",
    "id": "military_vehicles",
    "vehicles": [
      [ "military_cargo_truck", 1000 ],
      [ "humvee", 500 ],
      [ "humvee_gl", 250 ],
      [ "apc", 500 ],
      [ "apc-gl", 250 ],
      [ "aapc-mg", 250 ],
      [ "apc-gl", 125 ],
      [ "apc-bfg", 100 ],
      [ "humvee_bfg", 100 ],
      [ "aapc_bfg", 100 ]
    ]
  },
  {
    "type": "vehicle_group",
    "id": "farm_vehicles",
    "vehicles": [
      [ "tractor_plow", 1000 ],
      [ "tractor_seed", 1000 ],
      [ "tractor_reaper", 1000 ],
      [ "autotractor", 1000 ],
      [ "excavator", 500 ],
      [ "heavy_plow_tractor", 1000 ]
    ]
  },
  {
    "id": "industrial_vehicles",
    "type": "vehicle_group",
    "//": "Industrial and construction vehicles found at public works depot and similar locations",
    "vehicles": [ [ "autosweeper", 25 ], [ "excavator", 160 ], [ "flatbed_truck", 80 ], [ "pickup", 80 ], [ "road_roller", 100 ] ]
  },
  {
    "id": "bandit_vehicles",
    "type": "vehicle_group",
    "//": "Vehicles used by Hell's Raiders for scouting and assaults",
    "vehicles": [ [ "quad_bike", 600 ], [ "motorcycle", 400 ], [ "pickup", 600 ], [ "cube_van", 200 ], [ "meth_lab", 200 ] ]
  },
  {
    "id": "warehouse_vehicles",
    "type": "vehicle_group",
    "//": "Lifting and hauling vehicles for warehouses, loading bays, and similar locations",
    "vehicles": [ [ "engine_crane", 100 ], [ "handjack", 200 ], [ "wheelbarrow", 50 ] ]
  },
  {
    "id": "school_vehicles",
    "type": "vehicle_group",
    "//": "School bus or fire truck found near school locations",
    "vehicles": [ [ "schoolbus", 400 ], [ "fire_truck", 100 ], [ "ambulance", 150 ], [ "policecar", 200 ] ]
  }
]
