[
  {
    "id" : "crescent_rose_storage",
	"copy_from":"rifle_base",
    "type" : "GUN",
    "name" : "新月玫瑰Crescent Rose（折叠）",
	"name_plural": "新月玫瑰Crescent Rose（折叠）",
    "description" : "新月玫瑰是Ruby Rose的专属武器，是一把大口径高速狙击步枪镰刀(High Caliber Sniper Scythe,HVSS)。当前处于折叠形态以方便收纳。",
    "weight" : 7300,
    "volume" : 4,
    "price" : 30000000,
	"skill":"rifle",
	"to_hit": -1,
	"bashing": 12,
    "material" : "steel",
    "symbol" : "(",
    "color" : "red",
	"ammo": "50",
	"range":45,
	"range_damage":-5,
	"dispersion":200,
	"durability":8,
	"barrel_length":2,
	"valid_mod_locations": [ [ "accessories", 4 ], [ "barrel", 1 ], [ "bore", 1 ], [ "sights", 1 ], [ "mechanism", 4 ], [ "muzzle", 1 ] ],
	"default_mods":["bipod","rifle_scope","muzzle_brake"],
	"magazine_well": 1,
    "magazines": [ [ "50", [ "m107a1mag" ] ] ],
	"flags":["NEVER_JAMS","SHEATH_KNIFE","VARSIZE", "WATER_FRIENDLY", "STURDY", "WAIST", "OVERSIZE","BELTED"],
	"use_action":
	[
	{
	"target":"crescent_rose_sniper",
	"msg":"你拉动机关，将新月玫瑰展开成一把狙击步枪",
	"active":true,
	"menu_text":"展开成狙击步枪形态",
	"type":"transform"
	}
	],
	"armor_data":{
		"covers":["TORSO"],
		"coverage":30
	}
  },
  {
    "id" : "crescent_rose_sniper",
    "type" : "GUN",
	"copy_from":"rifle_base",
    "name" : "新月玫瑰Crescent Rose（狙击步枪形态）",
	"name_plural": "新月玫瑰Crescent Rose（狙击步枪形态）",
    "description" : "新月玫瑰是Ruby Rose的专属武器，是一把大口径高速狙击步枪镰刀(High Caliber Sniper Scythe,HVSS)。步枪形态的新月玫瑰是一把威力强悍的武器，在任何距离都可以一击必杀且没有伤害衰减。",
    "weight" : 7300,
    "volume" : 14,
    "price" : 30000000,
	"skill":"rifle",
    "material" : "steel",
    "ammo": "50",
    "symbol" : "(",
    "color" : "red",
	"to_hit": -1,
	"bashing": 12,
	"range":45,
	"range_damage":-5,
	"dispersion":70,
	"durability":8,
	"barrel_length":5,
	"valid_mod_locations": [ [ "accessories", 4 ], [ "barrel", 1 ], [ "bore", 1 ], [ "sights", 1 ], [ "mechanism", 4 ], [ "muzzle", 1 ] ],
	"default_mods":["bipod","rifle_scope","muzzle_brake"],
	"magazine_well": 1,
    "magazines": [ [ "50", [ "m107a1mag" ] ] ],
	"flags":["NEVER_JAMS"],
	"use_action":
	[
	{
	"target":"crescent_rose_scythe",
	"msg":"你拉动机关，将新月玫瑰展开成一把战斗镰刀",
	"active":true,
	"menu_text":"展开成战斗镰刀形态",
	"type":"transform"
	}
	]
  },
  {
    "id" : "crescent_rose_scythe",
    "type" : "GUN",
	"copy_from":"rifle_base",
    "name" : "新月玫瑰Crescent Rose（战斗镰刀形态）",
	"name_plural": "新月玫瑰Crescent Rose（战斗镰刀形态）",
    "description" : "新月玫瑰是Ruby Rose的专属武器，是一把大口径高速狙击步枪镰刀(High Caliber Sniper Scythe,HVSS)。在战斗镰刀形态下，使用者利用后坐力减轻对力量的要求，并施展“杀戮风暴”一般的技巧、通过展开的刀刃在敌方中高速旋转来斩落敌人。",
    "weight" : 900,
    "volume" : 11,
    "price" : 30000000,
	"skill":"rifle",
	"to_hit": 3,
	"bashing": 12,
	"cutting":40,
    "material" : "steel",
    "symbol" : "/",
    "color" : "red",
    "ammo": "50",
	"range":45,
	"range_damage":-5,
	"dispersion":70,
	"durability":8,
	"barrel_length":5,
	"valid_mod_locations": [ [ "accessories", 4 ], [ "barrel", 1 ], [ "bore", 1 ], [ "sights", 1 ], [ "mechanism", 4 ], [ "muzzle", 1 ] ],
	"default_mods":["bipod","rifle_scope","muzzle_brake"],
	"magazine_well": 1,
    "magazines": [ [ "50", [ "m107a1mag" ] ] ],
	"flags":["NEVER_JAMS","DURABLE_MELEE"],
	"techniques": ["WIDE", "BRUTAL" ,"RAPID", "WBLOCK_2"],
	"qualities": [ [ "CUT", 2 ],[ "CUT_FINE", 1 ], [ "BUTCHER", 8 ] ],
	"use_action":
	[
	{
	"target":"crescent_rose_storage",
	"msg":"你拉动机关，将新月玫瑰折叠以便携带",
	"active":false,
	"menu_text":"折叠",
	"type":"transform"
	}
	]
  },
  {
	"id":"ember_celica_storage",
	"type":"ARMOR",
	"category":"armor",
	"name":"灰烬天堂Ember Celica（护腕形态）",
	"name_plural":"灰烬天堂Ember Celica（护腕形态）",
	"description":"灰烬天堂(Ember Celica)是Yang的武器，一对双重远程猎枪臂铠(Dual Ranged Shot Gauntlets，DRSG)。当前以护腕形态收在手腕上。",
	"weight":430,
	"volume":1,
	"price":30000000,
	"to_hit":1,
	"bashing":15,
	"material":"steel",
	"symbol":"[",
	"color":"yellow",
	"covers":["ARMS"],
	"coverage":50,
	"encubrance":5,
	"warmth":15,
	"material_thickness":4,
	"environmental_protection":2,
	"flags": [ "STURDY", "BELTED", "BLOCK_WHILE_WORN", "WATER_FRIENDLY" ,"OVERSIZE","OUTER"],
    "qualities": [ [ "HAMMER", 1 ], [ "HAMMER_FINE", 1 ] ],
	"use_action":
	[
	{
	"target":"ember_celica_armor",
	"msg":"你按动机关，将灰烬天堂展开成臂铠",
	"active":true,
	"menu_text":"展开成臂铠形态",
	"type":"transform"
	}
	]
  },
  {
	"id":"ember_celica_armor",
	"type":"GUN",
	"copy_from":"shotgun_base",
	"name":"灰烬天堂Ember Celica（臂铠形态）",
	"name_plural":"灰烬天堂Ember Celica（臂铠形态）",
	"description":"灰烬天堂(Ember Celica)是Yang的武器，一对双重远程猎枪臂铠(Dual Ranged Shot Gauntlets，DRSG)。当前展开为臂铠用于攻击。（因游戏机制限制，攻击时需要脱下并手持）",
	"weight":430,
	"volume":1.5,
	"price":30000000,
	"symbol":"[",
	"color":"yellow",
	"material":["steel"],
	"to_hit":3,
	"bashing":45,
	"skill":"shotgun",
	"ammo":"shot",
	"clip_size":24,
	"range":12,
	"range_damage":6,
	"dispersion":200,
	"durability":8,
	"reload": 100,
	"barrel_length":3,
	"flags": ["OVERSIZE","OUTER", "STURDY", "BELTED", "BLOCK_WHILE_WORN", "WATER_FRIENDLY", "UNARMED_WEAPON","NEVER_JAMS","DURABLE_MELEE" ],
    "qualities": [ [ "HAMMER", 1 ], [ "HAMMER_FINE", 1 ] ],
	"techniques": ["BRUTAL" ,"RAPID", "WBLOCK_2"],
	"modes": [
    [ "DEFAULT", "single", 1 ],
    [ "DOUBLE", "double", 2 ]
    ],
	"use_action":
	[
	{
	"target":"ember_celica_storage",
	"msg":"你按动机关，将灰烬天堂折叠成护腕",
	"active":false,
	"menu_text":"折叠",
	"type":"transform"
	}
	],
	"armor_data":{
	"covers":["ARMS"],
	"coverage":70,
	"encubrance":10,
	"warmth":20,
	"material_thickness":5,
	"environmental_protection":3
	}
  },
  {
	"id":"gambol_shroud_storage",
	"type":"GUN",
	"copy_from":"pistol_base",
	"name":"跃影飞绫Gambol Shroud（收鞘）",
	"name_plural":"跃影飞绫Gambol Shroud（收鞘）",
	"description":"跃影飞绫(Gambol Shroud)是Blake的武器，是一把以阔刃短刀为刀鞘，内装可变形打刀的复合型武器--变型弹道链镰刀(Variant Ballistic Chaain Scythe，VBCS)，且带有枪击功能，适用于迂回至敌后，隐匿偷袭。当前状态下打刀收鞘，作为阔刃短刀使用。",
	"weight":700,
	"volume":5,
	"price":30000000,
	"symbol":"/",
	"color":"dark_gray",
	"material":["steel","plastic"],
	"techniques":["RAPID","WBLOCK_2"],
	"flags": ["NEVER_JAMS","DURABLE_MELEE","SHEATH_SWORD" ],
	"to_hit":2,
	"bashing":3,
	"cutting":25,
	"qualities":[ [ "CUT", 2 ],["CUT_FINE",1], [ "BUTCHER", 13 ] ],
	"skill":"pistol",
	"ammo": "9mm",
    "ranged_damage": -1,
    "dispersion": 550,
    "durability": 6,
    "magazine_well": 1,
    "magazines": [
      [ "9mm", [ "glockmag", "glockbigmag", "glock17_17", "glock17_22", "glock_drum_50rd", "glock_drum_100rd" ] ],
      [ "22", [ "ruger1022bigmag", "ruger1022mag" ] ],
      [ "45", [ "m1911mag", "m1911bigmag" ] ],
      [ "46", [ "hk46mag", "hk46bigmag" ] ],
      [ "57", [ "fn57mag" ] ]
    ],
	"use_action":
	[
	{
	"target":"gambol_shroud_katana",
	"msg":"你将跃影飞绫中的打刀抽出",
	"active":true,
	"menu_text":"出鞘",
	"type":"transform"
	}
	]
  },
  {
	"id":"gambol_shroud_katana",
	"type":"GUN",
	"copy_from":"pistol_base",
	"name":"跃影飞绫Gambol Shroud（出鞘）",
	"name_plural":"跃影飞绫Gambol Shroud（出鞘）",
	"description":"跃影飞绫(Gambol Shroud)是Blake的武器，是一把以阔刃短刀为刀鞘，内装可变形打刀的复合型武器--变型弹道链镰刀(Variant Ballistic Chaain Scythe，VBCS)，且带有枪击功能，适用于迂回至敌后，隐匿偷袭。当前状态下打刀出鞘。",
	"weight":700,
	"volume":8,
	"price":30000000,
	"symbol":"/",
	"color":"dark_gray",
	"material":["steel","plastic"],
	"techniques":["RAPID","WBLOCK_2"],
	"flags": ["NEVER_JAMS","DURABLE_MELEE","SHEATH_SWORD" ],
	"to_hit":2,
	"bashing":4,
	"cutting":35,
	"qualities":[ [ "CUT", 2 ],["CUT_FINE",1], [ "BUTCHER", 13 ] ],
	"skill":"pistol",
	"ammo": "9mm",
    "ranged_damage": -1,
    "dispersion": 500,
    "durability": 6,
    "magazine_well": 1,
    "magazines": [
      [ "9mm", [ "glockmag", "glockbigmag", "glock17_17", "glock17_22", "glock_drum_50rd", "glock_drum_100rd" ] ],
      [ "22", [ "ruger1022bigmag", "ruger1022mag" ] ],
      [ "45", [ "m1911mag", "m1911bigmag" ] ],
      [ "46", [ "hk46mag", "hk46bigmag" ] ],
      [ "57", [ "fn57mag" ] ]
    ],
	"use_action":
	[
	{
	"target":"gambol_shroud_throw",
	"msg":"你拉动机关，将跃影飞绫的打刀折叠变形为枪镰",
	"active":true,
	"menu_text":"折叠成枪镰形态",
	"type":"transform"
	}
	]
  },
  {
	"id":"gambol_shroud_throw",
	"type":"GUN",
	"copy_from":"pistol_base",
	"name":"跃影飞绫Gambol Shroud（枪镰形态）",
	"name_plural":"跃影飞绫Gambol Shroud（枪镰形态）",
	"description":"跃影飞绫(Gambol Shroud)是Blake的武器，是一把以阔刃短刀为刀鞘，内装可变形打刀的复合型武器--变型弹道链镰刀(Variant Ballistic Chaain Scythe，VBCS)，且带有枪击功能，适用于迂回至敌后，隐匿偷袭。当前状态下打刀出鞘，可投掷进行远距攻击。",
	"weight":700,
	"volume":6,
	"price":30000000,
	"symbol":"/",
	"color":"dark_gray",
	"material":["steel","plastic"],
	"techniques":["RAPID","WBLOCK_2","WRAP","DEF_DISARM","WIDE"],
	"flags": ["NEVER_JAMS","DURABLE_MELEE","SHEATH_SWORD" ,"REACH_ATTACK", "REACH3", "WHIP"],
	"to_hit":3,
	"bashing":10,
	"cutting":30,
	"qualities":[ [ "CUT", 2 ],["CUT_FINE",1], [ "BUTCHER", 8 ] ],
	"skill":"pistol",
	"ammo": "9mm",
    "ranged_damage": -1,
    "dispersion": 300,
    "durability": 6,
    "magazine_well": 1,
    "magazines": [
      [ "9mm", [ "glockmag", "glockbigmag", "glock17_17", "glock17_22", "glock_drum_50rd", "glock_drum_100rd" ] ],
      [ "22", [ "ruger1022bigmag", "ruger1022mag" ] ],
      [ "45", [ "m1911mag", "m1911bigmag" ] ],
      [ "46", [ "hk46mag", "hk46bigmag" ] ],
      [ "57", [ "fn57mag" ] ]
    ],
	"use_action":
	[
	{
	"target":"gambol_shroud_storage",
	"msg":"你拉动机关，将跃影飞绫的打刀变形并收鞘",
	"active":false,
	"menu_text":"收鞘",
	"type":"transform"
	}
	]
  },
  {
	"id":"myrtenaster",
	"type":"GUN",
	"copy_from":"rifle_base",
	"name":"柳叶白菀Myrtenaster",
	"name_plural":"柳叶白菀Myrtenaster",
	"description":"柳叶白菀是Weiss Schnee的专属武器，是一把多重尘晶突刺剑(Multi Action Dust Rapier，MADR)，剑体呈银灰色，剑刃的形状是四棱锥，四面分别开有血槽。和其他的刺剑相同，Myrtenaster有着华丽的柄部。柄部上端中心镂空并替以类似于左轮手枪中转轮弹仓的构造，握把处加装了左轮枪的击锤和扳机。弹舱中可以填埋六枚尘晶(Dust)，分别对应不同的魔法效果。",
	"weight":1000,
	"volume":6,
	"price":40000000,
	"skill":"rifle",
	"to_hit":-1,
	"bashing":2,
	"cutting":40,
	"material":"steel",
	"symbol":"/",
	"color":"white",
	"valid_mod_locations":[["underbarrel",6]],
	"default_mods":["dust_laser"],
	"flags":[ "FIRE","STAB","SHEATH_SWORD","DURABLE_MELEE","WATERPROOF_GUN","NEVER_JAMS","USE_UPS","NO_UNLOAD","NO_RELOAD"],
	"techniques":["RAPID","WBLOCK_2","PRECISE"],
	"qualities":[ ["CUT", 2 ],["CUT_FINE",1], [ "BUTCHER", 10 ], ["WELD" ,2] ],
    "use_action": [
      {
        "type": "repair_item",
        "item_action_type": "repair_metal",
        "materials": [ "kevlar", "plastic", "iron", "steel", "hardsteel", "aluminum", "copper", "silver", "gold" ],
        "skill": "mechanics",
        "tool_quality": 10,
        "cost_scaling": 0.1,
        "move_cost": 500
      },
      { "type": "firestarter", "moves": 40, "moves_slow": 500 },
      {
        "target": "myrtenaster_lumos",
        "msg": "你点亮了柳叶白菀的尖端。",
		"menu_text":"点亮",
        "active": true,
        "type": "transform"
      }
    ]	
 }, 
 {
	"id":"myrtenaster_lumos",
	"type":"GUN",
	"copy_from":"myrtenaster",
	"revert_to":"myrtenaster",
	"skill":"rifle",
	"name":"柳叶白菀Myrtenaster（发光）",
	"name_plural":"柳叶白菀Myrtenaster（发光）",
	"description":"柳叶白菀是Weiss Schnee的专属武器，是一把多重尘晶突刺剑(Multi Action Dust Rapier，MADR)，剑体呈银灰色，剑刃的形状是四棱锥，四面分别开有血槽。和其他的刺剑相同，Myrtenaster有着华丽的柄部。柄部上端中心镂空并替以类似于左轮手枪中转轮弹仓的构造，握把处加装了左轮枪的击锤和扳机。弹舱中可以填埋六枚尘晶(Dust)，分别对应不同的魔法效果。此时柳叶白菀的尖端亮了起来。",
	"use_action": [
      {
        "type": "repair_item",
        "item_action_type": "repair_metal",
        "materials": [ "kevlar", "plastic", "iron", "steel", "hardsteel", "aluminum", "copper", "silver", "gold" ],
        "skill": "mechanics",
        "tool_quality": 10,
        "cost_scaling": 0.1,
        "move_cost": 500
      },
      { "type": "firestarter", "moves": 40, "moves_slow": 500 },
      {
        "target": "myrtenaster",
        "msg": "你熄灭柳叶白菀的尖端。",
        "active": false,
		"menu_text":"熄灭",
        "type": "transform"
      }
    ],
	"weight":1000,
	"volume":6,
	"price":40000000,
	"to_hit":-1,
	"bashing":2,
	"cutting":40,
	"material":"steel",
	"symbol":"/",
	"color":"white",
	"valid_mod_locations":[["underbarrel",6]],
	"default_mods":["dust_laser"],
	"flags":["FIRE","STAB","SHEATH_SWORD","DURABLE_MELEE","WATERPROOF_GUN","NEVER_JAMS","USE_UPS","NO_UNLOAD","NO_RELOAD","LIGHT_20"],
	"techniques":["RAPID","WBLOCK_2","PRECISE"],
	"qualities":[ [ "CUT", 2 ],["CUT_FINE",1], [ "BUTCHER", 10 ], ["WELD" ,2] ]
 },
	{
	"id":"dust_laser",
	"type":"GUNMOD",
	"name":"尘晶（白）",
	"name_plural":"尘晶（白）",
	"description":"装填在柳叶白菀上的尘晶。装上这块尘晶后柳叶白菀可以发射激光。",
	"weight":"300",
	"volume":1,
	"price":10000000,
	"bashing":5,
	"to_hit":-1,
	"material":"diamond",
	"symbol":"*",
	"color":"white",
	"location":"underbarrel",
	"mod_targets":["rifle"],
	"gun_data":
	{
		"skill":"pistol",
		"ranged_damage":32,
		"pierce": 15,
		"dispersion":10,
		"durability":10,
		"loudness":7,
		"reload":500,
		"range":30,
		"ups_charges":30,
		"ammo_effects":["LASER","INCENDIARY"]
	},
	"min_skills": [ [ "weapon", 4 ] ],
	"flags":["NO_UNLOAD","NEVER_JAMS"]
	},
	{
	"id":"dust_flame",
	"type":"GUNMOD",
	"name":"尘晶（红）",
	"name_plural":"尘晶（红）",
	"description":"装填在柳叶白菀上的尘晶。装上这块尘晶后柳叶白菀可以喷射火焰。",
	"weight":"300",
	"volume":1,
	"price":10000000,
	"bashing":5,
	"to_hit":-1,
	"material":"diamond",
	"symbol":"*",
	"color":"red",
	"location":"underbarrel",
	"mod_targets":["rifle"],
	"gun_data":
	{
		"skill":"pistol",
		"ranged_damage":25,
		"pierce": 10,
		"dispersion":10,
		"durability":10,
		"loudness":7,
		"reload":500,
		"range":30,
		"ups_charges":30,
		"ammo_effects":["FLAME","DRAW_AS_LINE"]
	},
	"min_skills": [ [ "weapon", 4 ] ],
	"flags":["NO_UNLOAD","NEVER_JAMS","FIRE_100"]
	},
	{
	"id":"dust_lightning",
	"type":"GUNMOD",
	"name":"尘晶（青）",
	"name_plural":"尘晶（青）",
	"description":"装填在柳叶白菀上的尘晶。装上这块尘晶后柳叶白菀可以放电。",
	"weight":"300",
	"volume":1,
	"price":10000000,
	"bashing":5,
	"to_hit":-1,
	"material":"diamond",
	"symbol":"*",
	"color":"magenta",
	"location":"underbarrel",
	"mod_targets":["rifle"],
	"gun_data":
	{
		"skill":"pistol",
		"ranged_damage":20,
		"dispersion":10,
		"durability":10,
		"loudness":7,
		"reload":500,
		"range":30,
		"ups_charges":30,
		"ammo_effects":["LIGHTNING","BOUNCE"]
	},
	"min_skills": [ [ "weapon", 4 ] ],
	"flags":["NO_UNLOAD","NEVER_JAMS"]
	},
	{
	"id":"dust_emp",
	"type":"GUNMOD",
	"name":"尘晶（紫）",
	"name_plural":"尘晶（紫）",
	"description":"装填在柳叶白菀上的尘晶。装上这块尘晶后柳叶白菀可以发射EMP能量。",
	"weight":"300",
	"volume":1,
	"price":10000000,
	"bashing":5,
	"to_hit":-1,
	"material":"diamond",
	"symbol":"*",
	"color":"cyan",
	"location":"underbarrel",
	"mod_targets":["rifle"],
	"gun_data":
	{
		"skill":"pistol",
		"ranged_damage":10,
		"pierce": 5,
		"dispersion":10,
		"durability":10,
		"loudness":7,
		"reload":500,
		"range":30,
		"ups_charges":30,
		"ammo_effects": [ "DRAW_AS_LINE", "WIDE", "EMP" ]
	},
	"min_skills": [ [ "weapon", 4 ] ],
	"flags":["NO_UNLOAD","NEVER_JAMS"]
	},
	{
	"id":"dust_acid",
	"type":"GUNMOD",
	"name":"尘晶（绿）",
	"name_plural":"尘晶（绿）",
	"description":"装填在柳叶白菀上的尘晶。装上这块尘晶后柳叶白菀可以喷射酸液。",
	"weight":"300",
	"volume":1,
	"price":10000000,
	"bashing":5,
	"to_hit":-1,
	"material":"diamond",
	"symbol":"*",
	"color":"green",
	"location":"underbarrel",
	"mod_targets":["rifle"],
	"gun_data":
	{
		"skill":"pistol",
		"ranged_damage":{
			"damage_type":"acid",
			"amount":6
		},
		"pierce": 5,
		"dispersion":10,
		"durability":10,
		"loudness":7,
		"reload":500,
		"range":30,
		"ups_charges":5,
		"burst":6,
		"ammo_effects":["BLINDS_EYES","NEVER_MISFIRES","NO_DAMAGE_SCALING"]
	},
	"min_skills": [ [ "weapon", 4 ] ],
	"flags":["NO_UNLOAD","NEVER_JAMS"]
	},
	{
	"id":"dust_air",
	"type":"GUNMOD",
	"name":"尘晶（无色）",
	"name_plural":"尘晶（无色）",
	"description":"装填在柳叶白菀上的尘晶。装上这块尘晶后柳叶白菀可以发射高压空气。",
	"weight":"300",
	"volume":1,
	"price":10000000,
	"bashing":5,
	"to_hit":-1,
	"material":"diamond",
	"symbol":"*",
	"color":"light_gray",
	"location":"underbarrel",
	"mod_targets":["rifle"],
	"gun_data":
	{
		"skill":"pistol",
		"ranged_damage":20,
		"pierce": 5,
		"dispersion":10,
		"durability":10,
		"loudness":7,
		"reload":500,
		"range":30,
		"ups_charges":5,
		"ammo_effects": [ "JET", "BEANBAG", "NEVER_MISFIRES", "RECOVER_10" ]
	},
	"min_skills": [ [ "weapon", 4 ] ],
	"flags":["NO_UNLOAD","NEVER_JAMS"]
	},
	{
		"type":"BOOK",
		"id":"mag_comic_rwby",
		"name":"comic book",
		"description":"一本漫画书，封面上画着四个风格各异的女孩子，剧情一波三折扣人心弦，充满着各色人物和精彩的打斗场面。   \r\t“Go team RWBY！”",
		"weight": 60,
		"volume": 1,
		"price": 500,
		"material": [ "paper" ],
		"symbol": "?",
		"color": "light_red",
		"time": 7,
		"fun": 4		
	},
	{
		"type":"BOOK",
		"id":"blueprint_cr_1",
		"name":"红色图纸（1）",
		"name_plural":"红色图纸（1）",
		"description":"一张薄薄的图纸，上面像是绘制了一把镰刀。如果找到其他图纸说不定可以制作出什么东西。",
		"weight":3,
		"volume":0,
		"price":1000,
		"material":"paper",
		"symbol":"?",
		"color":"red",
		"intelligence":9,
		"time":30,
		"fun":-2
	},
		{
		"type":"BOOK",
		"id":"blueprint_cr_2",
		"name":"红色图纸（2）",
		"name_plural":"红色图纸（2）",
		"description":"一张薄薄的图纸，上面像是绘制了一把狙击枪。如果找到其他图纸说不定可以制作出什么东西。",
		"weight":3,
		"volume":0,
		"price":1000,
		"material":"paper",
		"symbol":"?",
		"color":"red",
		"intelligence":9,
		"time":30,
		"fun":-2
	},
		{
		"type":"BOOK",
		"id":"blueprint_cr_3",
		"name":"红色图纸（3）",
		"name_plural":"红色图纸（3）",
		"description":"一张薄薄的图纸，上面像是绘制了某种复杂的机械结构。如果找到其他图纸说不定可以制作出什么东西。",
		"weight":3,
		"volume":0,
		"price":1000,
		"material":"paper",
		"symbol":"?",
		"color":"red",
		"intelligence":9,
		"time":30,
		"fun":-2
	},
	{
		"type":"BOOK",
		"id":"blueprint_cr",
		"name":"红色设计图",
        "name_plural":"红色设计图",
		"description":"一本薄薄的设计图，上面绘制了一种复杂的镰刀形武器。",
		"weight":12,
		"volume":0,
		"price":300000,
		"material":"paper",
		"symbol":"?",
		"color":"red",
		"skill":"fabrication",
		"required_level":8,
		"max_level":10,
		"intelligence":10,
		"time":30,
		"fun":-2
	},
		{
		"type":"BOOK",
		"id":"blueprint_ec_1",
		"name":"黄色图纸（1）",
		"name_plural":"黄色图纸（1）",
		"description":"一张薄薄的图纸，上面像是绘制了一对臂铠。如果找到其他图纸说不定可以制作出什么东西。",
		"weight":3,
		"volume":0,
		"price":1000,
		"material":"paper",
		"symbol":"?",
		"color":"yellow",
		"intelligence":9,
		"time":30,
		"fun":-2
	},	
	{
		"type":"BOOK",
		"id":"blueprint_ec_2",
		"name":"黄色图纸（2）",
		"name_plural":"黄色图纸（2）",
		"description":"一张薄薄的图纸，上面像是绘制了一把霰弹枪。如果找到其他图纸说不定可以制作出什么东西。",
		"weight":3,
		"volume":0,
		"price":1000,
		"material":"paper",
		"symbol":"?",
		"color":"yellow",
		"intelligence":9,
		"time":30,
		"fun":-2
	},
	{
		"type":"BOOK",
		"id":"blueprint_ec_3",
		"name":"黄色图纸（3）",
		"name_plural":"黄色图纸（3）",
		"description":"一张薄薄的图纸，上面像是绘制了某种复杂的机械结构。如果找到其他图纸说不定可以制作出什么东西。",
		"weight":3,
		"volume":0,
		"price":1000,
		"material":"paper",
		"symbol":"?",
		"color":"yellow",
		"intelligence":9,
		"time":30,
		"fun":-2
	},
		{
		"type":"BOOK",
		"id":"blueprint_ec",
		"name":"黄色设计图",
		"name_plural":"黄色设计图",
		"description":"一本薄薄的设计图，上面绘制了一种复杂的臂铠形武器。",
		"weight":12,
		"volume":0,
		"price":300000,
		"material":"paper",
		"symbol":"?",
		"color":"yellow",
		"skill":"fabrication",
		"required_level":8,
		"max_level":10,
		"intelligence":10,
		"time":30,
		"fun":-2
	},
			{
		"type":"BOOK",
		"id":"blueprint_gs_1",
		"name":"黑色图纸（1）",
		"name_plural":"黑色图纸（1）",
		"description":"一张薄薄的图纸，上面像是绘制了一对日本刀。如果找到其他图纸说不定可以制作出什么东西。",
		"weight":3,
		"volume":0,
		"price":1000,
		"material":"paper",
		"symbol":"?",
		"color":"dark_gray",
		"intelligence":9,
		"time":30,
		"fun":-2
	},	
	{
		"type":"BOOK",
		"id":"blueprint_gs_2",
		"name":"黑色图纸（2）",
		"name_plural":"黑色图纸（2）",
		"description":"一张薄薄的图纸，上面像是绘制了一把手枪。如果找到其他图纸说不定可以制作出什么东西。",
		"weight":3,
		"volume":0,
		"price":1000,
		"material":"paper",
		"symbol":"?",
		"color":"dark_gray",
		"intelligence":9,
		"time":30,
		"fun":-2
	},
	{
		"type":"BOOK",
		"id":"blueprint_gs_3",
		"name":"黑色图纸（3）",
		"name_plural":"黑色图纸（3）",
		"description":"一张薄薄的图纸，上面像是绘制了某种复杂的机械结构。如果找到其他图纸说不定可以制作出什么东西。",
		"weight":3,
		"volume":0,
		"price":1000,
		"material":"paper",
		"symbol":"?",
		"color":"dark_gray",
		"intelligence":9,
		"time":30,
		"fun":-2
	},
		{
		"type":"BOOK",
		"id":"blueprint_gs",
		"name":"黑色设计图",
		"name_plural":"黑色设计图",
		"description":"一本薄薄的设计图，上面绘制了一种复杂的枪镰形武器。",
		"weight":12,
		"volume":0,
		"price":300000,
		"material":"paper",
		"symbol":"?",
		"color":"dark_gray",
		"skill":"fabrication",
		"required_level":8,
		"max_level":10,
		"intelligence":10,
		"time":30,
		"fun":-2
	},
				{
		"type":"BOOK",
		"id":"blueprint_my_1",
		"name":"白色图纸（1）",
		"name_plural":"白色图纸（1）",
		"description":"一张薄薄的图纸，上面像是绘制了一把刺剑。如果找到其他图纸说不定可以制作出什么东西。",
		"weight":3,
		"volume":0,
		"price":1000,
		"material":"paper",
		"symbol":"?",
		"color":"white",
		"intelligence":9,
		"time":30,
		"fun":-2
	},	
	{
		"type":"BOOK",
		"id":"blueprint_my_2",
		"name":"白色图纸（2）",
		"name_plural":"白色图纸（2）",
		"description":"一张薄薄的图纸，上面像是绘制了某种晶体。如果找到其他图纸说不定可以制作出什么东西。",
		"weight":3,
		"volume":0,
		"price":1000,
		"material":"paper",
		"symbol":"?",
		"color":"white",
		"intelligence":9,
		"time":30,
		"fun":-2
	},
	{
		"type":"BOOK",
		"id":"blueprint_my_3",
		"name":"白色图纸（3）",
		"name_plural":"白色图纸（3）",
		"description":"一张薄薄的图纸，上面像是绘制了某种复杂的电子结构。如果找到其他图纸说不定可以制作出什么东西。",
		"weight":3,
		"volume":0,
		"price":1000,
		"material":"paper",
		"symbol":"?",
		"color":"white",
		"intelligence":9,
		"time":30,
		"fun":-2
	},
		{
		"type":"BOOK",
		"id":"blueprint_my",
		"name":"白色设计图",
		"name_plural":"白色设计图",
		"description":"一本薄薄的设计图，上面绘制了一种复杂的刺剑形武器。",
		"weight":12,
		"volume":0,
		"price":300000,
		"material":"paper",
		"symbol":"?",
		"color":"white",
		"skill":"fabrication",
		"required_level":8,
		"max_level":10,
		"intelligence":10,
		"time":30,
		"fun":-2
	},
	{
		"id":"manual_cr",
		"copy_from":"book_martial",
		"type":"BOOK",
		"name":"燃烧的玫瑰",
		"name_plural":"燃烧的玫瑰",
		"description":"讲述新月玫瑰Crescent Rose的使用技巧的书。",
		"symbol":"?",
		"color":"red",
		"material":["paper"],
		"weight":10,
		"volume":1,
		"price":100000,
		"intelligence":8,
		"time":30,
		"use_action":"MA_MANUAL"
	},	
	{
		"id":"manual_ec",
		"copy_from":"book_martial",
		"type":"BOOK",
		"name":"烈焰之心",
		"name_plural":"烈焰之心",
		"description":"讲述灰烬天堂Ember Celica的使用技巧的书。",
		"symbol":"?",
		"color":"yellow",
		"material":["paper"],
		"weight":10,
		"volume":1,
		"price":100000,
		"intelligence":8,
		"time":30,
		"use_action":"MA_MANUAL"
	},
	{
		"id":"manual_gs",
		"copy_from":"book_martial",
		"type":"BOOK",
		"name":"阴影颠茄",
		"name_plural":"阴影颠茄",
		"description":"讲述跃影飞绫Gambol Shroud的使用技巧的书。",
		"symbol":"?",
		"color":"dark_gray",
		"material":["paper"],
		"weight":10,
		"volume":1,
		"price":100000,
		"intelligence":8,
		"time":30,
		"use_action":"MA_MANUAL"
	},
	{
		"id":"manual_my",
		"copy_from":"book_martial",
		"type":"BOOK",
		"name":"魔镜魔镜",
		"name_plural":"魔镜魔镜",
		"description":"讲述柳叶白菀Myrtenaster的使用技巧的书。",
		"symbol":"?",
		"color":"white",
		"material":["paper"],
		"weight":10,
		"volume":1,
		"price":100000,
		"intelligence":8,
		"time":30,
		"use_action":"MA_MANUAL"
	},
    {
    "id": "testgunclothes",
    "type": "GUN",
    "reload_noise_volume": 10,
    "name": "RM232 IDW",
    "description": "Seeing this is a bug.",
    "weight": 682,
    "volume": 3,
    "price": 1200000,
    "to_hit": -2,
    "bashing": 8,
    "material": [ "superalloy", "ceramic" ],
    "symbol": "(",
    "color": "dark_gray",
    "skill": "pistol",
    "dispersion": 280,
    "durability": 9,
	"ammo":"battery",
	"initial_charges":100,
	"max_charges":200,
	"charges_per_use":5,
    "valid_mod_locations": [ [ "accessories", 3 ], [ "grip", 1 ], [ "mechanism", 4 ], [ "muzzle", 1 ], [ "rail", 1 ], [ "sights", 1 ], [ "stock", 1 ], [ "underbarrel", 1 ] ],
     "flags": [ "WATERPROOF_GUN", "NEVER_JAMS" ],
	"armor_data":{
		"covers":["HEAD"],
		"coverage":30,
		"encubrance":17
	
	}
  }
]