[{
	"type": "item_group",
	"id": "child_items",
	"items": [["mag_comic_rwby",
	5]]
},
{
	"id": "magazines",
	"type": "item_group",
	"items": [["mag_comic_rwby",
	5],
	["mag_comic_rwby",
	5]]
},
{
	"type": "item_group",
	"id": "hospital_bed",
	"items": [["mag_comic_rwby",
	3]]
},
{
	"id": "school",
	"type": "item_group",
	"items": [["mag_comic_rwby",
	5]]
},
{
	"type": "item_group",
	"id": "lab_dorm",
	"items": [["mag_comic_rwby",
	5]]
},
{
	"type": "item_group",
	"id": "arcade_prizes",
	"items": [["mag_comic_rwby",
	6]]
},
{
	"type": "item_group",
	"id": "army_personal_locker",
	"items": [["mag_comic_rwby",
	5]]
},
{
	"type": "item_group",
	"id": "army_bed",
	"items": [["mag_comic_rwby",
	2]]
},
{
	"id": "recycle_paper",
	"type": "item_group",
	"items": [["mag_comic_rwby",
	5]]
},
{
	"id": "dollar_books",
	"type": "item_group",
	"items": [["mag_comic_rwby",
	3]]
},
{
	"id": "mail",
	"type": "item_group",
	"items": [["mag_comic_rwby",
	3]]
},
{
	"type": "item_group",
	"id": "vault",
	"items": [["blueprint_cr_1",
	1],
	["blueprint_cr_2",
	1],
	["blueprint_cr_3",
	1],
	["blueprint_ec_1",
	1],
	["blueprint_ec_2",
	1],
	["blueprint_ec_3",
	1],
	["blueprint_gs_1",
	1],
	["blueprint_gs_2",
	1],
	["blueprint_gs_3",
	1],
	["blueprint_my_1",
	1],
	["blueprint_my_2",
	1],
	["blueprint_my_3",
	1]]
}]