[
	{
	"type":"recipe",
	"result":"crescent_rose_scythe",
	"category":"CC_WEAPON",
	"subcategory":"CSC_WEAPON_CUTTING",
	"skill_used":"fabrication",
	"skills_required": [[ "electronics", 5 ],["gun",3]],
	"difficulty":10,
	"time":480000,
	"reversible":false,
	"book_learn":[["blueprint_cr",1]],
	"qualities":[
     { "id": "ANVIL", "level": 3 },
     {"id":"HAMMER","level":3},
     { "id": "CHISEL", "level": 3 }
   ],
   "tools":[
      [
      ["tongs", -1]
      ],
      [
      ["swage", -1]
      ],
      [
      ["forge", 450],
      [ "oxy_torch", 90]
      ]
      ],
	"components": [ [ [ "m107a1", 1 ] ], 
	[ [ "scythe_war", 1 ] ] ,
	[ 
	[ "steel_lump", 2 ],
	[ "steel_chunk", 8 ],
	[ "scrap", 24 ]
	]
	]
	},
	{
	"type":"recipe",
	"result":"ember_celica_armor",
	"category":"CC_WEAPON",
	"subcategory":"CSC_WEAPON_BASHING",
	"skill_used":"fabrication",
	"skills_required": [[ "electronics", 5 ],["gun",3]],
	"difficulty":10,
	"time":480000,
	"reversible":false,
	"book_learn":[["blueprint_ec",1]],
	"qualities":[
     { "id": "ANVIL", "level": 3 },
     {"id":"HAMMER","level":3},
     { "id": "CHISEL", "level": 3 }
   ],
   "tools":[
      [
      ["tongs", -1]
      ],
      [
      ["swage", -1]
      ],
      [
      ["forge", 450],
      [ "oxy_torch", 90]
      ]
      ],
	"components": [ [ [ "ksg", 2 ] ], 
	[ [ "armguard_lightplate", 1 ] ] ,
	[ 
	[ "steel_lump", 2 ],
	[ "steel_chunk", 8 ],
	[ "scrap", 24 ]
	]
	]
	},
	{
	"type":"recipe",
	"result":"gambol_shroud_katana",
	"category":"CC_WEAPON",
	"subcategory":"CSC_WEAPON_CUTTING",
	"skill_used":"fabrication",
	"skills_required": [[ "electronics", 5 ],["gun",3]],
	"difficulty":10,
	"time":480000,
	"reversible":false,
	"book_learn":[["blueprint_gs",1]],
	"qualities":[
     { "id": "ANVIL", "level": 3 },
     {"id":"HAMMER","level":3},
     { "id": "CHISEL", "level": 3 }
   ],
   "tools":[
      [
      ["tongs", -1]
      ],
      [
      ["swage", -1]
      ],
      [
      ["forge", 450],
      [ "oxy_torch", 90]
      ]
      ],
	"components": [ [ [ "glock_19", 1 ],["glock_17",1] ], 
	[ [ "katana", 1 ] ] ,
	[ [ "wakizashi", 1 ] ] ,
	[["rope_30",1]],
	[["hose",3]],
	[ 
	[ "steel_lump", 2 ],
	[ "steel_chunk", 8 ],
	[ "scrap", 24 ]
	]
	]
	},
	{
	"type":"recipe",
	"result":"myrtenaster",
	"category":"CC_WEAPON",
	"subcategory":"CSC_WEAPON_PIERCING",
	"skill_used":"fabrication",
	"skills_required": [[ "electronics", 5 ],["gun",3]],
	"difficulty":10,
	"time":480000,
	"reversible":false,
	"book_learn":[["blueprint_my",1]],
	"qualities":[
     {"id": "ANVIL", "level": 3 },
     {"id":"HAMMER","level":3},
     {"id": "CHISEL", "level": 3 }

   ],
   "tools":[
      [
      ["tongs", -1]
      ],
      [
      ["swage", -1]
      ],
      [
      ["forge", 450],
      ["oxy_torch", 90]
      ]
      ],
	"components":  
	[[ [ "estoc", 1 ] ] ,
	[ [ "platinum_small", 50 ] ] ,
	[["battery_ups",1]],
	[["plut_cell",2]],
	[["laser_rifle",1]],
	[ 
	[ "steel_lump", 2 ],
	[ "steel_chunk", 8 ],
	[ "scrap", 24 ]
	]
	]

	},
	{
	"type":"recipe",
	"result":"dust_laser",
	"category":"CC_WEAPON",
	"subcategory":"CSC_WEAPON_MODS",
	"skill_used":"fabrication",
	"skills_required": [[ "electronics", 5 ],["gun",3]],
	"difficulty":10,
	"time":200000,
	"reversible":false,
	"book_learn":[["blueprint_my",1],["blueprint_my_2",1]],
	"qualities":[
     { "id": "ANVIL", "level": 3 },
     {"id":"HAMMER","level":3},
     { "id": "CHISEL", "level": 3 },
	 {"id":"WELD","level":2},
	 { "id": "SCREW", "level": 1 }
   ],
	"using":[["welding_standard",150]],
   "tools":[
      [
      ["tongs", -1]
      ],
      [
      ["swage", -1]
      ],
      [
      ["forge", 450],
      [ "oxy_torch", 90]
      ]
      ],
	"components":  
	[[ [ "diamond", 1 ],["coal_lump",10000 ]] ,
	[ [ "platinum_small", 10 ] ] ,
	[["battery_ups",1]],
	[["plut_cell",1]],
	[["bio_laser",1]]
	]
	},
	{
	"type":"recipe",
	"result":"dust_flame",
	"category":"CC_WEAPON",
	"subcategory":"CSC_WEAPON_MODS",
	"skill_used":"fabrication",
	"skills_required": [[ "electronics", 5 ],["gun",3]],
	"difficulty":10,
	"time":200000,
	"reversible":false,
	"book_learn":[["blueprint_my",1],["blueprint_my_2",1]],
	"qualities":[
     { "id": "ANVIL", "level": 3 },
     {"id":"HAMMER","level":3},
     { "id": "CHISEL", "level": 3 },
	 {"id":"WELD","level":2},
	 { "id": "SCREW", "level": 1 }
   ],
	"using":[["welding_standard",150]],
   "tools":[
      [
      ["tongs", -1]
      ],
      [
      ["swage", -1]
      ],
      [
      ["forge", 450],
      [ "oxy_torch", 90]
      ]
      ],
	"components":  
	[[ [ "diamond", 1 ],["coal_lump",10000 ]] ,
	[ [ "platinum_small", 10 ] ] ,
	[["battery_ups",1]],
	[["plut_cell",1]],
	[["bio_lighter",1]]
	]
	},
{
	"type":"recipe",
	"result":"dust_lightning",
	"category":"CC_WEAPON",
	"subcategory":"CSC_WEAPON_MODS",
	"skill_used":"fabrication",
	"skills_required": [[ "electronics", 5 ],["gun",3]],
	"difficulty":10,
	"time":200000,
	"reversible":false,
	"book_learn":[["blueprint_my",1],["blueprint_my_2",1]],
	"qualities":[
     { "id": "ANVIL", "level": 3 },
     {"id":"HAMMER","level":3},
     { "id": "CHISEL", "level": 3 },
	 {"id":"WELD","level":2},
	 { "id": "SCREW", "level": 1 }
   ],
	"using":[["welding_standard",150]],
   "tools":[
      [
      ["tongs", -1]
      ],
      [
      ["swage", -1]
      ],
      [
      ["forge", 450],
      [ "oxy_torch", 90]
      ]
      ],
	"components":  
	[[ [ "diamond", 1 ],["coal_lump",10000 ]] ,
	[ [ "platinum_small", 10 ] ] ,
	[["battery_ups",1]],
	[["plut_cell",1]],
	[["bio_chain_lightning",1]]
	]
	},
{
	"type":"recipe",
	"result":"dust_emp",
	"category":"CC_WEAPON",
	"subcategory":"CSC_WEAPON_MODS",
	"skill_used":"fabrication",
	"skills_required": [[ "electronics", 5 ],["gun",3]],
	"difficulty":10,
	"time":200000,
	"reversible":false,
	"book_learn":[["blueprint_my",1],["blueprint_my_2",1]],
	"qualities":[
     { "id": "ANVIL", "level": 3 },
     {"id":"HAMMER","level":3},
     { "id": "CHISEL", "level": 3 },
	 {"id":"WELD","level":2},
	 { "id": "SCREW", "level": 1 }
   ],
	"using":[["welding_standard",150]],
   "tools":[
      [
      ["tongs", -1]
      ],
      [
      ["swage", -1]
      ],
      [
      ["forge", 450],
      [ "oxy_torch", 90]
      ]
      ],
	"components":  
	[[ [ "diamond", 1 ],["coal_lump",10000 ]] ,
	[ [ "platinum_small", 10 ] ] ,
	[["battery_ups",1]],
	[["plut_cell",1]],
	[["bio_emp",1],["bio_emp_armgun",1]]
	]
	},
{
	"type":"recipe",
	"result":"dust_acid",
	"category":"CC_WEAPON",
	"subcategory":"CSC_WEAPON_MODS",
	"skill_used":"fabrication",
	"skills_required": [[ "electronics", 5 ],["gun",3]],
	"difficulty":10,
	"time":200000,
	"reversible":false,
	"book_learn":[["blueprint_my",1],["blueprint_my_2",1]],
	"qualities":[
     { "id": "ANVIL", "level": 3 },
     {"id":"HAMMER","level":3},
     { "id": "CHISEL", "level": 3 },
	 {"id":"WELD","level":2},
	 { "id": "SCREW", "level": 1 }
   ],
	"using":[["welding_standard",150]],
   "tools":[
      [
      ["tongs", -1]
      ],
      [
      ["swage", -1]
      ],
      [
      ["forge", 450],
      [ "oxy_torch", 90]
      ]
      ],
	"components":  
	[[ [ "diamond", 1 ],["coal_lump",10000 ]] ,
	[ [ "platinum_small", 10 ] ] ,
	[["battery_ups",1]],
	[["plut_cell",1]],
	[["acid",10000]]
	]
	},
{
	"type":"recipe",
	"result":"dust_air",
	"category":"CC_WEAPON",
	"subcategory":"CSC_WEAPON_MODS",
	"skill_used":"fabrication",
	"skills_required": [[ "electronics", 5 ],["gun",3]],
	"difficulty":10,
	"time":200000,
	"reversible":false,
	"book_learn":[["blueprint_my",1],["blueprint_my_2",1]],
	"qualities":[
     { "id": "ANVIL", "level": 3 },
     {"id":"HAMMER","level":3},
     { "id": "CHISEL", "level": 3 },
	 {"id":"WELD","level":2},
	 { "id": "SCREW", "level": 1 }
   ],
	"using":[["welding_standard",150]],
   "tools":[
      [
      ["tongs", -1]
      ],
      [
      ["swage", -1]
      ],
      [
      ["forge", 450],
      [ "oxy_torch", 90]
      ]
      ],
	"components":  
	[[ [ "diamond", 1 ],["coal_lump",10000 ]] ,
	[ [ "platinum_small", 10 ] ] ,
	[["battery_ups",1]],
	[["plut_cell",1]],
	[["airhorn",5],["plasma",2]],
	[["pump_complex",1]]
	]
	},
	
	{
		"type":"recipe",
		"result":"blueprint_ec_1",
		"category":"CC_OTHER",
		"subcategory":"CSC_OTHER_OTHER",
		"skill_used":"fabrication",
		"skills_required": [[ "bashing", 5 ],["melee",5]],
		"difficulty":8,
		"time":100000,
		"book_learn":[["mag_comic_rwby",1]],
		"tools":[
		[
		["permanent_marker",100],
		["survival_marker",100]
		],
		[
		["mag_comic_rwby",-1]
		],
		[
		["armguard_lightplate",-1],
		["textbook_armwest",-1]
		]
		],
		"components":
		[[["paper",5]]]
	},
		{
		"type":"recipe",
		"result":"blueprint_ec_2",
		"category":"CC_OTHER",
		"subcategory":"CSC_OTHER_OTHER",
		"skill_used":"fabrication",
		"skills_required": [[ "rifle", 5 ],["gun",5]],
		"difficulty":8,
		"time":100000,
		"book_learn":[["mag_comic_rwby",1]],
		"tools":[
		[
		["permanent_marker",100],
		["survival_marker",100]
		],
		[
		["mag_comic_rwby",-1]
		],
		[
		["ksg",-1],
		["manual_shotgun",-1],
		["manual_gun",-1]
		]
		],
		"components":
		[[["paper",5]]]
	},
		{
		"type":"recipe",
		"result":"blueprint_ec_3",
		"category":"CC_OTHER",
		"subcategory":"CSC_OTHER_OTHER",
		"skill_used":"fabrication",
		"skills_required": [[ "mechanics", 5 ],["electronics",5]],
		"difficulty":8,
		"time":100000,
		"book_learn":[["mag_comic_rwby",1]],
		"tools":[
		[
		["permanent_marker",100],
		["survival_marker",100]
		],
		[
		["mag_comic_rwby",-1]
		],
		[
		["book_icef",-1]
		]
		],
		"components":
		[[["paper",5]]]
	},
	{
	"type":"recipe",
	"result":"blueprint_ec",
	"category":"CC_OTHER",
	"subcategory":"CSC_OTHER_OTHER",
	"skill_used":"fabrication",
	"difficulty":0,
	"time":3000,
	"book_learn":[
	["blueprint_ec_1",1],["blueprint_ec_2",1],["blueprint_ec_3",1]
	],
	"components":
	[
	[["blueprint_ec_1",1]],
	[["blueprint_ec_2",1]],
	[["blueprint_ec_3",1]],
	[["duct_tape",20],["medical_tape",20],["nail",20],["thread",20],["plant_fibre",20],["sinew",20]]
	]
	},
		{
		"type":"recipe",
		"result":"blueprint_cr_1",
		"category":"CC_OTHER",
		"subcategory":"CSC_OTHER_OTHER",
		"skill_used":"fabrication",
		"skills_required": [[ "cutting", 5 ],["melee",5]],
		"difficulty":8,
		"time":100000,
		"book_learn":[["mag_comic_rwby",1]],
		"tools":[
		[
		["permanent_marker",100],
		["survival_marker",100]
		],
		[
		["mag_comic_rwby",-1]
		],
		[
		["scythe_war",-1],
		["textbook_armwest",-1]
		]
		],
		"components":
		[[["paper",5]]]
	},
		{
		"type":"recipe",
		"result":"blueprint_cr_2",
		"category":"CC_OTHER",
		"subcategory":"CSC_OTHER_OTHER",
		"skill_used":"fabrication",
		"skills_required": [[ "rifle", 5 ],["gun",5]],
		"difficulty":8,
		"time":100000,
		"book_learn":[["mag_comic_rwby",1]],
		"tools":[
		[
		["permanent_marker",100],
		["survival_marker",100]
		],
		[
		["mag_comic_rwby",-1]
		],
		[
		["m107a1",-1],
		["manual_rifle",-1],
		["manual_gun",-1]
		]
		],
		"components":
		[[["paper",5]]]
	},
		{
		"type":"recipe",
		"result":"blueprint_cr_3",
		"category":"CC_OTHER",
		"subcategory":"CSC_OTHER_OTHER",
		"skill_used":"fabrication",
		"skills_required": [[ "mechanics", 5 ],["electronics",5]],
		"difficulty":8,
		"time":100000,
		"book_learn":[["mag_comic_rwby",1]],
		"tools":[
		[
		["permanent_marker",100],
		["survival_marker",100]
		],
		[
		["mag_comic_rwby",-1]
		],
		[
		["book_icef",-1]
		]
		],
		"components":
		[[["paper",5]]]
	},
	{
	"type":"recipe",
	"result":"blueprint_cr",
	"category":"CC_OTHER",
	"subcategory":"CSC_OTHER_OTHER",
	"skill_used":"fabrication",
	"difficulty":0,
	"time":3000,
	"book_learn":[
	["blueprint_cr_1",1],["blueprint_cr_2",1],["blueprint_cr_3",1]
	],
	"components":
	[
	[["blueprint_cr_1",1]],
	[["blueprint_cr_2",1]],
	[["blueprint_cr_3",1]],
	[["duct_tape",20],["medical_tape",20],["nail",20],["thread",20],["plant_fibre",20],["sinew",20]]
	]
	},	{
		"type":"recipe",
		"result":"blueprint_gs_1",
		"category":"CC_OTHER",
		"subcategory":"CSC_OTHER_OTHER",
		"skill_used":"fabrication",
		"skills_required": [[ "cutting", 5 ],["melee",5]],
		"difficulty":8,
		"time":100000,
		"book_learn":[["mag_comic_rwby",1]],
		"tools":[
		[
		["permanent_marker",100],
		["survival_marker",100]
		],
		[
		["mag_comic_rwby",-1]
		],
		[
		["katana",-1],
		["wakizashi",-1],
		["textbook_armeast",-1]
		]
		],
		"components":
		[[["paper",5]]]
	},
		{
		"type":"recipe",
		"result":"blueprint_gs_2",
		"category":"CC_OTHER",
		"subcategory":"CSC_OTHER_OTHER",
		"skill_used":"fabrication",
		"skills_required": [[ "rifle", 5 ],["gun",5]],
		"difficulty":8,
		"time":100000,
		"book_learn":[["mag_comic_rwby",1]],
		"tools":[
		[
		["permanent_marker",100],
		["survival_marker",100]
		],
		[
		["mag_comic_rwby",-1]
		],
		[
		["glock_17",-1],
		["glock_19",-1],
		["manual_pistol",-1],
		["manual_gun",-1]
		]
		],
		"components":
		[[["paper",5]]]
	},
		{
		"type":"recipe",
		"result":"blueprint_gs_3",
		"category":"CC_OTHER",
		"subcategory":"CSC_OTHER_OTHER",
		"skill_used":"fabrication",
		"skills_required": [[ "mechanics", 5 ],["electronics",5]],
		"difficulty":8,
		"time":100000,
		"book_learn":[["mag_comic_rwby",1]],
		"tools":[
		[
		["permanent_marker",100],
		["survival_marker",100]
		],
		[
		["mag_comic_rwby",-1]
		],
		[
		["book_icef",-1]
		]
		],
		"components":
		[[["paper",5]]]
	},
	{
	"type":"recipe",
	"result":"blueprint_gs",
	"category":"CC_OTHER",
	"subcategory":"CSC_OTHER_OTHER",
	"skill_used":"fabrication",
	"difficulty":0,
	"time":3000,
	"book_learn":[
	["blueprint_gs_1",1],["blueprint_gs_2",1],["blueprint_gs_3",1]
	],
	"components":
	[
	[["blueprint_gs_1",1]],
	[["blueprint_gs_2",1]],
	[["blueprint_gs_3",1]],
	[["duct_tape",20],["medical_tape",20],["nail",20],["thread",20],["plant_fibre",20],["sinew",20]]
	]
	},
		{
		"type":"recipe",
		"result":"blueprint_my_1",
		"category":"CC_OTHER",
		"subcategory":"CSC_OTHER_OTHER",
		"skill_used":"fabrication",
		"skills_required": [[ "cutting", 5 ],["melee",5]],
		"difficulty":8,
		"time":100000,
		"book_learn":[["mag_comic_rwby",1]],
		"tools":[
		[
		["permanent_marker",100],
		["survival_marker",100]
		],
		[
		["mag_comic_rwby",-1]
		],
		[
		["estoc",-1],
		["textbook_armwest",-1]
		]
		],
		"components":
		[[["paper",5]]]
	},
		{
		"type":"recipe",
		"result":"blueprint_my_2",
		"category":"CC_OTHER",
		"subcategory":"CSC_OTHER_OTHER",
		"skill_used":"fabrication",
		"skills_required": [[ "pistol", 5 ],["gun",5],["electronics",5]],
		"difficulty":8,
		"time":100000,
		"book_learn":[["mag_comic_rwby",1]],
		"tools":[
		[
		["permanent_marker",100],
		["survival_marker",100]
		],
		[
		["mag_comic_rwby",-1]
		],
		[
		["diamond",-1]
        ],
        [
		["manual_pistol",-1],
		["manual_gun",-1]
		]
		],
		"components":
		[[["paper",5]]]
	},
		{
		"type":"recipe",
		"result":"blueprint_my_3",
		"category":"CC_OTHER",
		"subcategory":"CSC_OTHER_OTHER",
		"skill_used":"fabrication",
		"skills_required": [[ "mechanics", 5 ],["electronics",5]],
		"difficulty":8,
		"time":100000,
		"book_learn":[["mag_comic_rwby",1]],
		"tools":[
		[
		["permanent_marker",100],
		["survival_marker",100]
		],
		[
		["mag_comic_rwby",-1]
		],
		[
		["book_icef",-1]
		]
		],
		"components":
		[[["paper",5]]]
	},
	{
	"type":"recipe",
	"result":"blueprint_my",
	"category":"CC_OTHER",
	"subcategory":"CSC_OTHER_OTHER",
	"skill_used":"fabrication",
	"difficulty":0,
	"time":3000,
	"book_learn":[
	["blueprint_my_1",1],["blueprint_my_2",1],["blueprint_my_3",1]
	],
	"components":
	[
	[["blueprint_my_1",1]],
	[["blueprint_my_2",1]],
	[["blueprint_my_3",1]],
	[["duct_tape",20],["medical_tape",20],["nail",20],["thread",20],["plant_fibre",20],["sinew",20]]
	]
	},
	{
		"type":"recipe",
		"result":"manual_cr",
		"category":"CC_OTHER",
		"subcategory":"CSC_OTHER_OTHER",
		"skill_used":"melee",
		"difficulty":5,
		"time":100000,
		"book_learn":[["mag_comic_rwby",1]],
		"tools":[
		[
		["permanent_marker",100],
		["survival_marker",100]
		],
		[
		["mag_comic_rwby",-1]
		],
		[
		["manual_silat",-1]
		],
		[
		["scythe_war",-1]
		]
		],
		"components":
		[[["paper",20]]]
	},	
	{
		"type":"recipe",
		"result":"manual_ec",
		"category":"CC_OTHER",
		"subcategory":"CSC_OTHER_OTHER",
		"skill_used":"melee",
		"difficulty":5,
		"time":100000,
		"book_learn":[["mag_comic_rwby",1]],
		"tools":[
		[
		["permanent_marker",100],
		["survival_marker",100]
		],
		[
		["mag_comic_rwby",-1]
		],
		[
		["manual_boxing",-1]
		],
		[
		["manual_taekwondo",-1]
		],
		[
		["manual_muay_thai",-1]
		]
		],
		"components":
		[[["paper",20]]]
	},
	{
		"type":"recipe",
		"result":"manual_gs",
		"category":"CC_OTHER",
		"subcategory":"CSC_OTHER_OTHER",
		"skill_used":"melee",
		"difficulty":5,
		"time":100000,
		"book_learn":[["mag_comic_rwby",1]],
		"tools":[
		[
		["permanent_marker",100],
		["survival_marker",100]
		],
		[
		["mag_comic_rwby",-1]
		],
		[
		["manual_ninjutsu",-1]
		],
		[
		["manual_niten",-1]
		],
		[
		["manual_tiger",-1]
		]
		],
		"components":
		[[["paper",20]]]
	},
	{
		"type":"recipe",
		"result":"manual_my",
		"category":"CC_OTHER",
		"subcategory":"CSC_OTHER_OTHER",
		"skill_used":"melee",
		"difficulty":5,
		"time":100000,
		"book_learn":[["mag_comic_rwby",1]],
		"tools":[
		[
		["permanent_marker",100],
		["survival_marker",100]
		],
		[
		["mag_comic_rwby",-1]
		],
		[
		["manual_fencing",-1]
		],
		[
		["manual_dodge",-1]
		],
		[
		["rollerskates",-1]
		]
		],
		"components":
		[[["paper",20]]]
	}
	




]