[{
  "type": "faction",
  "id": "vamps",
  "name": "Vampires",
  "likes_u": 10,
  "respects_u": 10,
  "known_by_u": false,
  "size": 10,
  "power": 225,
  "combat_ability": 300,
  "food_supply": 100250,
  "wealth": 112290,
  "good": -1,
  "strength": 1,
  "sneak": 1,
  "crime": 0,
  "cult": 1,
  "description": "A malicious group of inhumane entities that thrives to live in peace, and tends to help the last surviving humans. They do not come in sizes, but their dark century experiences are beyond expectations. Their purpose is to hope for humans to survive and aids them to eradicate anything threatens them with their utmost capabilities."
 }, {
  "type": "faction",
  "id": "wastelander",
  "name": "Wasteland Dwellers",
  "likes_u": 30,
  "respects_u": 20,
  "known_by_u": false,
  "size": 75,
  "power": 95,
  "combat_ability": 100,
  "food_supply": 28590,
  "wealth": 42195,
  "good": 1,
  "strength": 1,
  "sneak": 0,
  "crime": 0,
  "cult": 0,
  "description": "A community of people who resides at the wasteland outskirts. They seek refuge from various unnatural death, and has chosen to live with vampires. Unsure about its consequences, but still are trustworthy towards them."
 }
]
