[
	{
		"//": "Subgoals that you may want to complete or to keep you busy for some moments.",
		"id": "VAMP_UNDERCOMMANDO_quest1",
		"type": "mission_definition",
		"name": "Collect 30 blood",
		"goal": "MGOAL_NULL",
		"difficulty": 0,
		"value": 100000,
		"origins": [
			"ORIGIN_SECONDARY"
		],
		"followup": "VAMP_UNDERCOMMANDO_quest2",
		"dialogue": {
			"describe": "This errand needs you.",
			"offer": "Blood... Our main food for darkest centuries. Even I almost forgot its taste, I'd like to drink it again. Bring me 30, too much but it is essential in many ways.",
			"accepted": "Okay, descendant. This won't be hard and take your time.",
			"rejected": "If only you let me shoot your chest, this will be done easily.",
			"advice": "Go to a hospital, get a blood drawn kit, and use it on yourself or your victim.",
			"inquire": "Drinks? You have the drinks ready?",
			"success": "These blood certainly are useful. Thanks for this treats, descendant.",
			"success_lie": "Well, thank you. *smirks*",
			"failure": "*grins*",
			"failure_lie_": "Do not lie!"
		}
	},
	{
		"id": "VAMP_UNDERCOMMANDO_quest2",
		"type": "mission_definition",
		"name": "Collect 15 small leech teeth",
		"goal": "MGOAL_NULL",
		"difficulty": 2,
		"value": 200000,
		"origins": [
			"ORIGIN_SECONDARY"
		],
		"followup": "VAMP_UNDERCOMMANDO_quest3",
		"dialogue": {
			"describe": "I want you to slay something...",
			"offer": "Ofcourse you know about the bloodsucking pests on the swamp, we hate those parasites squirming for blood to live. Hand over 15 of their teeth as a proof to succeed this trial.",
			"accepted": "Its easy to kill a leech, but don't get bitten: bleeding is much more dangerous than their teeth.",
			"rejected": "It's just okay.",
			"advice": "They are blind, and depends on what they hear or smell, I think?",
			"inquire": "Got 'em?",
			"success": "Nice work, I guess they won't bother us for a long time.",
			"success_lie": "Well, thank you. *smirks*",
			"failure": "*slurping*",
			"failure_lie_": "Do not lie!"
		}
	},
	{
		"id": "VAMP_UNDERCOMMANDO_quest3",
		"type": "mission_definition",
		"name": "Take the blood sac from the giant \"Thing\"",
		"goal": "MGOAL_NULL",
		"difficulty": 5,
		"value": 300000,
		"start": {
			"assign_mission_target": {
				"om_terrain": "bloodhole",
				"om_special": "bhole",
				"reveal_radius": 1,
				"search_range": [
					5,
					50
				],
				"z": 0
			},
			"update_mapgen": {
				"place_item": [
					{
						"item": "bigbloodrune",
						"x": 13,
						"y": 13
					}
				],
				"place_monster": [
					{
						"monster": "mon_insect_devourerleech",
						"x": 13,
						"y": 13,
						"target": true
					}
				]
			}
		},
		"followup": "VAMP_UNDERCOMMANDO_quest4",
		"origins": [
			"ORIGIN_SECONDARY"
		],
		"dialogue": {
			"describe": "This is pretty much risky to you... Going to do it?",
			"offer": "There is a peculiar cave with vast blood residue in it and I think its their gathering place. This giant \"thing\" on the depths, you'll need to bring it down as my command.",
			"accepted": "Bring its blood sac, that would be a nice prize taking it down and as a proof of succeeding this test.",
			"rejected": "Gather your courage first.",
			"advice": "It is blind and very slow, slower than a human snail, but it'll devour you and causes deadly injuries getting near it... Now get going!",
			"inquire": "Killed it?",
			"success": "Damn kid, that's the mess you wanted to get. And you are still alive after that!",
			"success_lie": "Well, thank you. *smirks*",
			"failure": "Ummm... I want to shoot you.",
			"failure_lie_": "Do not lie!"
		}
	},
	{
		"id": "VAMP_UNDERCOMMANDO_quest4",
		"type": "mission_definition",
		"name": "Kill 200 zombies",
		"goal": "MGOAL_KILL_MONSTER_SPEC",
		"difficulty": 5,
		"value": 400000,
		"monster_species": "ZOMBIE",
		"monster_kill_goal": 200,
		"origins": [
			"ORIGIN_SECONDARY"
		],
		"dialogue": {
			"describe": "This is the final test I can give you... Still want to try?",
			"offer": "I've heard that these \"blobs\" was the cause of all troubles and horrifying events worldwide. As my command, eliminate 200 of these walking corpses to succeed... Later on, I will tell you something after this.",
			"accepted": "Prepare yourself before jumping into this mess.",
			"rejected": "Just prepare yourself for this job.",
			"advice": "Visit some heavily crowded areas.",
			"inquire": "How is the hunt going?",
			"success": "Hmm... HE appreciates your doings, my comrade. I thank you for your assistance and giving your precious time dealing with these requests I have made for you...",
			"success_lie": "What good does this do us?",
			"failure": "It was a lost cause anyways..."
		}
	},
	{
		"id": "VAMP_LONELY_quest1",
		"type": "mission_definition",
		"name": "Collect 15 blood",
		"goal": "MGOAL_NULL",
		"difficulty": 0,
		"value": 100000,
		"origins": [
			"ORIGIN_SECONDARY"
		],
		"followup": "VAMP_LONELY_quest2",
		"dialogue": {
			"describe": "I want you for this errand.",
			"offer": "Did you know we have been using blood substitutes for decades? Well, that's a good thing for us. Now, I want you to collect a few human blood, either yours or not... 15, I suppose that will satisfy my pleasure for that taste once again.",
			"accepted": "You better do this. Sinking my fangs onto your flimsy neck is indeed fatal.",
			"rejected": "Talk to me again later if you want to help me.",
			"advice": "Murder someone if you are desperate to collect them.",
			"inquire": "Did you get my drinks?",
			"success": "Fascinating work, mortal.",
			"success_lie": "Well, thank you. *smirks*",
			"failure": "*smilesatyou*",
			"failure_lie_": "Do not lie!"
		}
	},
	{
		"id": "VAMP_LONELY_quest2",
		"type": "mission_definition",
		"name": "Kill 50 leeches",
		"goal": "MGOAL_KILL_MONSTER_SPEC",
		"monster_species": "LEECH",
		"difficulty": 3,
		"value": 200000,
		"monster_kill_goal": 50,
		"origins": [
			"ORIGIN_SECONDARY"
		],
		"followup": "VAMP_LONELY_quest3",
		"dialogue": {
			"describe": "I want you to eradicate something.",
			"offer": "Leeches are the vile parasites we really hate the most, aside the rampaging resurrected bodies. Kill 50 of these creatures, this would put a stop to those wandering bloodsuckers for a little time.",
			"accepted": "Good. You may start looking for these parasites anytime you wanted to.",
			"rejected": "Just get back later.",
			"advice": "Leeches tend to slither in moist areas.",
			"inquire": "I guess you're not done yet...",
			"success": "Those leeches would come back later, but thanks anyway.",
			"success_lie": "Well, thank you. *smirks*",
			"failure": "*frowns*",
			"failure_lie_": "Do not lie!"
		}
	},
	{
		"id": "VAMP_LONELY_quest3",
		"type": "mission_definition",
		"name": "Bring down 10 elder zombies",
		"goal": "MGOAL_KILL_MONSTER_SPEC",
		"difficulty": 3,
		"value": 300000,
		"monster_species": "ELDERZED",
		"monster_kill_goal": 10,
		"origins": [
			"ORIGIN_SECONDARY"
		],
		"followup": "VAMP_LONELY_quest4",
		"dialogue": {
			"describe": "This is a little harder...",
			"offer": "The gravestone in this crypt were built long ago, and the dead bodies been buried here since before I reside here. Surprisingly, they were resurrected with this odd \"magic\", animating them similar to the city. I want you to take 10 of them down, as they should be peacefully resting in their graves.",
			"accepted": "Good. Now go outside and look for them.",
			"rejected": "Come back later.",
			"advice": "Their blood has calcified into a shell, and it is distinctive to their appearance.",
			"inquire": "Now?",
			"success": "I know you can do it...",
			"success_lie": "Well, thank you. *smirks*",
			"failure": "*glares*",
			"failure_lie_": "Do not lie!"
		}
	},
	{
		"id": "VAMP_LONELY_quest4",
		"type": "mission_definition",
		"name": "Bring a bloodrune",
		"goal": "MGOAL_NULL",
		"difficulty": 5,
		"value": 400000,
		"origins": [
			"ORIGIN_SECONDARY"
		],
		"followup": "VAMP_LONELY_quest5",
		"//": "Locating a blended overmap in a world would take forever, so we WILL set a pedestal in random distances. RNG is your enemy here.",
		"start": {
			"assign_mission_target": {
				"om_terrain": "bloodrune_pedestal",
				"om_special": "Pedestal - Bloodrune",
				"reveal_radius": 1,
				"search_range": 180,
				"z": 0
			}
		},
		"dialogue": {
			"describe": "This is a bit hard for you. You still want to try?",
			"offer": "Bloodrune... The vampire's eternal soul. Merely a fact that some of us night creatures turn into an object upon death, and most resists to that point.\nIn the dark days, bloodrunes are set in a pedestal by elder civilizations, and said that their \"god\" will accept it as a praise, which is not true. Get this rune for me, to honor its soul in a way we normally do.",
			"accepted": "Good.",
			"rejected": "Just do it later on.",
			"advice": "A vampire's death is a big success to those elderly jerks. Well, it is their belief that can't be bothered in any way.",
			"inquire": "Got it?",
			"success": "I thank you for this rune.\n*Shatters it by hand*",
			"success_lie": "Just thanks...",
			"failure": "*smirks*",
			"failure_lie": "I shouldn't believe you with this."
		}
	},
	{
		"id": "VAMP_LONELY_quest5",
		"type": "mission_definition",
		"name": "Take Vampire to The Cove",
		"goal": "MGOAL_GO_TO_TYPE",
		"difficulty": 2,
		"value": 500000,
		"destination": "vampcave_corridor1",
		"start": {
			"assign_mission_target": {
				"om_terrain": "vampcave_entrance",
				"om_special": "Vampire Cove",
				"reveal_radius": 3,
				"search_range": 180,
				"z": 0
			}
		},
		"origins": [
			"ORIGIN_SECONDARY"
		],
		"dialogue": {
			"describe": "This is the last job, you want to do it?",
			"offer": "Since you've been helping me for a while, you need to take me to the vampire cove. Being isolated for centuries is great, but seeing a living community of my kind alleviates my frozen body the most.",
			"accepted": "Good, those tests proved yourself a good descendant. As a reward, I'll protect you along the way.",
			"rejected": "Just okay, get back later...",
			"advice": "This may be a long journey. You know I'm a night creature, so you'll have to take care of me.",
			"inquire": "What?",
			"success": "I see my kindred seems alright. Well, it doesn't matter if I stay here, my corrupted soul has chosen to follow your deeds...",
			"success_lie": "Just thanks...",
			"failure": "*smirks*",
			"failure_lie": "I better have killed you, mortal."
		}
	},
	{
		"id": "VAMP_UNDERTRADER_quest",
		"type": "mission_definition",
		"name": "Get 2 Corrupt Bloodrune Stone",
		"goal": "MGOAL_NULL",
		"difficulty": 3,
		"value": 100000,
		"item": "corruptbloodrune",
		"count": 2,
		"start": {
			"assign_mission_target": {
				"om_terrain": "vampcave_corridor2",
				"om_special": "Vampire Cove",
				"reveal_radius": 1,
				"search_range": 180,
				"z": -1
			}
		},
		"origins": [
			"ORIGIN_SECONDARY"
		],
		"followup": "VAMP_UNDERTRADER_quest2",
		"dialogue": {
			"describe": "Well, actually we have a problem...",
			"offer": "Our kin isn't a target of diseases, but those 2 vampires at the back, they really look bad and start raging on its own, so we cage them at early state... Never knew the magic was that strong enough to kill EVEN us. I want you to end the sick vampires as your task and get their corrupted bloodrune. We know we can dispose them easily, but our beliefs prevent us from killing our own kind.",
			"accepted": "Thank you, now go.",
			"rejected": "You need to do that later.",
			"advice": "Serious pain you'll get from breaking into their cage.",
			"inquire": "What happened there?",
			"success": "Great, mortal. This oozing bloodrune will now meet its place... Or not at all.",
			"success_lie": "Well, thank you. *smirks*",
			"failure": "*glaressharply*",
			"failure_lie_": "Do not lie!"
		}
	},
	{
		"id": "VAMP_UNDERTRADER_quest2",
		"type": "mission_definition",
		"name": "Slay 10 bats",
		"goal": "MGOAL_KILL_MONSTER_SPEC",
		"difficulty": 2,
		"value": 200000,
		"monster_species": "VAMPBAT",
		"monster_kill_goal": 10,
		"origins": [
			"ORIGIN_SECONDARY"
		],
		"dialogue": {
			"describe": "We do appreciate your assistance with our needs.",
			"offer": "Vampire bats became literal bloodsuckers these passing days and I want you to hunt down 10 of these vermins. We've been swarmed by these creatures lately but gladly we managed to shove them away.",
			"accepted": "Good. Come back anytime you want.",
			"rejected": "I guess you're afraid of bats...",
			"advice": "Bats are nocturnal, and tends to live in dark places like caves.",
			"inquire": "How is the hunt going?",
			"success": "Thank you for your help in eradicating some bloodsuckers.",
			"success_lie": "Well, thank you. *smirks*",
			"failure": "*glaressharply*",
			"failure_lie_": "Do not lie!"
		}
	},
	{
		"id": "VAMP_UNDERSEEKER_quest1",
		"type": "mission_definition",
		"name": "Go to a forgotten burial site",
		"goal": "MGOAL_GO_TO_TYPE",
		"difficulty": 1,
		"value": 200000,
		"destination": "gravesite1",
		"origins": [
			"ORIGIN_SECONDARY"
		],
		"start": {
			"effect": [
				"follow"
			],
			"assign_mission_target": {
				"om_terrain": "gravesite1",
				"om_special": "Gravesite - Wild",
				"reveal_radius": 1,
				"search_range": 180,
				"z": 0
			},
			"update_mapgen": {
				"place_monsters": [
				{
					"monster": "GROUP_CRYPTIES",
					"x": [
						0,
						23
					],
					"y": [
						0,
						23
					],
					"density": 0.25
				}
			]
			}
		},
		"followup": "VAMP_UNDERSEEKER_quest2",
		"dialogue": {
			"describe": "Before we go, the trader asked me a request on this journey.",
			"offer": "The trader told me to check out the old graveyards we knew from the past. So before we go to the outskirts, we'll get pass through it first.",
			"accepted": "Off we go, mortal.",
			"rejected": "Well, that's your choice...",
			"advice": "Its been a long time since I see those graves...",
			"inquire": "What now?",
			"success": "The magic took over the buried corpses? That's unfortunate and the trader would be disappointed about this...",
			"success_lie": "Well, thank you. *smirks*",
			"failure": "*glaressharply*",
			"failure_lie_": "Do not lie!"
		}
	},
	{
		"id": "VAMP_UNDERSEEKER_quest2",
		"type": "mission_definition",
		"name": "Go to the wasteland outskirts",
		"goal": "MGOAL_GO_TO_TYPE",
		"difficulty": 2,
		"value": 400000,
		"destination": "wo5",
		"start": {
			"effect": [
				"follow"
			],
			"assign_mission_target": {
				"om_terrain": "wo5",
				"om_special": "Wasteland Outskirts",
				"reveal_radius": 3,
				"search_range": 180,
				"z": 0
			}
		},
		"origins": [
			"ORIGIN_SECONDARY"
		],
		"dialogue": {
			"describe": "Are we ready for this trip?",
			"offer": "We are now going to the outskirts, and I know the commando told you about this place.",
			"accepted": "Good. Now off we go, mortal.",
			"rejected": "...",
			"advice": "I'll give you some details about the outskirts. It is a large structure with barricaded walls and tents placed outside for human survivors. It also has a barn and farm fields that provides descent food, and shopkeepers sell various stuff there.",
			"inquire": "What?",
			"success": "\"What else could I do for you\" you say? Don't worry, I have no more requests for you. Ask anyone here if you're curious.",
			"success_lie": "Well, thank you. *smirks*",
			"failure": "Ummm....",
			"failure_lie_": "Do not lie!"
		}
	}
]