[
	{
		"type": "npc",
		"id": "VAMP_LONELY_M",
		"name_suffix": "Vampire",
		"gender": "male",
		"class": "V_LONELY",
		"attitude": 0,
		"mission": 7,
		"chat": "TALK_VAMP_LONELY",
		"faction": "vamps",
		"mission_offered": "VAMP_LONELY_quest1"
	},
	{
		"type": "npc",
		"id": "VAMP_LONELY_F",
		"name_suffix": "Vampire",
		"gender": "female",
		"class": "V_LONELY",
		"attitude": 0,
		"mission": 7,
		"chat": "TALK_VAMP_LONELY",
		"faction": "vamps",
		"mission_offered": "VAMP_LONELY_quest1"
	},
	{
		"type": "npc",
		"id": "VAMP_UNDERGUARD1",
		"name_suffix": "Underguard",
		"gender": "female",
		"class": "V_UNDERREFUGEE",
		"attitude": 0,
		"mission": 7,
		"chat": "TALK_VAMP_UNDERGUARD1",
		"faction": "vamps"
	},
	{
		"type": "npc",
		"id": "VAMP_UNDERGUARD2",
		"name_suffix": "Underguard",
		"gender": "male",
		"class": "V_UNDERREFUGEE",
		"attitude": 0,
		"mission": 7,
		"chat": "TALK_VAMP_UNDERGUARD2",
		"faction": "vamps"
	},
	{
		"type": "npc",
		"id": "VAMP_UNDERGUARD3",
		"name_suffix": "Underguard",
		"gender": "female",
		"class": "V_UNDERREFUGEE",
		"attitude": 0,
		"mission": 7,
		"chat": "TALK_VAMP_UNDERGUARD3",
		"faction": "vamps"
	},
	{
		"type": "npc",
		"id": "VAMP_UNDERSEEKER",
		"name_suffix": "Underguard",
		"gender": "female",
		"class": "V_UNDERREFUGEE",
		"attitude": 0,
		"mission": 7,
		"chat": "TALK_VAMP_UNDERSEEKER",
		"faction": "vamps",
		"mission_offered": "VAMP_UNDERSEEKER_quest1"
	},
	{
		"type": "npc",
		"id": "VAMP_UNDERTRADER",
		"name_suffix": "Trader",
		"gender": "male",
		"class": "V_UNDERTRADER",
		"attitude": 0,
		"mission": 7,
		"chat": "TALK_VAMP_UNDERTRADER",
		"faction": "vamps",
		"mission_offered": "VAMP_UNDERTRADER_quest"
	},
	{
		"type": "npc",
		"id": "VAMP_UNDERCOMMANDO",
		"name_suffix": "Commando",
		"gender": "male",
		"class": "V_UNDERCOMMANDO",
		"attitude": 0,
		"mission": 7,
		"chat": "TALK_VAMP_UNDERCOMMANDO",
		"faction": "vamps",
		"mission_offered": "VAMP_UNDERCOMMANDO_quest1"
	},
	{
		"type": "npc",
		"id": "VAMP_GUNSHOP",
		"name_suffix": "Gunshop Owner",
		"gender": "female",
		"class": "V_GUNSHOP",
		"attitude": 0,
		"mission": 7,
		"chat": "TALK_VAMP_GUNSHOP_talkme",
		"faction": "vamps"
	},
	{
		"type": "npc",
		"id": "VAMP_WASTEGUARD1",
		"name_suffix": "Wasteguard",
		"gender": "male",
		"class": "V_WASTEGUARD1",
		"attitude": 0,
		"mission": 7,
		"chat": "TALK_VAMP_WASTEGUARD1_talkme",
		"faction": "vamps"
	},
	{
		"type": "npc",
		"id": "VAMP_WASTEGUARD2",
		"name_suffix": "Wasteguard",
		"gender": "female",
		"class": "V_WASTEGUARD2",
		"attitude": 0,
		"mission": 7,
		"chat": "TALK_VAMP_WASTEGUARD2_justcome",
		"faction": "vamps"
	},
	
	
	
	{
		"type": "npc",
		"id": "HUMAN_JUNKSHOP",
		"name_suffix": "Junkshop Owner",
		"gender": "male",
		"class": "H_JUNKSHOP",
		"attitude": 0,
		"mission": 7,
		"chat": "TALK_HUMAN_JUNKSHOP_maintalk",
		"faction": "wastelander"
	},
	{
		"type": "npc",
		"id": "HUMAN_WASTELAND1",
		"name_suffix": "Wasteguard",
		"gender": "male",
		"class": "H_WASTELAND",
		"attitude": 0,
		"mission": 7,
		"chat": "TALK_HUMAN_WASTELAND1_maintalk",
		"faction": "wastelander"
	},
	{
		"type": "npc",
		"id": "HUMAN_WASTELAND2",
		"name_suffix": "Wasteguard",
		"gender": "male",
		"class": "H_WASTELAND",
		"attitude": 0,
		"mission": 7,
		"chat": "TALK_HUMAN_WASTELAND2_talkme",
		"faction": "wastelander"
	},
	{
		"type": "npc",
		"id": "HUMAN_WASTEREFUGEE",
		"name_suffix": "Refugee",
		"//": "These are npcs populating the wasteland outskirts... No missions nor lore. They're just 'lucky' survivors.",
		"class": "H_WASTELAND",
		"attitude": 0,
		"mission": 7,
		"chat": "TALK_DONE",
		"faction": "wastelander"
	}
]