[
  {
    "type" : "recipe_category",
    "id" : "CC_NANO",
    "recipe_subcategories" : [
      "CSC_ALL",
      "CSC_NANO_AMMO",
      "CSC_NANO_WIELD",
      "CSC_NANO_WEAR",
      "CSC_NANO_TOOLS",
      "CSC_NANO_MATERIALS",
      "CSC_NANO_NANITES",
      "CSC_NANO_VEHICLE",
      "CSC_NANO_OTHER"
    ]
  },{
    "type" : "material",
    "ident" : "nanite",
    "name" : "纳米",
    "density": 600,
    "bash_resist" : 28,
    "cut_resist" : 40,
    "bash_dmg_verb" : "compressed",
    "cut_dmg_verb" : "gouged",
    "repaired_with": "3d_resin_metal",
    "salvaged_into": "nanite_cluster",
    "dmg_adj" : [
        "80% integrity",
        "60% integrity",
        "40% integrity",
        "20% integrity"
    ],
    "acid_resist" : 20,
    "elec_resist" : 12,
    "fire_resist" : 10,
    "chip_resist" : 1000,
    "burn_data": [
      { "fuel": -50, "smoke": 0, "burn": 0 },
      { "immune": true },
      { "fuel": 0, "smoke": 0, "burn": 1, "chance": 5 }
    ]
  },{
      "type" : "tool_quality",
      "id" : "NANOTECH",
      "name" : "纳米技术"
  },{
      "type" : "tool_quality",
      "id" : "NANO_FAB",
      "name" : "纳米制造"
  },{
      "type" : "tool_quality",
      "id" : "NANO_PRO",
      "name" : "纳米编程"
  },{
      "type" : "ammunition_type",
      "id" : "3d_resin",
      "name" : "原料加工",
      "default" : "3d_resin"
  },{
    "type" : "ammunition_type",
    "id" : "nanite",
    "name" : "纳米炸弹",
    "default" : "nanite_cluster"
  },{
    "type" : "ammunition_type",
    "id" : "metal_nanopowder",
    "name" : "金属纳米粉末",
    "default" : "metal_nanopowder"
  },{
    "type" : "ammunition_type",
    "id" : "nanite_ammo",
    "name" : "纳米弹药",
    "default" : "nanite_dart"
  },{
    "type" : "ammunition_type",
    "id" : "nanite_deathcloud_ammo",
    "name" : "纳米死亡云",
    "default" : "nanite_deathcloud"
  }
]