[
  {
    "type" : "recipe",
    "result": "bio_nanite_spawning",
    "category": "CC_NANO",
    "subcategory": "CSC_NANO_NANITES",
    "skill_used": "fabrication",
    "skills_required" : [ "fabrication", 3 ],
    "difficulty": 0,
    "time": 6000,
    "reversible": false,
    "book_learn": [ [ "nanite_core_3", 1 ], [ "nanite_core_4", 1 ] ],
    "qualities": [
      {"id":"NANOTECH","level":3,"amount":1},
      {"id":"NANO_PRO","level":2,"amount":1}
    ],
    "components": [
      [
        [ "water", 5 ],
        [ "water_clean", 5 ]
      ],
      [
        [ "offal", 2 ],
        [ "meat", 2 ],
        [ "human_flesh", 2 ],
        [ "stomach_large", 2 ],
        [ "hstomach_large", 2 ],
        [ "stomach", 2 ],
        [ "hstomach", 2 ],
        [ "bone", 2 ],
        [ "bone_human", 2 ]
      ],
      [
        [ "offal", 2 ],
        [ "meat", 2 ],
        [ "human_flesh", 2 ],
        [ "fat", 2 ],
        [ "stomach_large", 2 ],
        [ "hstomach_large", 2 ],
        [ "stomach", 2 ],
        [ "hstomach", 2 ]
      ],
      [
        [ "3d_resin_metal", 50]
      ],
      [
        [ "3d_resin_electronic", 50]
      ],
      [
        [ "metal_tank", 1]
      ],
      [
        [ "bio_nanites", 25]
      ],
      [
        [ "nanite_power_cell", 14]
      ]
    ]
  },{
    "type": "uncraft",
    "result": "bio_nanite_spawned",
    "skill_used": "fabrication",
    "difficulty": 0,
    "time": 3000,
    "components": [
        [ [ "bio_nanites", 250 ] ],
        [ [ "metal_tank", 1 ] ]
    ]
  },{
    "type" : "recipe",
    "result": "nanite_cluster",
    "category": "CC_NANO",
    "subcategory": "CSC_NANO_NANITES",
    "skill_used": "fabrication",
    "difficulty": 10,
    "time": 600000,
    "reversible": false,
    "book_learn": [ [ "ai_core", 1 ], [ "nanite_core_1", 1 ], [ "nanite_core_2", 1 ], [ "nanite_core_3", 1 ], [ "nanite_core_4", 1 ] ],
    "tools" : [
       [ ["nanofactory_exp", -1] ]
    ],
    "qualities": [
      {"id":"NANOTECH","level":1,"amount":1}
    ],
    "components": [
      [
        [ "3d_resin", 500]
      ],
      [
        [ "3d_resin_metal", 500]
      ],
      [
        [ "3d_resin_electronic", 500]
      ],
      [
        [ "gold_small", 100]
      ],
      [
        [ "diamond", 2]
      ],
      [
        [ "nanite_power_cell", 12]
      ]
    ]
  },{
    "type" : "recipe",
    "result": "nanite_cluster",
    "id_suffix": "_nanoprint_1",
    "category": "CC_NANO",
    "subcategory": "CSC_NANO_NANITES",
    "skill_used": "fabrication",
    "difficulty": 0,
    "time": 10000,
    "reversible": false,
    "book_learn": [ [ "ai_core", 1 ], [ "nanite_core_1", 1 ], [ "nanite_core_2", 1 ], [ "nanite_core_3", 1 ], [ "nanite_core_4", 1 ] ],
    "flags": [ "BLIND_EASY" ],
    "tools" : [
       [ ["nanofactory_1", -1] ]
    ],
    "components": [
      [
        [ "3d_resin", 250]
      ],
      [
        [ "3d_resin_metal", 250]
      ],
      [
        [ "3d_resin_electronic", 250]
      ],
      [
        [ "gold_small", 50]
      ],
      [
        [ "diamond", 1]
      ],
      [
        [ "nanite_power_cell", 6]
      ]
    ]
  },{
    "type" : "recipe",
    "result": "nanite_cluster",
    "id_suffix": "_nanoprint_2",
    "category": "CC_NANO",
    "subcategory": "CSC_NANO_NANITES",
    "skill_used": "fabrication",
    "difficulty": 0,
    "time": 1000,
    "reversible": false,
    "book_learn": [ [ "ai_core", 1 ], [ "nanite_core_1", 1 ], [ "nanite_core_2", 1 ], [ "nanite_core_3", 1 ], [ "nanite_core_4", 1 ] ],
    "flags": [ "BLIND_EASY" ],
    "tools" : [
       [ ["nanofactory_2", -1] ]
    ],
    "components": [
      [
        [ "3d_resin", 125]
      ],
      [
        [ "3d_resin_metal", 125]
      ],
      [
        [ "3d_resin_electronic", 125]
      ],
      [
        [ "diamond", 1],
        [ "coal_lump", 25],
        [ "charcoal", 25],
        [ "2x4", 25]
      ],
      [
        [ "nanite_power_cell", 3]
      ]
    ]
  },{
    "type" : "recipe",
    "result": "nanite_cluster",
    "id_suffix": "_nanoprint_3",
    "category": "CC_NANO",
    "subcategory": "CSC_NANO_NANITES",
    "skill_used": "fabrication",
    "difficulty": 0,
    "time": 100,
    "reversible": false,
    "book_learn": [ [ "ai_core", 1 ], [ "nanite_core_1", 1 ], [ "nanite_core_2", 1 ], [ "nanite_core_3", 1 ], [ "nanite_core_4", 1 ] ],
    "flags": [ "BLIND_EASY" ],
    "tools" : [
       [ ["nanofactory_3", -1] ]
    ],
    "components": [
      [
        [ "3d_resin", 50]
      ],
      [
        [ "3d_resin_metal", 50]
      ],
      [
        [ "3d_resin_electronic", 50]
      ],
      [
        [ "coal_lump", 5],
        [ "charcoal", 5],
        [ "2x4", 5]
      ],
      [
        [ "nanite_power_cell", 1]
      ]
    ]
  },{
    "type" : "recipe",
    "result": "nanite_cluster",
    "id_suffix": "_nanoprint_4",
    "byproducts": [ [ "nanite_cluster", 1 ] ],
    "category": "CC_NANO",
    "subcategory": "CSC_NANO_NANITES",
    "skill_used": "fabrication",
    "difficulty": 0,
    "time": 100,
    "reversible": false,
    "book_learn": [ [ "ai_core", 1 ], [ "nanite_core_1", 1 ], [ "nanite_core_2", 1 ], [ "nanite_core_3", 1 ], [ "nanite_core_4", 1 ] ],
    "flags": [ "BLIND_EASY" ],
    "tools" : [
       [ ["nanofactory_4", -1] ]
    ],
    "components": [
      [
        [ "3d_resin", 50]
      ],
      [
        [ "3d_resin_metal", 50]
      ],
      [
        [ "3d_resin_electronic", 50]
      ],
      [
        [ "coal_lump", 5],
        [ "charcoal", 5],
        [ "2x4", 5]
      ],
      [
        [ "nanite_power_cell", 1]
      ]
    ]
  }
]