[{
  "dynamic_line": "Hey, what's up?",
  "id": "TALK_HUMAN_WASTELAND1_maintalk",
  "responses": [{
    "text": "What's happening here?.",
    "topic": "TALK_HUMAN_WASTELAND1_here"
   }, {
    "text": "Want to come along?.",
    "topic": "TALK_HUMAN_WASTELAND1_come"
   }, {
    "text": "Bye.",
    "topic": "TALK_DONE"
   }
  ],
  "type": "talk_topic"
 }, {
  "dynamic_line": "As usual. Repairs, gatherings, carnages... ",
  "id": "TALK_HUMAN_WASTELAND1_here",
  "responses": [{
    "text": "Oh, okay...",
    "topic": "TALK_HUMAN_WASTELAND1_maintalk"
   }
  ],
  "type": "talk_topic"
 }, {
  "dynamic_line": {
   "no": "I don't say I don't trust you, but no.",
   "u_has_trait": "wastehumanassociatemark",
   "yes": "Are you sure about this? I could be a burden in your travels?"
  },
  "id": "TALK_HUMAN_WASTELAND1_come",
  "responses": [{
    "condition": {
     "u_has_trait": "wastehumanassociatemark"
    },
    "effect": "follow",
    "text": "Just follow me and we'll be fine.",
    "topic": "TALK_DONE"
   }, {
    "condition": {
     "u_has_trait": "wastehumanassociatemark"
    },
    "text": "Just kiddin'.",
    "topic": "TALK_HUMAN_WASTELAND1_maintalk"
   }, {
    "condition": {
     "not": {
      "u_has_trait": "wastehumanassociatemark"
     }
    },
    "text": "Okay...",
    "topic": "TALK_HUMAN_WASTELAND1_maintalk"
   }, {
    "condition": {
     "not": {
      "u_has_trait": "wastehumanassociatemark"
     }
    },
    "text": "Bye then...",
    "topic": "TALK_DONE"
   }
  ],
  "type": "talk_topic"
 }
]
