[
	{
		"dynamic_line": "You've come a long way, mortal.",
		"id": "TALK_VAMP_WASTEGUARD1_talkme",
		"responses": [
			{
				"text": "I know.",
				"topic": "TALK_VAMP_WASTEGUARD1_maintalk"
			},
			{
				"text": "Yes, I know.",
				"topic": "TALK_DONE"
			}
		],
		"type": "talk_topic"
	},
	{
		"dynamic_line": "You should be safe here.",
		"id": "TALK_VAMP_WASTEGUARD1_maintalk",
		"responses": [
			{
				"text": "Where am I?.",
				"topic": "TALK_VAMP_WASTEGUARD1_here"
			},
			{
				"text": "You know a place like this?.",
				"topic": "TALK_VAMP_WASTEGUARD1_know"
			},
			{
				"text": "You need a volunteer for jobs?",
				"topic": "TALK_VAMP_WASTEGUARD1_job"
			},
			{
				"text": "Okay. Bye.",
				"topic": "TALK_DONE"
			}
		],
		"type": "talk_topic"
	},
	{
		"dynamic_line": "You're in the sanctuary for both humans and vampires, the wasteland outskirts. Here, we protect each other from savage entities and serves as an outpost for those luckily survived ones.",
		"id": "TALK_VAMP_WASTEGUARD1_here",
		"responses": [
			{
				"text": "Okay, thanks.",
				"topic": "TALK_VAMP_WASTEGUARD1_maintalk"
			}
		],
		"type": "talk_topic"
	},
	{
		"dynamic_line": {
			"no": "Yes, and it is the place where vampires seek for darkness.",
			"u_has_trait": "commandovampmark",
			"yes": "I see that you've met my commander... What do you want?"
		},
		"id": "TALK_VAMP_WASTEGUARD1_know",
		"responses": [
			{
				"text": "Damn...",
				"topic": "TALK_VAMP_WASTEGUARD1_maintalk"
			}
		],
		"type": "talk_topic"
	},
	{
		"dynamic_line": "I'm just a guard, I have no problems with my position.",
		"id": "TALK_VAMP_WASTEGUARD1_job",
		"responses": [
			{
				"text": "Okay...",
				"topic": "TALK_VAMP_WASTEGUARD1_maintalk"
			}
		],
		"type": "talk_topic"
	}
]