[
  {
    "type": "mutation",
    "id": "BIO_WEAPON_ALPHA",
    "name": "生物武器-阿尔法",
    "points": 1,
    "description": "你的基因组是独一无二的，这是一个DNA标记,鉴定你是生物武器-阿尔法。也许有一天会有用的。",
    "valid": false,
    "purifiable": false,
    "profession": true
  },
  {
    "type": "mutation",
    "id": "BIO_WEAPON_BETA",
    "name": "生物武器-贝塔",
    "points": 1,
    "description": "你的基因组是独一无二的，这是一个DNA标记。鉴定你是生物武器-贝塔，也许有一天会有用的。",
    "valid": false,
    "purifiable": false,
    "profession": true
  },
  {
    "type": "mutation",
    "id": "BIO_WEAPON_GAMMA",
    "name": "生物武器-伽玛",
    "points": 1,
    "description": "你的基因组是独一无二的，这是一个DNA标记，鉴定你是生物武器-伽玛，也许有一天会有用的。",
    "valid": false,
    "purifiable": false,
    "profession": true
  },
  {
    "type": "mutation",
    "id": "BIO_WEAPON_DELTA",
    "name": "生物武器-德尔塔",
    "points": 1,
    "description": "你的基因组是独一无二的，这是一个DNA标记，鉴定你是生物武器-三角洲，也许有一天会有用的。",
    "valid": false,
    "purifiable": false,
    "profession": true
  },
  {
    "type": "mutation",
    "id": "BIO_WEAPON_GENERIC",
    "name": "生物武器",
    "points": 1,
    "description": "这个DNA标记可以提醒你你是一个生物武器，这是给npc的，如果你有的话，这是一个bug！！",
    "valid": false,
    "purifiable": false,
    "profession": true
  },
  {
    "type": "mutation",
    "id": "BIO_WEAPON_FAILED",
    "name": "失败的生物武器",
    "points": 1,
    "description": "这个DNA标记可以提醒你是一次失败的生物武器。",
    "valid": false,
    "purifiable": false,
    "profession": true
  },
  {
    "type": "mutation",
    "id": "SUPER_SOLDIER_MARKER",
    "name": "超级战士标记",
    "points": 1,
    "description": "这是一个DNA标记，它曾被用来为你提供生物特征扫描仪和特殊武器的许可证，但现在它似乎已经没用了。",
    "valid": false,
    "purifiable": false,
    "profession": true
  },
  {
    "type": "mutation",
    "id": "MARTIAL_ARTS_SURV",
    "name": "幸存者格斗术",
    "points": 3,
    "description": "你非常擅长制作手工武器，各种手工制作的即兴武器让你开始创造属于自己的战斗风格。",
    "initial_ma_styles": [ "style_surv" ],
    "valid": false
  },
  {
    "type": "mutation",
    "id": "BGSS_BHunter",
    "name": "幸存者",
    "//": "Used by Evelynn Rose.",
    "points": 0,
    "description": "这个标记是给在大灾变之中活下来的人们的。",
    "valid": false,
    "purifiable": false
  }
]
