[
  {
    "type": "mutation_category",
    "id": "mutation_bio_weapon",
    "name": "生物武器",
    "category": "BIO-WEAPON",
    "threshold_mut": "THRESH_BIO-WEAPON",
    "mutagen_message": "这是一个bug，如果你看到它的话,请向我们反馈。",
    "iv_message": "这是一个bug，如果你看到它的话,请向我们反馈。",
    "memorial_message": "你所有的增强都是永恒的"
  },
  {
    "type": "mutation",
    "id": "THRESH_BIO-WEAPON",
    "name": "生物武器",
    "points": 1,
    "description": "你不在是人类了，你甚至不能再记得，从一开始你是否是人类。现在重要的是，你比人类更强大。",
    "valid": false,
    "purifiable": false,
    "threshold": true
  }
]
