[
  {
    "type" : "item_group",
    "id" : "Merc_Broker_pants_male",
    "items":[
      ["pants_leather", 50],
      ["pants_cargo", 50]
    ]
  },{
    "type" : "item_group",
    "id" : "Merc_Broker_pants_female",
    "items":[
      ["pants_leather", 50],
      ["pants_cargo", 50]
    ]
  },{
    "type" : "item_group",
    "id" : "Merc_Broker_shirt_male",
    "items":[
      ["tshirt", 100]
    ]
  },{
    "type" : "item_group",
    "id" : "Merc_Broker_shirt_female",
    "items":[
      ["tshirt", 50],
      ["tank_top", 50]
    ]
  },{
    "type" : "item_group",
    "id" : "Merc_Broker_gloves",
    "items":[
      ["null", 60],
      ["gloves_leather", 20],
      ["gloves_fingerless", 20]
    ]
  },{
    "type" : "item_group",
    "id" : "Merc_Broker_coat",
    "items":[
      ["null", 20],
      ["hoodie", 20],
      ["jacket_light", 20],
      ["jacket_leather", 20],
      ["trenchcoat", 20],
      ["jacket_jean", 20],
      ["jacket_flannel", 20],
      ["jacket_windbreaker", 10]
    ]
  },{
    "type" : "item_group",
    "id" : "Merc_Broker_shoes",
    "items":[
      ["boots", 100]
    ]
  },{
    "type" : "item_group",
    "id" : "Merc_Broker_masks",
    "items":[
      ["null", 100]
    ]
  },{
    "type" : "item_group",
    "id" : "Merc_Broker_hat",
    "items":[
      ["hat_ball", 20],
      ["beret", 20],
      ["cowboy_hat", 20],
      ["hat_fur", 20],
      ["hat_knit", 20]
    ]
  },{
    "type" : "item_group",
    "id" : "Merc_Broker_extra",
    "items":[
      ["Merchantbag", 100]
    ]
  },{
    "type" : "item_group",
    "id" : "Merc_Broker_cutting",
    "items":[
      ["knife_combat", 100]
    ]
  },{
    "type" : "item_group",
    "id" : "Merc_Broker_stabbing",
    "items":[
      ["knife_combat", 100]
    ]
  },{
    "type" : "item_group",
    "id" : "Merc_Broker_pistols",
    "items":[
      ["m9", 100]
    ]
  },{
    "type" : "item_group",
    "id" : "Merc_Broker_smg",
    "items":[
      ["hk_mp5", 100]
    ]
  },{
    "type" : "item_group",
    "id" : "Merc_Broker_archery",
    "items":[
      ["hk_mp5", 100]
    ]
  },{
    "type" : "item_group",
    "id" : "Merc_Broker_rifle",
    "items":[
      ["m4a1", 90],
      ["m1a", 10]
    ]
  },{
    "type" : "item_group",
    "id" : "Merc_Broker_weapon_random",
    "items":[
      ["m4a1", 100]
    ]
  },{
    "type" : "item_group",
    "id" : "Merc_Broker_misc",
    "items":[
        [ "shot_00", 44 ],
        ["shotgun_d", 33],
        ["football_armor", 22],
        ["pants_cargo", 40],
        ["boots", 20],
        ["hood_rain", 15],
        ["hat_boonie", 20],
        ["balclava", 10],
        ["ax", 25],
        ["reloaded_9mm", 30],
        ["9mm", 25],
        ["45_acp", 10],
        ["reloaded_45_acp", 25],
        ["45_jhp", 1],
        ["rifle_9mm", 44],
        ["rifle_22", 33],
        ["glock_19", 15],
        ["usp_9mm", 10],
        ["m9", 22],
        ["molotov", 10],
        ["matchbomb", 10],
        ["chocolate", 30],
        ["can_beans", 55],
      [ "amplifier", 11 ],
      [ "antenna", 11 ],
      [ "battery", 11 ],
      [ "cable", 11 ],
      [ "power_supply", 11 ],
      [ "processor", 11 ],
      [ "solar_cell", 11 ],
      [ "solder_wire", 11 ],
      [ "RAM", 11 ],
      [ "radiocontrol", 10 ],
      [ "receiver", 11 ],
      [ "transponder", 11 ],
      [ "light_bulb", 11 ],
      [ "lightstrip_dead", 60 ],
      [ "bb", 22 ],
      [ "drivebelt", 33 ],
      [ "filter_air", 22 ],
      [ "filter_liquid", 22 ],
      [ "glowplug", 10 ],
      [ "motor_small", 11 ],
      [ "pump_complex", 10 ],
      [ "well_pump", 5 ],
      [ "aspirin", 30 ],
      [ "codeine", 30 ],
      [ "tramadol", 30 ],
      [ "1st_aid", 15 ]
    ]
  }
]