[
  {
    "type" : "item_group",
    "id" : "Merc_guard_pants_male",
    "items":[
      ["pants_leather", 50],
      ["pants_cargo", 50]
    ]
  },{
    "type" : "item_group",
    "id" : "Merc_guard_pants_female",
    "items":[
      ["pants_leather", 50],
      ["pants_cargo", 50]
    ]
  },{
    "type" : "item_group",
    "id" : "Merc_guard_shirt_male",
    "items":[
      ["tshirt", 100]
    ]
  },{
    "type" : "item_group",
    "id" : "Merc_guard_shirt_female",
    "items":[
      ["tshirt", 50],
      ["tank_top", 50]
    ]
  },{
    "type" : "item_group",
    "id" : "Merc_guard_gloves",
    "items":[
      ["null", 60],
      ["gloves_leather", 20],
      ["gloves_fingerless", 20]
    ]
  },{
    "type" : "item_group",
    "id" : "Merc_guard_coat",
    "items":[
      ["null", 20],
      ["jacket_light", 20],
      ["jacket_leather", 20],
      ["trenchcoat", 40],
      ["jacket_leather_mod", 40]
    ]
  },{
    "type" : "item_group",
    "id" : "Merc_guard_shoes",
    "items":[
      ["boots", 100]
    ]
  },{
    "type" : "item_group",
    "id" : "Merc_guard_masks",
    "items":[
      ["null", 100]
    ]
  },{
    "type" : "item_group",
    "id" : "Merc_guard_hat",
    "items":[
      ["hat_ball", 20],
      ["beret", 20],
      ["cowboy_hat", 20],
      ["hat_fur", 20],
      ["hat_knit", 20]
    ]
  },{
    "type" : "item_group",
    "id" : "Merc_guard_extra",
    "items":[
      ["backpack_leather", 100]
    ]
  },{
    "type" : "item_group",
    "id" : "Merc_guard_cutting",
    "items":[
      ["knife_combat", 100]
    ]
  },{
    "type" : "item_group",
    "id" : "Merc_guard_stabbing",
    "items":[
      ["knife_combat", 100]
    ]
  },{
    "type" : "item_group",
    "id" : "Merc_guard_pistols",
    "items":[
      ["m9", 100]
    ]
  },{
    "type" : "item_group",
    "id" : "Merc_guard_smg",
    "items":[
      ["rifle_22", 5],
      ["rifle_9mm", 5],
      ["ruger_1022", 10],
      ["hk_mp5", 10],
      ["remington_700", 40],
      ["savage_111f", 5],
      ["marlin_9a", 25],
      ["m1903", 5]
    ]
  },{
    "type" : "item_group",
    "id" : "Merc_guard_rifle",
    "items":[
      ["rifle_22", 5],
      ["rifle_9mm", 5],
      ["ruger_1022", 10],
      ["browning_blr", 10],
      ["remington_700", 40],
      ["savage_111f", 5],
      ["marlin_9a", 25],
      ["m1903", 5]
    ]
  },
  {
    "type" : "item_group",
    "id" : "Merc_guard_archery",
    "items":[
      ["hk_mp5", 90],
      ["m1a", 10]
    ]
  },{
    "type" : "item_group",
    "id" : "Merc_guard_weapon_random",
    "items":[
      ["hk_mp5", 100]
    ]
  },{
    "type" : "item_group",
    "id" : "Merc_guard_misc",
    "items":[
        ["grenade", 10],
        ["water_clean", 90]
    ]
  }
]
