[
{
        "type" : "npc_class",
        "id" : "Merc_guard",
        "name" : "商人警卫",
        "job_description" : "商店警卫队",
        "common" : false,
        "bonus_str" : { "rng" : [ 1, 6 ] },
        "bonus_per" : { "one_in" : 4 },
        "skills" : [
            {
                "skill" : "ALL", "level" : {
                    "sum" : [
                        { "dice" : [ 3, 2 ] },
                        { "constant" : -3 }
                    ]
                }
            },
            { "skill": "dodge", "bonus" : { "rng" : [ 1, 2 ] } },
            { "skill": "melee", "bonus" : { "rng" : [ 1, 2 ] } },
            { "skill": "unarmed", "bonus" : { "rng" : [ 1, 2 ] } },
            { "skill": "rifle", "bonus" : { "rng" : [ 3, 5 ] } },
            { "skill": "gun", "bonus" : { "rng" : [ 2, 4 ] } }
        ]
    },{
        "type" : "npc_class",
        "id" : "Merc_guardH",
        "name" : "商人警卫",
        "job_description" : "商店警卫队",
        "common" : false,
        "bonus_str" : { "rng" : [ 1, 6 ] },
        "bonus_per" : { "one_in" : 4 },
        "skills" : [
            {
                "skill" : "ALL", "level" : {
                    "sum" : [
                        { "dice" : [ 3, 2 ] },
                        { "constant" : -3 }
                    ]
                }
            },
            { "skill": "dodge", "bonus" : { "rng" : [ 1, 2 ] } },
            { "skill": "melee", "bonus" : { "rng" : [ 1, 2 ] } },
            { "skill": "unarmed", "bonus" : { "rng" : [ 1, 2 ] } },
            { "skill": "rifle", "bonus" : { "rng" : [ 3, 5 ] } },
            { "skill": "gun", "bonus" : { "rng" : [ 2, 4 ] } }
        ]
    },
{
        "type" : "npc_class",
        "id" : "Merc_Military",
        "name" : "军用物资商人",
        "job_description" : "销售军用物资",
        "common" : false,
        "bonus_int" : { "one_in" : 4 },
        "bonus_str" : { "rng" : [ 10, 19 ] },
        "shopkeeper_item_group" : "Merc_Military_misc",
        "skills" : [
            {
                "skill" : "ALL", "level" : {
                    "mul" : [
                        { "one_in" : 3 },
                        {
                            "sum" : [
                                { "dice" : [ 2, 2 ] },
                                { "constant" : -2 },
                                { "one_in" : 4 }
                            ]
                        }
                    ]
                }
            },
            { "skill": "mechanics", "bonus" : { "one_in" : 2 } },
            { "skill": "electronics", "bonus" : { "rng" : [ 0, 2 ] } },
            { "skill": "speech", "bonus" : { "rng" : [ 4, 8 ] } },
            { "skill": "barter", "bonus" : { "rng" : [ 8, 15 ] } }
        ]
    },

	{
        "type" : "npc_class",
        "id" : "Merc_Food",
        "name" : "食品商人",
        "job_description" : "销售食物",
        "common" : false,
        "bonus_int" : { "one_in" : 4 },
        "bonus_str" : { "rng" : [ 10, 19 ] },
        "shopkeeper_item_group" : "Merc_Food_misc",
        "skills" : [
            {
                "skill" : "ALL", "level" : {
                    "mul" : [
                        { "one_in" : 3 },
                        {
                            "sum" : [
                                { "dice" : [ 2, 2 ] },
                                { "constant" : -2 },
                                { "one_in" : 4 }
                            ]
                        }
                    ]
                }
            },
            { "skill": "mechanics", "bonus" : { "one_in" : 2 } },
            { "skill": "electronics", "bonus" : { "rng" : [ 0, 2 ] } },
            { "skill": "speech", "bonus" : { "rng" : [ 4, 8 ] } },
            { "skill": "barter", "bonus" : { "rng" : [ 8, 15 ] } }
        ]
    },
	{
        "type" : "npc_class",
        "id" : "Merc_Broker",
        "name" : "荒地代理",
        "job_description" : "卖东西",
        "common" : false,
        "bonus_int" : { "one_in" : 4 },
        "bonus_str" : { "rng" : [ 10, 19 ] },
        "shopkeeper_item_group" : "Merc_Broker_misc",
        "skills" : [
            {
                "skill" : "ALL", "level" : {
                    "mul" : [
                        { "one_in" : 3 },
                        {
                            "sum" : [
                                { "dice" : [ 2, 2 ] },
                                { "constant" : -2 },
                                { "one_in" : 4 }
                            ]
                        }
                    ]
                }
            },
            { "skill": "mechanics", "bonus" : { "one_in" : 2 } },
            { "skill": "electronics", "bonus" : { "rng" : [ 0, 2 ] } },
            { "skill": "speech", "bonus" : { "rng" : [ 4, 8 ] } },
            { "skill": "barter", "bonus" : { "rng" : [ 8, 15 ] } }
        ]
    },
	{
        "type" : "npc_class",
        "id" : "Merc_Med",
        "name" : "医药商",
        "job_description" : "销售药品",
        "common" : false,
        "bonus_int" : { "one_in" : 4 },
        "bonus_str" : { "rng" : [ 10, 19 ] },
        "shopkeeper_item_group" : "Merc_Med_misc",
        "skills" : [
            {
                "skill" : "ALL", "level" : {
                    "mul" : [
                        { "one_in" : 3 },
                        {
                            "sum" : [
                                { "dice" : [ 2, 2 ] },
                                { "constant" : -2 },
                                { "one_in" : 4 }
                            ]
                        }
                    ]
                }
            },
            { "skill": "mechanics", "bonus" : { "one_in" : 2 } },
            { "skill": "electronics", "bonus" : { "rng" : [ 0, 2 ] } },
            { "skill": "speech", "bonus" : { "rng" : [ 4, 8 ] } },
            { "skill": "barter", "bonus" : { "rng" : [ 8, 15 ] } }
        ]
    },
	{
        "type" : "npc_class",
        "id" : "Merc_Ammo",
        "name" : "弹药商",
        "job_description" : "出售弹药",
        "common" : false,
        "bonus_int" : { "one_in" : 4 },
        "bonus_str" : { "rng" : [ 10, 19 ] },
        "shopkeeper_item_group" : "Merc_Ammo_misc",
        "skills" : [
            {
                "skill" : "ALL", "level" : {
                    "mul" : [
                        { "one_in" : 3 },
                        {
                            "sum" : [
                                { "dice" : [ 2, 2 ] },
                                { "constant" : -2 },
                                { "one_in" : 4 }
                            ]
                        }
                    ]
                }
            },
            { "skill": "mechanics", "bonus" : { "one_in" : 2 } },
            { "skill": "electronics", "bonus" : { "rng" : [ 0, 2 ] } },
            { "skill": "speech", "bonus" : { "rng" : [ 4, 8 ] } },
            { "skill": "barter", "bonus" : { "rng" : [ 8, 15 ] } }
        ]
    },
	{
        "type" : "npc_class",
        "id" : "Merc_Smith",
        "name" : "铁匠",
        "job_description" : "销售自制物品",
        "common" : false,
        "bonus_int" : { "one_in" : 4 },
        "bonus_str" : { "rng" : [ 10, 19 ] },
        "shopkeeper_item_group" : "Merc_Smith_misc",
        "skills" : [
            {
                "skill" : "ALL", "level" : {
                    "mul" : [
                        { "one_in" : 3 },
                        {
                            "sum" : [
                                { "dice" : [ 2, 2 ] },
                                { "constant" : -2 },
                                { "one_in" : 4 }
                            ]
                        }
                    ]
                }
            },
            { "skill": "mechanics", "bonus" : { "one_in" : 2 } },
            { "skill": "electronics", "bonus" : { "rng" : [ 0, 2 ] } },
            { "skill": "speech", "bonus" : { "rng" : [ 4, 8 ] } },
            { "skill": "barter", "bonus" : { "rng" : [ 8, 15 ] } }
        ]
    }
]