[
  {
    "type" : "item_group",
    "id" : "Merc_Food_extra",
    "items":[
      ["Merchantbag", 100]
    ]
  },{
    "type" : "item_group",
    "id" : "Merc_Food_coat",
    "items":[
      ["trenchcoat", 80],
      ["vest", 60]
    ]
  },{
    "type" : "item_group",
    "id" : "Merc_Food_hat",
    "items":[
      ["null", 100]
    ]
  },
  {
    "type" : "item_group",
    "id" : "Merc_Food_misc",
    "items":[
      [ "bologna", 80 ],
        ["dry_meat", 66],
        ["dry_fish", 33],
        ["dry_veggy", 66],
        ["dry_fruit", 33],
        ["meat_smoked", 33],
        ["meat_smoked", 33],
	  ["beer", 35],
      ["european_pilsner", 25],
      ["pale_ale", 25],
      ["india_pale_ale", 25],
      ["stout", 15],
      ["belgian_ale", 10],
      ["imperial_stout", 4],
      ["single_malt_whiskey", 2],
      [ "sausage", 90 ],
      [ "sweet_sausage", 10 ],
      [ "honey_bottled", 35 ],
      [ "honey_glassed", 35 ],
      [ "coffee_syrup", 35 ],
      [ "coffee_raw", 45 ],
      [ "salt", 50 ],
      [ "pepper", 11 ],
      [ "cinnamon", 11 ],
      [ "syrup", 22 ],
      [ "sports_drink", 40 ],
      [ "energy_drink", 40 ],
      [ "energy_drink_atomic", 5 ],
      [ "cola", 65 ],
      [ "flour", 11 ],
      [ "cornmeal", 11 ],
      [ "yeast", 11 ],
      [ "powder_eggs", 3 ],
      [ "milk_powder", 11 ],
      [ "salt", 11 ],
      [ "sugar", 11 ],
      [ "can_sardine", 44 ],
      [ "onion", 14 ],
      [ "can_chicken", 55 ],
      [ "bacon", 15 ]
    ]
  }
]