[
  {
    "id": "TALK_Merc_Bro",
    "type": "talk_topic",
    "dynamic_line": {
      "u_is_wearing": "badge_marshal",
      "yes": "<greet>, 你从哪里来?来这里交易吗?",
      "no": "<greet>, 你从哪里来?来这里交易吗?"},
    "responses": [
      {
        "text": "有什么我可以帮忙的吗?",
        "topic": "TALK_Merc_Bro_Help"
      },
      {
        "text": "我是来这里交易的.",
        "effect": "start_trade",
        "topic": "TALK_Merc_Bro"
      },
      {
        "text": "再见.",
        "topic": "TALK_DONE"
      }
	  ]
	},
  {
    "id": "TALK_Merc_Bro_Help",
    "type": "talk_topic",
    "dynamic_line": "不了,谢谢.",
    "responses": [
      {
        "text": "明白了.",
        "topic": "TALK_Merc_Bro"
      }
    ]
  }
]