[
  {
    "type": "mapgen",
    "method": "json",
    "om_terrain": [ "ZoneSE" ],
    "object": {
      "fill_ter": "t_grass",
      "rows": [
        "                  h   a ",
        "            bb    h   a ",
        "                  h   a ",
        "    bb        b   hh  a ",
        "   bb      b  b   b   a ",
        "   gb bb   b  g bb    a ",
        "   gg b    b gg       a ",
        "    ggggggggggb       a ",
        "          b   b   e   a ",
        "     b        b beee  a ",
        "   b bbbb        ee   a ",
        "       bbbbb          a ",
        "   bb                 a ",
        "       b     d       aa ",
        "   aaccccccccaabbb  aa  ",
        "   a         da    aa   ",
        "   a   bb     a   aa    ",
        "   a          a  aa  bb ",
        "aaaabbbbbbbbbbaaaaggbb  ",
        "gbbbb         bbbbbgb b ",
        "gbbg bbb      gbXbbg    ",
        "gggg   b      gbbbbgb   ",
        "      bb    bbgggggg    ",
        "                        "
      ],
            "mapping": {
                "X": {
                    "item": { "item": "2x4", "count": 6 },
                    "fields": { "field": "fd_fire" }
                }
            },
	  "place_npcs": [
        { "class": "merchant_guard2", "x": 17, "y": 21 },
        { "class": "merchant_guardH", "x": 14, "y": 19 },
        { "class": "merchant_guardH", "x": 2, "y": 20 },
        { "class": "merchant_guardH", "x": 10, "y": 6 }
		],
            "fields" : {
                "#": { "field": "fd_fire" }
            },
      "terrain": {
        "a": "t_palisade",
        "b": "t_dirt",
        "c": "t_palisade_gate",
        "d": "t_palisade_pulley",
        "e": "t_dirt",
        "f": "t_dirt",
        "g": "t_dirt",
        "h": "t_dirt"
      },
      "furniture": { 
      
      
                    "X": "f_brazier",
      "e": "f_crate_c", "f": "f_fireplace", "g": "f_sandbag_half", "h": "f_desk" }
    }
  }
]
