[
  {
    "type": "mapgen",
    "method": "json",
    "om_terrain": [ "ZoneNE" ],
    "object": {
      "fill_ter": "t_grass",
      "rows": [
        "                  aaaa  ",
        " aaaa   a        a      ",
        "aa  a      aaa   a aaaa ",
        " a   aaaaa aa   a   aa  ",
        "bbbbbbbbbbbbbbbbb   a   ",
        " a    a aa    aabb     a",
        "       a         bb     ",
        "   cccccfcccccfccabb   a",
        "   cdddddddcddddc  bb  a",
        " a cdddhhddcddddf   bb a",
        " aacddggggdeddddc    bb ",
        "   fdddddddcddddc     b ",
        " a cdddddddcccfcca    b ",
        " j cdddddddca         b ",
        "   cdddddddc          b ",
        " a cceeccfcc          b ",
        "   i          hgh  a  b ",
        "   ia a        a   a  b ",
        "   ii g   hgh  a  a   b ",
        " a  a ha      a aaha ab ",
        " a  a   aa ha   a g  ab ",
        "  aaa gaa  g      h  ab ",
        "     aa       hg     ab ",
        "                      b "
      ],
      "terrain": {
        "a": "t_dirt",
        "b": "t_palisade",
        "c": "t_wall",
        "d": "t_floor",
        "e": "t_door_o",
        "f": "t_window",
        "g": "t_dirt",
        "h": "t_dirt",
        "i": "t_dirt",
        "j": "t_dirt"
      },
	  "place_npcs": [
        { "class": "merchant_Med", "x": 17, "y": 17 },
        { "class": "merchant_Ammo", "x": 10, "y": 18 },
        { "class": "merchant_Smith", "x": 9, "y": 20 }
		],
      "furniture": { "g": "f_table", "h": "f_chair", "i": "f_sandbag_half", "j": "f_standing_tank" }
    }
  }
]