[
	{
		"id": "crypt1",
		"type": "overmap_terrain",
		"name": "Memorial Crypt",
		"sym": 110,
		"color": "black",
		"see_cost": 5,
		"mondensity": 0,
		"extras": "build"
	},
	{
		"id": "crypt1_b1",
		"type": "overmap_terrain",
		"name": "Memorial Crypt Basement",
		"sym": 110,
		"color": "black",
		"see_cost": 5,
		"mondensity": 0,
		"extras": "build"
	},
	{
		"id": "crypt2",
		"type": "overmap_terrain",
		"name": "Eye Crypt",
		"sym": 110,
		"color": "black",
		"see_cost": 5,
		"mondensity": 0,
		"extras": "build"
	},
	{
		"id": "crypt2_b1",
		"type": "overmap_terrain",
		"name": "Eye Crypt Basement",
		"sym": 110,
		"color": "black",
		"see_cost": 5,
		"mondensity": 0,
		"extras": "build"
	},
	{
		"id": "vampcave_entrance",
		"type": "overmap_terrain",
		"name": "Vampire Cove - Entrance",
		"sym": 43,
		"color": "black",
		"see_cost": 5,
		"mondensity": 0,
		"extras": "build"
	},
	{
		"id": "vampcave_corridor1",
		"type": "overmap_terrain",
		"name": "Vampire Cove - Corridor",
		"sym": 43,
		"color": "black",
		"see_cost": 5,
		"mondensity": 0,
		"extras": "build"
	},
	{
		"id": "vampcave_corridor2",
		"type": "overmap_terrain",
		"name": "Vampire Cove - Corridor",
		"sym": 43,
		"color": "black",
		"see_cost": 5,
		"mondensity": 0,
		"extras": "build"
	},
	{
		"id": "vampcave_basement",
		"type": "overmap_terrain",
		"name": "Vampire Cove - Basement",
		"sym": 43,
		"color": "black",
		"see_cost": 5,
		"mondensity": 0,
		"extras": "build"
	},
	{
		"id": "gravesite1",
		"type": "overmap_terrain",
		"name": "graveyard",
		"sym": 46,
		"color": "brown",
		"see_cost": 5,
		"mondensity": 0,
		"extras": "build"
	},
	{
		"id": "bloodrune_pedestal",
		"type": "overmap_terrain",
		"name": "field",
		"sym": 46,
		"color": "brown",
		"see_cost": 5,
		"mondensity": 0,
		"extras": "build"
	},
	{
		"id": "bloodhole",
		"type": "overmap_terrain",
		"name": "field",
		"sym": 46,
		"color": "brown",
		"see_cost": 2,
		"mondensity": 0,
		"extras": "build"
	},
	{
		"id": "bloodhole_bottom",
		"type": "overmap_terrain",
		"name": "blood residue",
		"sym": 46,
		"color": "red",
		"see_cost": 5,
		"mondensity": 0,
		"extras": "build"
	},
	{
		"id": "bloodhole_lair",
		"type": "overmap_terrain",
		"name": "leech lair",
		"sym": 46,
		"color": "red",
		"see_cost": 5,
		"mondensity": 0,
		"extras": "build"
	},
	{
		"id": "wo3",
		"type": "overmap_terrain",
		"name": "wasteland outskirts",
		"sym": 43,
		"color": "dark_gray",
		"see_cost": 5,
		"mondensity": 0,
		"extras": "build"
	},
	{
		"id": "wo2",
		"type": "overmap_terrain",
		"name": "wasteland outskirts",
		"sym": 43,
		"color": "light_gray",
		"see_cost": 5,
		"mondensity": 0,
		"extras": "build"
	},
	{
		"id": "wo1",
		"type": "overmap_terrain",
		"name": "wasteland outskirts",
		"sym": 43,
		"color": "dark_gray",
		"see_cost": 5,
		"mondensity": 0,
		"extras": "build"
	},
	{
		"id": "wo6",
		"type": "overmap_terrain",
		"name": "wasteland outskirts",
		"sym": 43,
		"color": "dark_gray",
		"see_cost": 5,
		"mondensity": 0,
		"extras": "build"
	},
	{
		"id": "wo5",
		"type": "overmap_terrain",
		"name": "wasteland outskirts",
		"sym": 43,
		"color": "dark_gray",
		"see_cost": 5,
		"mondensity": 0,
		"extras": "build"
	},
	{
		"id": "wo4",
		"type": "overmap_terrain",
		"name": "wasteland outskirts",
		"sym": 43,
		"color": "dark_gray",
		"see_cost": 5,
		"mondensity": 0,
		"extras": "build"
	},
	{
		"id": "wo9",
		"type": "overmap_terrain",
		"name": "wasteland outskirts",
		"sym": 43,
		"color": "dark_gray",
		"see_cost": 5,
		"mondensity": 0,
		"extras": "build"
	},
	{
		"id": "wo8",
		"type": "overmap_terrain",
		"name": "wasteland outskirts",
		"sym": 43,
		"color": "dark_gray",
		"see_cost": 5,
		"mondensity": 0,
		"extras": "build"
	},
	{
		"id": "wo7",
		"type": "overmap_terrain",
		"name": "wasteland outskirts",
		"sym": 43,
		"color": "dark_gray",
		"see_cost": 5,
		"mondensity": 0,
		"extras": "build"
	},
	{
    "type": "overmap_terrain",
    "id": "ghost_townhousenorth",
    "name": "forest",
    "sym": 70,
    "color": "green",
    "see_cost": 5,
    "extras": "field"
  },
  {
    "type": "overmap_terrain",
    "id": "ghost_townhousesouth",
    "name": "forest",
    "sym": 70,
    "color": "green",
    "see_cost": 5,
    "extras": "field"
  },
  {
    "type": "overmap_terrain",
    "id": "ghost_townhousewest",
    "name": "forest",
    "sym": 70,
    "color": "green",
    "see_cost": 5,
    "extras": "field"
  },
  {
    "type": "overmap_terrain",
    "id": "ghost_townhouseeast",
    "name": "forest",
    "sym": 70,
    "color": "green",
    "see_cost": 5,
    "extras": "field"
  },
  {
    "type": "overmap_terrain",
    "id": "ghost_townchurch",
    "name": "forest",
    "sym": 70,
    "color": "green",
    "see_cost": 5,
    "extras": "field"
  },
  {
    "type": "overmap_terrain",
    "id": "ghost_townroadhor",
    "name": "forest",
    "sym": 70,
    "color": "green",
    "see_cost": 5,
    "extras": "field"
  },
  {
    "type": "overmap_terrain",
    "id": "ghost_townroadver",
    "name": "forest",
    "sym": 70,
    "color": "green",
    "see_cost": 5,
    "extras": "field"
  },
  {
    "type": "overmap_terrain",
    "id": "ghost_towngardenroad",
    "name": "forest",
    "sym": 70,
    "color": "green",
    "see_cost": 5,
    "extras": "field"
  },
  {
    "type": "overmap_terrain",
    "id": "ghost_townservice",
    "name": "forest",
    "sym": 70,
    "color": "green",
    "see_cost": 5,
    "extras": "field"
  }
]