[{
  "result": "bloodinfused_survivorduster",
  "type": "recipe",
  "category": "CC_ARMOR",
  "subcategory": "CSC_ARMOR_TORSO",
  "skill_used": "fabrication",
  "difficulty": 6,
  "book_learn": [["vamp_darkfashion1", 10]],
  "time": 49500,
  "qualities": [{
    "id": "CUT",
    "level": 1
   }, {
    "id": "SEW",
    "level": 1
   }, {
    "id": "BINFUSING",
    "level": 1
   }
  ],
  "components": [
   [["duster_survivor", 1]],
   [["compactsheet", 5]],
   [["stickyblood", 2]]
  ]
 }, {
  "result": "bloodinfused_survivorpants",
  "type": "recipe",
  "category": "CC_ARMOR",
  "subcategory": "CSC_ARMOR_LEGS",
  "skill_used": "fabrication",
  "difficulty": 6,
  "book_learn": [["vamp_darkfashion1", 10]],
  "time": 45200,
  "qualities": [{
    "id": "CUT",
    "level": 1
   }, {
    "id": "SEW",
    "level": 1
   }, {
    "id": "BINFUSING",
    "level": 1
   }
  ],
  "components": [
   [["pants_survivor", 1]],
   [["compactsheet", 4]],
   [["stickyblood", 2]]
  ]
 }, {
  "result": "bloodinfused_survivorgloves",
  "type": "recipe",
  "category": "CC_ARMOR",
  "subcategory": "CSC_ARMOR_HANDS",
  "skill_used": "fabrication",
  "difficulty": 6,
  "book_learn": [["vamp_darkfashion1", 10]],
  "time": 34200,
  "qualities": [{
    "id": "CUT",
    "level": 1
   }, {
    "id": "SEW",
    "level": 1
   }, {
    "id": "BINFUSING",
    "level": 1
   }
  ],
  "components": [
   [["gloves_survivor", 1]],
   [["compactsheet", 2]],
   [["stickyblood", 1]]
  ]
 }, {
  "result": "bloodinfused_survivortrenchcoat",
  "type": "recipe",
  "category": "CC_ARMOR",
  "subcategory": "CSC_ARMOR_TORSO",
  "skill_used": "fabrication",
  "difficulty": 6,
  "book_learn": [["vamp_darkfashion1", 10]],
  "time": 43200,
  "qualities": [{
    "id": "CUT",
    "level": 1
   }, {
    "id": "SEW",
    "level": 1
   }, {
    "id": "BINFUSING",
    "level": 1
   }
  ],
  "components": [
   [["trenchcoat_survivor", 1]],
   [["compactsheet", 5]],
   [["stickyblood", 2]]
  ]
 }, {
  "result": "bloodinfused_survivorboots",
  "type": "recipe",
  "category": "CC_ARMOR",
  "subcategory": "CSC_ARMOR_FEET",
  "skill_used": "fabrication",
  "difficulty": 6,
  "book_learn": [["vamp_darkfashion1", 10]],
  "time": 36200,
  "qualities": [{
    "id": "CUT",
    "level": 1
   }, {
    "id": "SEW",
    "level": 1
   }, {
    "id": "BINFUSING",
    "level": 1
   }
  ],
  "components": [
   [["boots_survivor", 1]],
   [["compactsheet", 3]],
   [["stickyblood", 1]]
  ]
 }, {
  "result": "bloodinfused_survivorhood",
  "type": "recipe",
  "category": "CC_ARMOR",
  "subcategory": "CSC_ARMOR_HEAD",
  "skill_used": "fabrication",
  "difficulty": 6,
  "book_learn": [["vamp_darkfashion1", 10]],
  "time": 42200,
  "qualities": [{
    "id": "CUT",
    "level": 1
   }, {
    "id": "SEW",
    "level": 1
   }, {
    "id": "BINFUSING",
    "level": 1
   }
  ],
  "components": [
   [["hood_survivor", 1]],
   [["compactsheet", 4]],
   [["stickyblood", 2]]
  ]
 }, {
  "result": "bloodwristsheath",
  "type": "recipe",
  "category": "CC_ARMOR",
  "subcategory": "CSC_ARMOR_HANDS",
  "skill_used": "tailor",
  "difficulty": 6,
  "book_learn": [["vamp_darkfashion1", 10]],
  "using": [["filament", 10]],
  "time": 14200,
  "qualities": [{
    "id": "CUT",
    "level": 1
   }, {
    "id": "SEW",
    "level": 1
   }
  ],
  "components": [
   [["string_6", 2]],
   [["compactsheet", 1]]
  ]
 }, {
  "result": "bloodbootsheath",
  "type": "recipe",
  "category": "CC_ARMOR",
  "subcategory": "CSC_ARMOR_FEET",
  "skill_used": "tailor",
  "difficulty": 6,
  "book_learn": [["vamp_darkfashion1", 10]],
  "time": 14200,
  "using": [["filament", 15]],
  "qualities": [{
    "id": "CUT",
    "level": 1
   }, {
    "id": "SEW",
    "level": 1
   }
  ],
  "components": [
   [["string_6", 3]],
   [["compactsheet", 1]]
  ]
 }, {
  "result": "bloodpack",
  "type": "recipe",
  "category": "CC_ARMOR",
  "subcategory": "CSC_ARMOR_STORAGE",
  "skill_used": "tailor",
  "difficulty": 4,
  "time": 76000,
  "autolearn": true,
  "using": [["filament", 35]],
  "qualities": [{
    "id": "SEW",
    "level": 1
   }, {
    "id": "CUT",
    "level": 1
   }
  ],
  "components": [
   [["compactsheet", 9]],
   [["string_6", 4]]
  ]
 }, {
  "result": "bigbloodpack",
  "type": "recipe",
  "category": "CC_ARMOR",
  "subcategory": "CSC_ARMOR_STORAGE",
  "skill_used": "tailor",
  "difficulty": 4,
  "time": 36000,
  "autolearn": true,
  "using": [["filament", 35]],
  "qualities": [{
    "id": "SEW",
    "level": 1
   }, {
    "id": "CUT",
    "level": 1
   }
  ],
  "components": [
   [["compactsheet", 3]],
   [["string_6", 1]]
  ]
 }, {
  "result": "blood_suit",
  "type": "recipe",
  "category": "CC_ARMOR",
  "subcategory": "CSC_ARMOR_SUIT",
  "skill_used": "tailor",
  "book_learn": [["vamp_darkfashion1", 10]],
  "difficulty": 5,
  "time": 53450,
  "using": [["filament", 45]],
  "qualities": [{
    "id": "SEW",
    "level": 1
   }, {
    "id": "CUT",
    "level": 1
   }
  ],
  "components": [
   [["compactsheet", 5]]
  ]
 }, {
  "result": "blood_hood",
  "type": "recipe",
  "category": "CC_ARMOR",
  "subcategory": "CSC_ARMOR_HEAD",
  "skill_used": "tailor",
  "book_learn": [["vamp_darkfashion1", 10]],
  "difficulty": 5,
  "time": 41000,
  "using": [["filament", 55]],
  "qualities": [{
    "id": "SEW",
    "level": 1
   }, {
    "id": "CUT",
    "level": 1
   }
  ],
  "components": [
   [["compactsheet", 3]],
   [["leather", 3]]
  ]
 }, {
  "result": "blood_duster",
  "type": "recipe",
  "category": "CC_ARMOR",
  "subcategory": "CSC_ARMOR_TORSO",
  "skill_used": "tailor",
  "book_learn": [["vamp_darkfashion1", 10]],
  "difficulty": 5,
  "time": 47500,
  "using": [["filament", 65]],
  "qualities": [{
    "id": "SEW",
    "level": 1
   }, {
    "id": "CUT",
    "level": 1
   }
  ],
  "components": [
   [["compactsheet", 5]],
   [["leather", 6]]
  ]
 }, {
  "result": "blood_gloves",
  "type": "recipe",
  "category": "CC_ARMOR",
  "subcategory": "CSC_ARMOR_HANDS",
  "skill_used": "tailor",
  "book_learn": [["vamp_darkfashion1", 10]],
  "difficulty": 5,
  "time": 34500,
  "using": [["filament", 20]],
  "qualities": [{
    "id": "SEW",
    "level": 1
   }, {
    "id": "CUT",
    "level": 1
   }
  ],
  "components": [
   [["compactsheet", 2]],
   [["leather", 2]]
  ]
 }, {
  "result": "blood_pants",
  "type": "recipe",
  "category": "CC_ARMOR",
  "subcategory": "CSC_ARMOR_LEGS",
  "skill_used": "tailor",
  "book_learn": [["vamp_darkfashion1", 10]],
  "difficulty": 5,
  "time": 43300,
  "using": [["filament", 60]],
  "qualities": [{
    "id": "SEW",
    "level": 1
   }, {
    "id": "CUT",
    "level": 1
   }
  ],
  "components": [
   [["compactsheet", 4]],
   [["leather", 4]]
  ]
 }, {
  "result": "blood_boots",
  "type": "recipe",
  "category": "CC_ARMOR",
  "subcategory": "CSC_ARMOR_FEET",
  "skill_used": "tailor",
  "book_learn": [["vamp_darkfashion1", 10]],
  "difficulty": 5,
  "time": 32550,
  "using": [["filament", 30]],
  "qualities": [{
    "id": "SEW",
    "level": 1
   }, {
    "id": "CUT",
    "level": 1
   }
  ],
  "components": [
   [["compactsheet", 3]],
   [["leather", 3]]
  ]
 }
]
