[{
  "id": "bloodbootsheath",
  "type": "ARMOR",
  "name": "blood sheet ankle sheath",
  "description": "A blood red, improvised ankle sheath, its material makes it tough and easier to wear.  Activate to sheathe/draw a knife.",
  "weight": 180,
  "volume": 2,
  "price": 0,
  "to_hit": -1,
  "material": ["compactblood"],
  "symbol": "[",
  "color": "red",
  "covers": ["FOOT_EITHER"],
  "coverage": 10,
  "encumbrance": 0,
  "material_thickness": 1,
  "use_action": {
   "type": "holster",
   "holster_prompt": "Sheath knife",
   "holster_msg": "You have sheath your %s",
   "max_volume": 2,
   "draw_cost": 30,
   "flags": ["SHEATH_KNIFE"]
  },
  "flags": ["BELTED", "OVERSIZE", "STURDY", "ALLOWS_NATURAL_ATTACKS", "WATER_FRIENDLY"]
 }, {
  "id": "bloodwristsheath",
  "type": "ARMOR",
  "name": "blood sheet wrist sheath",
  "description": "A blood red wrist sheath. Small weapons are quickly drawn under your hands, just like what assassins do, but untrained people can hurt themselves.  Activate to fast sheathe/draw a knife.",
  "weight": 180,
  "volume": 2,
  "price": 0,
  "to_hit": -1,
  "material": ["compactblood"],
  "symbol": "[",
  "color": "red",
  "covers": ["HAND_EITHER"],
  "coverage": 5,
  "encumbrance": 1,
  "material_thickness": 1,
  "use_action": {
   "type": "holster",
   "holster_prompt": "Sheath knife",
   "holster_msg": "You have sheath your %s",
   "max_volume": 1,
   "draw_cost": 5,
   "flags": ["SHEATH_KNIFE"]
  },
  "flags": ["BELTED", "OVERSIZE", "STURDY", "ALLOWS_NATURAL_ATTACKS", "WATER_FRIENDLY"]
 }, {
  "id": "bloodpack",
  "type": "ARMOR",
  "name": "bloodpack",
  "description": "Handcrafted backpack made of tough blood compact sheets customized to occupy large amount of storage at a cost of encumberance.",
  "weight": 950,
  "volume": 11,
  "price": 0,
  "material": ["compactblood", "cotton"],
  "symbol": "[",
  "color": "red",
  "covers": ["TORSO"],
  "coverage": 5,
  "encumbrance": 10,
  "storage": 40,
  "material_thickness": 2,
  "flags": ["WATER_FRIENDLY", "STURDY", "BELTED"]
 }, {
  "id": "bigbloodpack",
  "type": "ARMOR",
  "name": "large bloodpack",
  "description": "Improved bloodpack with additional pocket arrangements around it for even larger storage occupation. Encumberance and weight has increased, tho.",
  "weight": 1250,
  "volume": 12,
  "price": 0,
  "material": ["compactblood", "cotton"],
  "symbol": "[",
  "color": "red",
  "covers": ["TORSO"],
  "coverage": 10,
  "encumbrance": 20,
  "storage": 75,
  "material_thickness": 3,
  "flags": ["WATER_FRIENDLY", "STURDY", "BELTED"]
 }
]
