[{
  "id": "blood_necklace",
  "type": "ARMOR",
  "name": "bloodrune necklace",
  "description": "An odd necklace with rescaled beautiful bloodrune stone to fit and attach to the center. The thinned layer caused the core to pulsate faster.",
  "weight": 250,
  "volume": 1,
  "material": ["stone", "silver"],
  "symbol": "[",
  "color": "red",
  "flags": ["FANCY"]
 }, {
  "id": "blood_talisman",
  "type": "ARMOR",
  "name": "bloodrune talisman",
  "description": "An odd necklace with a beautifully etched bloodrune stone in eagle's talon shape. If you prick your fingertip in its sharp point, you feel your blood rushing towards it.",
  "weight": 80,
  "volume": 0,
  "price": 0,
  "price_postapoc": 2500000,
  "material": ["stone"],
  "symbol": "(",
  "color": "red",
  "flags": ["FANCY"]
 }, {
  "id": "blood_cring",
  "type": "ARMOR",
  "name": "bloodrune ring",
  "description": "A shimmering bloodrune ring with a tiny etched symbol under it. A proof of loyalty to the commando.",
  "weight": 55,
  "volume": 0,
  "price": 0,
  "material": ["stone"],
  "symbol": "(",
  "color": "red",
  "flags": ["FANCY"]
 }
]
