[
	{
	"id": "wooden_plow",
	"type": "TOOL",
	"symbol": "0",
	"color": "light_gray",
	"name": "人力犁",
    "description": " ",
    "price": 0,
    "material": "wood",
    "weight": 150000,
    "volume": 30,
    "bashing": 10,
    "cutting": 0,
    "to_hit": -5,
    "max_charges": 0,
    "initial_charges": 0,
    "charges_per_use": 0,
    "turns_per_charge": 0,
    "ammo": "NULL",
    "use_action": {
      "type": "unfold_vehicle",
      "vehicle_name": "foldable_wooden_plow",
      "tools_needed" : {},
      "unfold_msg": "你煞费苦心的将他展开，准备为你的肚子干一番大事业",
      "moves": 300}
	  },
	  { 
	  "type":"WHEEL",
        "id" : "wooden_plow_point_support_item_forconvinient",
        "name" : "木质犁具傀儡物品（无法制作）",
        "description" : "你用来支撑犁具的部件，没有他你可能会吃力的多",
        "weight" : 80000,
        "to_hit" : -3,
        "color" : "brown",
        "symbol" : "]",
        "material" : ["wood"],
        "volume" : 15,
        "bashing" : 15,
        "category" : "veh_parts",
        "price" : 0,
	    "diameter": 4,
		"width": 20
		},
	  { 
	  "type":"ENGINE",
        "id" : "wooden_plow_engine_item_forconvinient",
        "name" : "木质犁具傀儡物品（无法制作）",
        "description" : "木质犁具的把手，你的肚子可全靠它了",
        "weight" : 20000,
        "to_hit" : -3,
        "color" : "brown",
        "symbol" : "]",
        "material" : ["wood"],
        "volume" : 15,
        "bashing" : 15,
        "category" : "veh_parts",
        "price" : 0
		},
	  { 
	  "type":"GENERIC",
        "id" : "wooden_plow_plow",
        "name" : "犁具连接部件",
        "description" : "用来连接犁具的各个部件",
        "weight" : 60000,
        "to_hit" : -3,
        "color" : "brown",
        "symbol" : "]",
        "material" : ["wood"],
        "volume" : 50,
        "bashing" : 15,
        "category" : "veh_parts",
        "price" : 0
		},
	{
	"id": "wooden_planter",
	"type": "TOOL",
	"symbol": "0",
	"color": "light_gray",
	"name": "手工播种机",
    "description": " ",
    "price": 0,
    "material": "wood",
    "weight": 150000,
    "volume": 30,
    "bashing": 10,
    "cutting": 0,
    "to_hit": -5,
    "max_charges": 0,
    "initial_charges": 0,
    "charges_per_use": 0,
    "turns_per_charge": 0,
    "ammo": "NULL",
    "use_action": {
      "type": "unfold_vehicle",
      "vehicle_name": "foldable_wooden_planter",
      "tools_needed" : {},
      "unfold_msg": "你煞费苦心的将他展开，准备为你的肚子干一番大事业",
      "moves": 300}
	  },
  {
    "id": "vinegar_f",
    "type": "COMESTIBLE",
    "name": "未发酵米醋",
    "description": " ",
    "weight": 1500,
    "volume": 4,
    "price": 0,
    "phase" : "liquid",
    "comestible_type" : "DRINK",
    "material": [ "veggy","water" ],
    "symbol": ",",
	"fun": -10,
    "nutrition" : 1,
    "quench" : 2,
    "healthy" : -2,
    "color": "brown",
        "brewable" : {
            "time" : 7200,
            "results" : [ "vinegar","yeast" ]
        },
    "flags": [ "NO_SALVAGE" ]
  },
  {
    "id": "soysauce_f",
    "type": "COMESTIBLE",
    "name": "未发酵酱油",
    "description": " ",
    "weight": 1500,
    "volume": 4,
    "price": 0,
	"fun": -10,
    "nutrition" : 1,
    "quench" : 2,
    "healthy" : -2,
    "to_hit": -2,
    "material": [ "veggy","water" ],
    "symbol": ",",
    "phase" : "liquid",
    "comestible_type" : "DRINK",
    "color": "brown",
        "brewable" : {
            "time" : 7200,
            "results" : [ "soysauce","yeast"]
        },
    "flags": [ "NO_SALVAGE" ]
  }
	]
	