[
{
  "type" : "recipe",
  "result": "vinegar_f",
  "category": "CC_FOOD",
  "subcategory": "CSC_FOOD_BREW",
    "skills_required": [ "cooking", 3 ],
  "difficulty": 3,
  "time": 1200,
  "autolearn": true,
    "qualities": [ { "id": "COOK", "level": 3 } ],
    "tools": [ [ [ "surface_heat", 4, "LIST" ] ] ],
  "components": [
  [
  ["rice",8]
  ],
  [
  ["water",2],["water_clean",2]
  ],
  [
  ["yeast",1]
  ]
  ]
},
{
  "type" : "recipe",
  "result": "soysauce_f",
  "category": "CC_FOOD",
  "subcategory": "CSC_FOOD_BREW",
    "skills_required": [ "cooking", 3 ],
  "difficulty": 3,
  "time": 1200,
  "autolearn": true,
    "qualities": [ { "id": "COOK", "level": 3 } ],
    "tools": [ [ [ "surface_heat", 4, "LIST" ] ] ],
  "components": [
  [
  ["can_beans",2]
  ],
  [
  ["water",2],["water_clean",2]
  ],
  [
  ["yeast",1]
  ]
  ]
}
]