[
  {
    "type" : "vehicle",
    "id" : "foldable_wooden_plow",
    "name" : "手拉犁",
    "parts" : [
			{"x": 0, "y": 0, "part": "wooden_plow"},
			{"x": 1, "y": 0, "part": "wooden_plow_structure"},
			{"x": 1, "y": 0, "part": "point_support"},
			{"x": 1, "y": 0, "part": "wooden_plow_handle"}
    ]
  },
  {
    "type" : "vehicle",
    "id" : "foldable_wooden_planter",
    "name" : "木播种机",
    "parts" : [
			{"x": 0, "y": 0, "part": "wooden_plow_structure"},
			{"x": 0, "y": 0, "part": "wooden_planter"},
			{"x": 1, "y": 0, "part": "wooden_plow_structure"},
			{"x": 1, "y": 0, "part": "point_support"},
			{"x": 1, "y": 0, "part": "wooden_plow_handle"}
    ]
  }
  ]