[
{
  "type" : "recipe",
  "result": "wooden_plow",
  "category": "CC_OTHER",
  "subcategory": "CSC_OTHER_VEHICLE",
    "skill_used": "mechanics",
    "skills_required": [ "fabrication", 5 ],
  "difficulty": 4,
  "time": 240000,
  "autolearn": true,
    "qualities": [
      { "id": "HAMMER", "level": 2 },
      { "id": "CUT", "level": 1}
    ],
  "components": [
    [
    [ "2x4", 80 ]
    ],
	[
	[ "string_6",6]
	],
	[
	["nail",100]
	],
	[
	[ "scrap",25]
	],
	[
	[ "2x4",20],["pipe",20]
    ],
	[
	["superglue",5],["bone_glue",20],["medical_tape",75],["duct_tape",300]
	]
	]
},
{
  "type" : "recipe",
  "result": "wooden_planter",
  "category": "CC_OTHER",
  "subcategory": "CSC_OTHER_VEHICLE",
    "skill_used": "mechanics",
    "skills_required": [ "fabrication", 4 ],
  "difficulty": 3,
  "time": 720000,
  "autolearn": true,
    "qualities": [
      { "id": "HAMMER", "level": 2 },
      { "id": "CUT", "level": 1}
    ],
	"tools":[
	[
	["hand_drill",1]
	]
	],
  "components": [
    [
    [ "bag_canvas_small", 6 ],["bottle_plastic",3],["jug_plastic",1]
    ],
	[
	[ "string_6",6]
	],
	[
	["nail",100]
	],
	[
	[ "scrap",25]
	],
	[
	[ "2x4",20],["pipe",20]
    ],
	[
	["2x4",80]
	],
	[
	["superglue",5],["bone_glue",20],["medical_tape",75],["duct_tape",300]
	]
	]
}
]