[
    {
        "type" : "vehicle_part",
        "id" : "wooden_plow",
        "name" : "木犁具",
        "symbol" : "&",
        "color" : "green",
        "broken_symbol" : "&",
        "broken_color" : "light_blue",
        "damage_modifier" : 40,
        "durability" : 20,
        "difficulty" : 3,
        "bonus":7,
		"item" : "wooden_plow_plow",
        "location" : "structure",
		"size": 80,
        "flags" : ["PLOW","FOLDABLE","EXTRA_DRAG"],
        "breaks_into" : [
      { "item": "splinter", "count": [ 0, 6 ] }
        ],
	    "folded_volume": 1
    },
    {
        "type" : "vehicle_part",
        "id" : "point_support",
        "name" : "木制农具支撑点",
        "symbol" : ")",
        "color" : "green",
        "broken_symbol" : "/",
        "broken_color" : "light_blue",
        "damage_modifier" : 40,
        "durability" : 20,
        "difficulty" : 3,
		"item" : "wooden_plow_point_support_item_forconvinient",
        "location" : "under",
        "flags" : ["FOLDABLE","CONTROLS","WHEEL","STEERABLE","CTRL_ELECTRONIC","STABLE"],         
        "breaks_into" : [
      { "item": "splinter", "count": [ 0, 6 ] }
        ],
	    "folded_volume": 1
    },
    {
        "type" : "vehicle_part",
        "id" : "wooden_plow_handle",
        "name" : "农具把手",
        "symbol" : "-",
        "color" : "green",
        "broken_symbol" : "/",
        "broken_color" : "light_blue",
        "damage_modifier" : 40,
        "durability" : 20,
        "difficulty" : 3,
		"item" : "wooden_plow_engine_item_forconvinient",
        "location" : "center",
		"fuel_type": "muscle",
		"power" : 1600,
        "flags" : ["ENGINE", "FOLDABLE", "MUSCLE_ARMS"],
        "breaks_into" : [
      { "item": "splinter", "count": [ 0, 6 ] }
        ],
	    "folded_volume": 1
    },
  {
    "id": "wooden_plow_structure",
    "type": "vehicle_part",
    "name": "木制农具连接结构",
    "item": "2x4",
    "location": "structure",
    "symbol": "h",
    "color": "brown",
    "broken_color": "brown",
    "difficulty": 2,
    "durability": 15,
    "folded_volume": 15,
    "breaks_into": [
      { "item": "splinter", "count": [ 0, 6 ] }
    ],
    "flags": [ "INITIAL_PART","FOLDABLE","BOARDABLE" ]
  },
    {
        "type" : "vehicle_part",
        "id" : "wooden_planter",
        "name" : "播种机",
        "symbol" : "#",
        "color" : "green",
        "broken_symbol" : "&",
        "broken_color" : "light_blue",
        "damage_modifier" : 40,
        "durability" : 20,
        "difficulty" : 3,
		"item" : "wooden_plow_plow",
        "location" : "under",
		"size": 60,
		"power" : -1,
        "flags" : ["PLANTER","FOLDABLE","EXTRA_DRAG","CARGO"],
        "breaks_into" : [
      { "item": "splinter", "count": [ 0, 6 ] }
        ],
	    "folded_volume": 1
    }
]
