[
  {
    "id": "turtleneck",
    "type": "ARMOR",
    "name": "高领毛衣",
    "description": "手工编织成的高领毛衣。不累赘，非常温暖，但缺乏储存空间。",
    "weight": 478,
    "volume": 10,
    "price": 14500,
    "material": [ "fur" ],
    "symbol": "[",
    "color": "white",
    "covers": [ "TORSO", "ARMS", "MOUTH" ],
    "coverage": 98,
    "encumbrance": 10,
    "warmth": 35,
    "material_thickness": 2,
    "environmental_protection": 1,
    "use_action": { "target": "turtleneck_rolled", "msg": "你调整了一下毛衣的领口高度。", "type": "transform" },
    "flags": [ "VARSIZE", "FANCY", "ALLOWS_NATURAL_ATTACKS" ]
  },
  {
    "id": "turtleneck_rolled",
    "type": "ARMOR",
    "name": "高领毛衣 (翻开)",
    "description": "这件高领毛衣的领口是翻开的，所以无法保护你的嘴巴。",
    "weight": 478,
    "volume": 10,
    "price": 14500,
    "material": [ "fur" ],
    "symbol": "[",
    "color": "white",
    "covers": [ "TORSO", "ARMS" ],
    "coverage": 95,
    "encumbrance": 10,
    "warmth": 35,
    "material_thickness": 2,
    "environmental_protection": 1,
    "use_action": { "target": "turtleneck", "msg": "你调整了一下毛衣的领口高度。", "type": "transform" },
    "flags": [ "VARSIZE", "FANCY", "ALLOWS_NATURAL_ATTACKS" ]
  },
  {
    "id": "bandolier_bomblet",
    "type": "ARMOR",
    "name": "小型榴弹包",
    "description": "小型榴弹包，绑在手臂上便于携带。可以容纳12发小型榴弹。",
    "weight": 720,
    "volume": 2,
    "price": 1900,
    "material": "leather",
    "symbol": "[",
    "color": "dark_gray",
    "covers": [ "ARM_EITHER" ],
    "coverage": 10,
    "encumbrance": 3,
    "material_thickness": 1,
    "use_action": { "type": "bandolier", "capacity": 12, "ammo": [ "bomblet" ] },
    "flags": [ "WATER_FRIENDLY", "BELTED", "OVERSIZE", "STURDY", "ALLOWS_NATURAL_ATTACKS" ]
  },
  {
    "id": "megaarmor_torso_1",
    "type": "ARMOR",
    "category": "armor",
    "name": "PRM海军陆战队护甲",
    "description": "PRM公司为海军陆战队生产的绿色护甲，由多层聚合塑料制作而成，所以整天非常轻薄。关节部位相当柔韧，并不会影响穿戴者的灵活性。可以提供良好防火和防酸保护。提供了额外的存储空间可以存放规定大小的枪械。",
    "weight": 3580,
    "volume": 28,
    "price": 1300000,
    "to_hit": -2,
    "bashing": 6,
    "material": [ "spess_plastic", "ceramic" ],
    "looks_like": "swat_armor",
    "symbol": "[",
    "color": "ltgreen",
    "covers": [ "TORSO" ],
    "coverage": 96,
    "encumbrance": 24,
    "storage": 12,
    "warmth": 20,
    "material_thickness": 3,
    "environmental_protection": 4,
    "use_action": { "type": "holster", "min_volume": 6, "max_volume": 14, "skills": [ "pistol", "smg", "shotgun", "rifle", "launcher" ] },
    "flags": [ "VARSIZE", "WATERPROOF", "STURDY", "OUTER" ]
  },
  {
    "id": "megaarmor_torso_2",
    "type": "ARMOR",
    "category": "armor",
    "name": "PRM海军陆战队衬衣",
    "description": "一套合成材料制作而成的蓝色衬底紧身衣，可以用于防弹和防护各种恶劣环境。由PRM公司设计，可以随时与海军陆战队头盔链接。由于设计复杂，所以修复起来相当麻烦。",
    "weight": 4900,
    "volume": 8,
    "price": 1300000,
    "material": [ "spess_plastic" ],
    "looks_like": "jumpsuit",
    "symbol": "[",
    "color": "blue",
    "covers": [ "TORSO", "ARMS", "LEGS" ],
    "coverage": 100,
    "encumbrance": 10,
    "storage": 2,
    "warmth": 20,
    "material_thickness": 1,
    "environmental_protection": 5,
    "flags": [ "VARSIZE", "WATERPROOF", "SKINTIGHT", "RAD_RESIST", "STURDY", "SUPER_FANCY" ]
  },
  {
    "id": "megaarmor_torso_3",
    "type": "TOOL_ARMOR",
    "category": "armor",
    "name": "海军陆战队动力装甲",
    "description": "一套生锈的红色外骨骼动力装甲，由核能钚电池供能。以牺牲灵活性为代价为使用者提供更强大的力量。",
    "weight": 8764,
    "volume": 76,
    "price": 15000000,
    "material": [ "spess_plastic", "hardsteel" ],
    "looks_like": "depowered_armor",
    "symbol": "[",
    "color": "ltred",
    "initial_charges": 25,
    "covers": [ "TORSO", "LEGS", "FEET", "ARMS", "HANDS" ],
    "coverage": 100,
    "encumbrance": 38,
    "storage": 14,
    "warmth": 40,
    "material_thickness": 2,
    "environmental_protection": 6,
    "max_charges": 1000,
    "ammo": "plutonium",
    "artifact_data": { "effects_worn": [ "AEP_DEX_DOWN", "AEP_RESIST_ELECTRICITY" ] },
    "use_action": {
      "type": "transform",
      "need_charges": 1,
      "need_charges_msg": "动力装甲缺少电力来启动。",
      "msg": "动力装甲启动了，你听到了微弱的嗡嗡声。",
      "target": "megaarmor_torso_3_act",
      "active": true
    },
    "flags": [ "VARSIZE", "OVERSIZE", "WATERPROOF", "STURDY", "NO_REPAIR" ]
  },
  {
    "id": "megaarmor_torso_3_act",
    "type": "TOOL_ARMOR",
    "category": "armor",
    "name": "海军陆战队动力装甲(on)",
    "description": "一套生锈的红色外骨骼动力装甲，由核能钚电池供能。以牺牲灵活性为代价为使用者提供更强大的力量。",
    "weight": 8764,
    "volume": 76,
    "price": 15000000,
    "material": [ "spess_plastic", "hardsteel" ],
    "looks_like": "depowered_armor",
    "symbol": "[",
    "color": "ltred",
    "covers": [ "TORSO", "LEGS", "FEET", "ARMS", "HANDS" ],
    "coverage": 100,
    "encumbrance": 24,
    "storage": 14,
    "warmth": 25,
    "material_thickness": 3,
    "environmental_protection": 8,
    "max_charges": 1000,
    "turns_per_charge": 6,
    "ammo": "plutonium",
    "revert_to": "megaarmor_torso_3",
    "artifact_data": {
      "effects_worn": [ "AEP_STR_UP", "AEP_SPEED_UP", "AEP_DEX_DOWN", "AEP_RESIST_ELECTRICITY", "AEP_EVIL", "AEP_PSYSHIELD" ]
    },
    "use_action": { "type": "transform", "msg": "能量耗尽，动力装甲已关闭。", "target": "megaarmor_torso_3" },
    "flags": [ "VARSIZE", "OVERSIZE", "WATERPROOF", "STURDY", "NO_REPAIR" ]
  },
  {
    "id": "megaarmor_head_1",
    "type": "ARMOR",
    "category": "armor",
    "name": "PRM海军陆战队头盔",
    "description": "一个沉重的头盔，额外附带护目镜。内置HUD显示，可以显示时间及温度等基本信息。",
    "weight": 1690,
    "volume": 9,
    "price": 750000,
    "to_hit": -1,
    "bashing": 10,
    "material": [ "spess_plastic", "ceramic" ],
    "looks_like": "depowered_helmet",
    "symbol": "[",
    "color": "ltgray",
    "covers": [ "HEAD", "EYES", "MOUTH" ],
    "coverage": 100,
    "encumbrance": 30,
    "warmth": 30,
    "material_thickness": 4,
    "environmental_protection": 5,
    "techniques": [ "WBLOCK_1" ],
    "flags": [ "VARSIZE", "STURDY", "SUN_GLASSES", "WATERPROOF", "THERMOMETER", "HYGROMETER", "BAROMETER", "WATCH" ]
  },
  {
    "id": "megaarmor_leggings_1",
    "type": "ARMOR",
    "category": "armor",
    "name": "PRM海军陆战队衬裤",
    "name_plural": "PRM海军陆战队衬裤",
    "description": "用来打底的紧身裤，可以保护PRM海军陆战队免受环境危害。",
    "weight": 1695,
    "volume": 2,
    "price": 250000,
    "material": [ "spess_plastic", "neoprene" ],
    "looks_like": "legguard_hard",
    "symbol": "[",
    "color": "ltgreen",
    "covers": [ "LEGS" ],
    "coverage": 98,
    "encumbrance": 20,
    "storage": 6,
    "warmth": 25,
    "material_thickness": 2,
    "environmental_protection": 3,
    "flags": [ "VARSIZE", "STURDY", "WATERPROOF" ]
  },
  {
    "id": "megaarmor_boots_1",
    "type": "ARMOR",
    "category": "armor",
    "name": "PRM海军陆战队长靴",
    "name_plural": "PRM海军陆战队长靴",
    "description": "PRM公司生产的海军陆战队专用长靴，长及膝盖。这双靴子可以提供非常优良的保护，当然也需要经过特殊的训练才可以很好的使用。",
    "weight": 1190,
    "volume": 8,
    "price": 800000,
    "to_hit": -1,
    "bashing": 1,
    "material": [ "spess_plastic", "steel" ],
    "looks_like": "boots_combat",
    "symbol": "[",
    "color": "ltgray",
    "covers": [ "FEET" ],
    "coverage": 100,
    "encumbrance": 40,
    "warmth": 30,
    "material_thickness": 3,
    "environmental_protection": 4,
    "flags": [ "VARSIZE", "WATERPROOF", "STURDY", "OUTER" ]
  },
  {
    "id": "megaarmor_gloves_1",
    "type": "ARMOR",
    "category": "armor",
    "name": "PRM海军陆战队手套",
    "name_plural": "PRM海军陆战队手套",
    "description": "一副印有PRM标志的黑色手套，非常轻薄可以紧贴在皮肤上，不会影响双手的灵活性。",
    "weight": 250,
    "volume": 2,
    "price": 150000,
    "to_hit": 2,
    "material": [ "spess_plastic", "leather" ],
    "looks_like": "gloves_tactical",
    "symbol": "[",
    "color": "ltgray",
    "covers": [ "HANDS" ],
    "coverage": 90,
    "encumbrance": 12,
    "warmth": 15,
    "material_thickness": 2,
    "environmental_protection": 2,
    "flags": [ "VARSIZE", "STURDY", "SKINTIGHT", "WATERPROOF" ]
  },
  {
    "id": "megaarmor_armguards_1",
    "type": "ARMOR",
    "name": "PRM海军陆战队护臂",
    "name_plural": "PRM海军陆战队护臂",
    "description": "PRM海军陆战队护臂，可以在寒冷的环境下保护自己的手臂并且具有防火功能，稍微会影响一点手臂的灵活性。",
    "weight": 190,
    "volume": 2,
    "price": 250000,
    "material": [ "spess_plastic", "neoprene" ],
    "looks_like": "armguard_soft",
    "symbol": "[",
    "color": "ltgreen",
    "covers": [ "ARMS" ],
    "coverage": 96,
    "encumbrance": 6,
    "warmth": 25,
    "material_thickness": 2,
    "environmental_protection": 2,
    "flags": [ "SKINTIGHT", "STURDY", "WATERPROOF" ]
  },
  {
    "id": "helmet_bone_megabear",
    "type": "ARMOR",
    "category": "armor",
    "name": "象熊头盔",
    "description": "利用象熊头骨制作而成的头盔。可以保护头部及眼部。",
    "weight": 1683,
    "volume": 18,
    "price": 73000,
    "to_hit": -2,
    "bashing": 2,
    "material": [ "bone" ],
    "looks_like": "helmet_bone",
    "symbol": "]",
    "color": "white",
    "covers": [ "HEAD", "EYES" ],
    "coverage": 80,
    "encumbrance": 22,
    "warmth": 10,
    "material_thickness": 5,
    "environmental_protection": 3,
    "flags": [ "VARSIZE", "WATERPROOF", "STURDY", "FANCY" ]
  },
  {
    "id": "vest_leather_zuicide_short",
    "type": "TOOL_ARMOR",
    "name": "自杀式炸弹背心",
    "description": "缝有烈性炸药的皮背心。激活它来启动炸药，过不了多久它就会爆炸。",
    "weight": 1135,
    "volume": 11,
    "price": 5500,
    "to_hit": 1,
    "material": [ "leather" ],
    "symbol": "[",
    "color": "brown",
    "covers": [ "TORSO" ],
    "coverage": 90,
    "encumbrance": 8,
    "storage": 6,
    "warmth": 20,
    "material_thickness": 3,
    "environmental_protection": 1,
    "use_action": {
      "target": "vest_leather_zuicide_short_active",
      "target_charges": 60,
      "active": true,
      "moves": 200,
      "type": "transform"
    },
    "flags": [ "VARSIZE", "POCKETS", "OUTER" ]
  },
  {
    "id": "vest_leather_zuicide_short_active",
    "type": "TOOL_ARMOR",
    "name": "自杀式炸弹背心",
    "description": "炸药已经启动了。",
    "weight": 1135,
    "volume": 11,
    "price": 5500,
    "to_hit": 1,
    "material": [ "leather" ],
    "symbol": "[",
    "color": "brown",
    "initial_charges": 60,
    "max_charges": 120,
    "turns_per_charge": 1,
    "covers": [ "TORSO" ],
    "coverage": 90,
    "encumbrance": 8,
    "storage": 6,
    "warmth": 20,
    "material_thickness": 3,
    "environmental_protection": 1,
    "use_action": {
      "type": "explosion",
      "sound_volume": 2,
      "sound_msg": "-滴答- -滴答-.",
      "no_deactivate_msg": "懦夫!!",
      "explosion": { "power": 40, "shrapnel": 3 }
    },
    "flags": [ "VARSIZE", "POCKETS", "OUTER" ]
  },
  {
    "id": "sac_purse",
    "type": "TOOL_ARMOR",
    "category": "clothing",
    "name": "小水袋（躯干）",
    "description": "小型储水袋，可以用来存放密封液体。通过绳子捆绑在躯干位置，可以通过调整改变穿戴部位。",
    "weight": 182,
    "volume": 0,
    "price": 7500,
    "to_hit": -3,
    "bashing": 1,
    "rigid": false,
    "material": "veggy",
    "looks_like": "waterskin2",
    "symbol": "o",
    "color": "green",
    "sub": "clay_canister",
    "covers": [ "TORSO" ],
    "coverage": 2,
    "encumbrance": 0,
    "material_thickness": 1,
    "container_data": { "contains": 1, "seals": true, "watertight": true },
    "use_action": { "target": "sac_purse_arm", "msg": "你花了点时间调整了绳子。", "type": "transform" },
    "flags": [ "BULKY", "FRAGILE" ]
  },
  {
    "id": "sac_purse_arm",
    "type": "TOOL_ARMOR",
    "category": "clothing",
    "name": "小水袋（手臂）",
    "description": "小型储水袋，可以用来存放密封液体。通过绳子捆绑在手臂位置，可以通过调整改变穿戴部位。",
    "weight": 182,
    "volume": 0,
    "price": 7500,
    "to_hit": -3,
    "bashing": 1,
    "rigid": false,
    "material": "veggy",
    "symbol": "o",
    "color": "green",
    "sub": "clay_canister",
    "covers": [ "ARM_EITHER" ],
    "coverage": 2,
    "encumbrance": 0,
    "material_thickness": 1,
    "container_data": { "contains": 1, "seals": true, "watertight": true },
    "use_action": { "target": "sac_purse_leg", "msg": "你花了点时间调整了绳子。", "type": "transform" },
    "flags": [ "BULKY", "FRAGILE" ]
  },
  {
    "id": "sac_purse_leg",
    "type": "TOOL_ARMOR",
    "category": "clothing",
    "name": "小水袋（腿部）",
    "description": "小型储水袋，可以用来存放密封液体。通过绳子捆绑在腿部位置，可以通过调整改变穿戴部位。",
    "weight": 182,
    "volume": 0,
    "price": 7500,
    "to_hit": -3,
    "bashing": 1,
    "rigid": false,
    "material": "veggy",
	"looks_like": "waterskin",
    "symbol": "o",
    "color": "green",
    "sub": "clay_canister",
    "covers": [ "LEG_EITHER" ],
    "coverage": 2,
    "encumbrance": 0,
    "material_thickness": 1,
    "container_data": { "contains": 1, "seals": true, "watertight": true },
    "use_action": {
      "target": "sac_purse_ankle",
      "msg": "你花了点时间调整了绳子。",
      "type": "transform"
    },
    "flags": [ "BULKY", "FRAGILE" ]
  },
  {
    "id": "sac_purse_ankle",
    "type": "TOOL_ARMOR",
    "category": "clothing",
    "name": "小水袋（脚掌）",
    "description": "小型储水袋，可以用来存放密封液体。通过绳子捆绑在脚掌位置，可以通过调整改变穿戴部位。",
    "weight": 182,
    "volume": 0,
    "price": 7500,
    "to_hit": -3,
    "bashing": 1,
    "rigid": false,
    "material": "veggy",
    "symbol": "o",
    "color": "green",
    "sub": "clay_canister",
    "covers": [ "FOOT_EITHER" ],
    "coverage": 2,
    "encumbrance": 0,
    "material_thickness": 1,
    "container_data": { "contains": 1, "seals": true, "watertight": true },
    "use_action": { "target": "sac_purse", "msg": "你花了点时间调整了绳子。", "type": "transform" },
    "flags": [ "BULKY", "FRAGILE" ]
  },
  {
    "id": "sac_purse_clean_water_ankle",
    "type": "TOOL_ARMOR",
    "category": "food",
    "name": "密封小水袋（脚掌）",
    "description": "一袋密封的水。开启后可以饮用。",
    "weight": 265,
    "volume": 1,
    "price": 7500,
    "material": "veggy",
    "symbol": "o",
    "color": "cyan_green",
    "revert_to": "sac_purse",
    "covers": [ "FOOT_EITHER" ],
    "coverage": 3,
    "encumbrance": 1,
    "material_thickness": 1,
    "flags": [ "WAIST", "FRAGILE" ]
  },
  {
    "id": "sac_purse_clean_water",
    "type": "TOOL_ARMOR",
    "category": "food",
    "name": "密封小水袋（躯干）",
    "description": "一袋密封的水。开启后可以饮用。",
    "weight": 265,
    "volume": 1,
    "price": 7500,
    "material": "veggy",
	"looks_like": "waterskin2",
    "symbol": "o",
    "color": "cyan_green",
    "comestible_type": "FOOD",
    "charges": 1,
    "nutrition": 0,
    "quench": 50,
    "revert_to": "sac_purse",
    "covers": [ "TORSO" ],
    "coverage": 3,
    "encumbrance": 1,
    "material_thickness": 1,
    "flags": [ "WAIST", "FRAGILE", "EATEN_COLD" ]
  },
  {
    "id": "sac_purse_clean_water_leg",
    "type": "TOOL_ARMOR",
    "category": "food",
    "name": "密封小水袋（腿部）",
    "description": "一袋密封的水。开启后可以饮用。",
    "weight": 265,
    "volume": 1,
    "price": 7500,
    "material": "veggy",
	"looks_like": "waterskin",
    "symbol": "o",
    "color": "cyan_green",
    "comestible_type": "FOOD",
    "charges": 1,
    "quench": 50,
    "healthy": 0,
    "fun": 0,
    "spoils_in": 0,
    "revert_to": "sac_purse_leg",
    "covers": [ "LEG_EITHER" ],
    "coverage": 3,
    "encumbrance": 1,
    "material_thickness": 1,
    "flags": [ "WAIST", "FRAGILE", "EATEN_COLD" ]
  },
  {
    "id": "sac_purse_clean_water_arm",
    "type": "TOOL_ARMOR",
    "category": "food",
    "name": "密封小水袋（手臂）",
    "description": "一袋密封的水。开启后可以饮用。",
    "weight": 265,
    "volume": 1,
    "price": 7500,
    "material": "veggy",
    "symbol": "o",
    "color": "cyan_green",
    "comestible_type": "FOOD",
    "charges": 1,
    "quench": 50,
    "healthy": 0,
    "fun": 0,
    "spoils_in": 0,
    "revert_to": "sac_purse_arm",
    "covers": [ "ARM_EITHER" ],
    "coverage": 3,
    "encumbrance": 1,
    "material_thickness": 1,
    "flags": [ "WAIST", "FRAGILE", "EATEN_COLD" ]
  },
  {
    "type": "ARMOR",
    "id": "swat_shield",
    "name": "战术护盾",
    "description": "这个防弹护盾相当笨重，但是可以很好的保护盾牌后面的人。当你举起盾牌后，它将闹闹的护在你的身前保护你。",
    "weight": 8840,
    "color": "dkgray",
    "covers": [ "HAND_EITHER" ],
    "price": 800000,
    "material": [ "hardsteel", "plastic" ],
	"looks_like": "waterskin",
    "volume": 18,
    "to_hit": -1,
    "encumbrance": 22,
    "bashing": 8,
    "symbol": "{",
    "flags": [ "OVERSIZE", "RESTRICT_HANDS", "ALLOWS_NATURAL_ATTACKS", "BLOCK_WHILE_WORN" ],
    "techniques": [ "WBLOCK_3", "BRUTAL" ],
    "coverage": 45,
    "material_thickness": 2,
    "use_action": { "type": "transform", "msg": "战术护盾被举了起来。", "target": "swat_shield_act" }
  },
  {
    "type": "ARMOR",
    "id": "swat_shield_act",
    "name": "战术护盾 (防御)",
    "description": "这个防弹护盾相当笨重，但是可以很好的保护盾牌后面的人。它目前正在使用中，并且会减慢您的速度。",
    "weight": 8840,
    "color": "dkgray",
    "covers": [ "TORSO", "LEGS", "EYES", "MOUTH", "ARMS", "HANDS" ],
    "price": 800000,
    "material": [ "hardsteel", "plastic" ],
    "volume": 18,
    "to_hit": -1,
    "encumbrance": 26,
    "symbol": "{",
    "flags": [ "OVERSIZE", "RESTRICT_HANDS", "ALLOWS_NATURAL_ATTACKS", "BLOCK_WHILE_WORN" ],
    "techniques": [ "WBLOCK_3", "BRUTAL" ],
    "coverage": 80,
    "material_thickness": 2,
    "use_action": { "type": "transform", "msg": "战术护盾被放了下去。", "target": "swat_shield" }
  },
  {
    "id": "kevlar_tee",
    "type": "ARMOR",
    "category": "armor",
    "name": "简易凯夫拉汗衫",
    "description": "一件混合了凯夫拉材质的汗衫，非常轻便，据用很轻微的防弹效果。适合贴身穿戴。",
    "weight": 2924,
    "volume": 24,
    "price": 80000,
    "to_hit": -3,
    "bashing": 6,
    "material": [ "kevlar" ],
	"looks_like": "kevlar",
    "symbol": "[",
    "color": "light_gray",
    "covers": [ "TORSO" ],
    "coverage": 85,
    "encumbrance": 4,
    "warmth": 20,
    "material_thickness": 3,
    "flags": [ "STURDY", "SKINTIGHT" ]
  },
  {
    "id": "armguard_larmor_mod",
    "type": "ARMOR",
    "category": "armor",
    "name": "装甲皮质护臂",
    "name_plural": "装甲皮质护臂",
    "description": "一双结实的装甲皮质护臂。轻便舒适，用废金属进行了关键部位的加固。",
    "weight": 1130,
    "volume": 9,
    "price": 4000,
    "to_hit": 1,
    "material": [ "leather", "iron" ],
	"looks_like": "armguard_larmor",
    "symbol": "[",
    "color": "brown",
    "covers": [ "ARMS" ],
    "coverage": 92,
    "encumbrance": 16,
    "warmth": 25,
    "material_thickness": 3,
    "environmental_protection": 2,
    "flags": [ "STURDY", "BLOCK_WHILE_WORN", "BULKY", "BELTED" ]
  }
]
