[
  {
    "id": "bomblet_launcher_single",
    "type": "GUN",
    "name": "小型榴弹发射器",
    "description": "自制的小型榴弹发射器，利用一个木质支架支撑发射筒，以此组成一个简易的小型榴弹发射器。",
    "weight": 1514,
    "volume": 5,
    "price": 45000,
    "to_hit": -1,
    "bashing": 12,
    "material": [ "steel", "wood" ],
	"looks_like": "launcher_simple",
    "symbol": ")",
    "color": "ltred",
    "ammo": "bomblet",
    "skill": "launcher",
    "range": 1,
    "dispersion": 50,
    "sight_dispersion": 50,
    "recoil": 35,
    "durability": 7,
    "clip_size": 1,
    "reload": 300,
    "valid_mod_locations": [ [ "accessories", 1 ] ],
    "ammo_effects": [ "DRAW_AS_LINE" ],
    "flags": [ "NEVER_JAMS", "RELOAD_ONE" ]
  },
  {
    "id": "bomblet_launcher_double",
    "type": "GUN",
    "name": "双管小型榴弹发射器",
    "description": "自制的双管小型榴弹发射器，它可以同时发射两发小型榴弹，配备了一个简易瞄准器，可以有限的调整发射角度。",
    "weight": 1690,
    "volume": 6,
    "price": 95000,
    "to_hit": -2,
    "bashing": 10,
    "material": [ "steel", "wood" ],
	"looks_like": "launcher_simple",
    "symbol": ")",
    "color": "magenta",
    "ammo": "bomblet",
    "skill": "launcher",
    "range": 2,
    "dispersion": 50,
    "sight_dispersion": 50,
    "recoil": 30,
    "durability": 7,
    "burst": 2,
    "clip_size": 2,
    "reload": 250,
    "valid_mod_locations": [ [ "accessories", 4 ], [ "sights", 1 ], [ "stock", 1 ] ],
    "ammo_effects": [ "DRAW_AS_LINE" ],
    "flags": [ "MODE_BURST", "NEVER_JAMS", "RELOAD_ONE" ]
  },
  {
    "id": "bomblet_launcher_rotary",
    "type": "GUN",
    "name": "PRMP4胡椒枪",
    "description": "PRMP4胡椒枪是一把能单发也能连发的小型榴弹重武器。这把枪可以用来压制步兵小队，也可以有效地平息暴乱。",
    "weight": 3259,
    "volume": 10,
    "price": 210000,
    "to_hit": -1,
    "bashing": 11,
    "material": [ "steel", "plastic" ],
	"looks_like": "mgl",
    "symbol": ")",
    "color": "magenta",
    "ammo": "bomblet",
    "skill": "launcher",
    "range": 5,
    "dispersion": 20,
    "sight_dispersion": 20,
    "recoil": 20,
    "durability": 10,
    "burst": 4,
    "clip_size": 24,
    "reload": 150,
    "valid_mod_locations": [
      [ "accessories", 4 ],
      [ "grip", 1 ],
      [ "mechanism", 4 ],
      [ "rail", 1 ],
      [ "sights", 1 ],
      [ "stock", 1 ],
      [ "underbarrel", 1 ]
    ],
    "ammo_effects": [ "DRAW_AS_LINE" ],
    "flags": [ "MODE_BURST", "NEVER_JAMS", "RELOAD_ONE" ]
  },
  {
    "id": "bomblet_launcher_dualshot",
    "type": "GUN",
    "name": "PRMP2裁决枪",
    "description": "PRMP2仲裁者的设计目的是为小分队作战提供支持，它是一种能够单手也可多发的小型榴弹重武器。在可以承载更多弹药容量的前提下，也变向增加了装弹时间和后坐力。。",
    "weight": 1642,
    "volume": 3,
    "price": 175000,
    "to_hit": -3,
    "bashing": 10,
    "material": [ "steel", "plastic" ],
	"looks_like": "m79",
    "symbol": ")",
    "color": "ltred",
    "ammo": "bomblet",
    "skill": "launcher",
    "range": 5,
    "dispersion": 20,
    "sight_dispersion": 20,
    "recoil": 55,
    "durability": 6,
    "burst": 2,
    "clip_size": 6,
    "reload": 200,
    "valid_mod_locations": [ [ "accessories", 4 ], [ "grip", 1 ], [ "rail", 1 ], [ "sights", 1 ], [ "stock", 1 ] ],
    "built_in_mods": [ "bomblet_undermod" ],
    "ammo_effects": [ "DRAW_AS_LINE" ],
    "flags": [ "MODE_BURST", "NEVER_JAMS", "RELOAD_ONE" ]
  },
  {
    "id": "bomblet_launcher_brute",
    "type": "GUN",
    "name": "25式小型榴弹发射器",
    "description": "25式小型榴弹发射器，可以安装小型榴弹弹匣，所以武器重量会大幅提高。同时武器后坐力大幅降低，方便携带使用。",
    "weight": 10052,
    "volume": 24,
    "price": 280000,
    "to_hit": 1,
    "bashing": 18,
    "cutting": 36,
    "material": [ "steel", "spess_plastic" ],
	"looks_like": "mark19",
    "symbol": ")",
    "color": "red",
    "ammo": "bomblet",
    "skill": "launcher",
    "range": 10,
    "dispersion": 20,
    "sight_dispersion": 30,
    "recoil": 10,
    "durability": 10,
    "reload": 100,
    "valid_mod_locations": [ [ "accessories", 4 ], [ "grip", 1 ], [ "rail", 1 ], [ "underbarrel", 1 ] ],
    "ammo_effects": [ "DRAW_AS_LINE" ],
    "magazine_well": 2,
    "magazines": [ [ "bomblet", [ "brute_shot_mag" ] ] ],
    "techniques": [ "WIDE", "BRUTAL", "heavy_blow" ]
  },
  {
    "id": "bomblet_undermod",
    "type": "GUNMOD",
    "name": "下挂式小型榴弹发射器",
    "description": "可以容纳3颗小型榴弹的下挂式发射器。发射器及小型榴弹的重量将会降低武器本身的准确度。",
    "weight": 972,
    "volume": 3,
    "price": 90000,
    "material": "steel",
    "symbol": ":",
    "color": "i_magenta",
    "location": "underbarrel",
    "mod_targets": [ "rifle", "crossbow", "shotgun", "launchers" ],
    "gun_data": {
      "ammo": "bomblet",
      "skill": "launcher",
      "dispersion": 20,
      "sight_dispersion": 1,
      "recoil": 50,
      "durability": 10,
      "clip_size": 3,
      "reload": 150,
      "flags": [ "NEVER_JAMS", "RELOAD_ONE" ]
    },
    "dispersion_modifier": 40,
    "min_skills": [ [ "gun", 3 ] ]
  },
  {
    "id": "shockcannon",
    "type": "GUN",
    "name": "电击炮",
    "description": "一把相当笨重的电击炮，使用它可以发射一阵狂暴的电流，使被击中或者在附近的敌人瘫痪。可以通过改装后换成UPS或者核能钚电池供电。",
    "weight": 4542,
    "volume": 23,
    "price": 175000,
    "to_hit": -3,
    "bashing": 10,
    "material": [ "spess_plastic", "plastic" ],
	"looks_like": "laser_cannon",
    "symbol": "v",
    "color": "white_yellow",
    "ammo": "battery",
    "skill": "launcher",
    "range": 5,
    "ranged_damage": 5,
    "pierce": 100,
    "dispersion": 200,
    "sight_dispersion": 100,
    "recoil": 10,
    "durability": 4,
    "burst": 3,
    "clip_size": 2400,
    "reload": 1,
    "valid_mod_locations": [ [ "accessories", 2 ], [ "grip", 1 ], [ "rail", 1 ] ],
    "ammo_effects": [ "DRAW_AS_LINE", "BEANBAG", "WIDE", "BOUNCE", "LIGHTNING" ],
    "flags": [ "NEVER_JAMS", "FIRE_100", "NO_UNLOAD", "RECHARGE" ]
  },
  {
    "id": "shockcannon_ups",
    "type": "GUN",
    "name": "电击炮（UPS）",
    "description": "一把相当笨重的电击炮，使用它可以发射一阵狂暴的电流，使被击中或者在附近的敌人瘫痪。这把武器已经被改装成使用UPS供能。",
    "weight": 4542,
    "volume": 23,
    "price": 175000,
    "to_hit": -3,
    "bashing": 10,
    "material": [ "spess_plastic", "plastic" ],
	"looks_like": "laser_cannon",
    "symbol": "v",
    "color": "white_yellow",
    "skill": "launcher",
    "range": 5,
    "ranged_damage": 5,
    "pierce": 100,
    "dispersion": 200,
    "sight_dispersion": 100,
    "recoil": 10,
    "durability": 4,
    "burst": 3,
    "ups_charges": 50,
    "valid_mod_locations": [ [ "accessories", 2 ], [ "grip", 1 ], [ "rail", 1 ] ],
    "ammo_effects": [ "DRAW_AS_LINE", "BEANBAG", "WIDE", "BOUNCE", "LIGHTNING" ],
    "flags": [ "USE_UPS", "NEVER_JAMS", "NO_UNLOAD", "RECHARGE" ]
  },
  {
    "id": "shockcannon_plut",
    "type": "GUN",
    "name": "电击炮（钚电池）",
    "description": "一把相当笨重的电击炮，使用它可以发射一阵狂暴的电流，使被击中或者在附近的敌人瘫痪。这把武器已经被改装成使用钚电池供能。",
    "weight": 4542,
    "volume": 23,
    "price": 175000,
    "to_hit": -3,
    "bashing": 10,
    "material": [ "spess_plastic", "plastic" ],
	"looks_like": "laser_cannon",
    "symbol": "v",
    "color": "white_yellow",
    "ammo": "plutonium",
    "skill": "launcher",
    "range": 5,
    "ranged_damage": 5,
    "pierce": 100,
    "dispersion": 200,
    "sight_dispersion": 100,
    "recoil": 10,
    "durability": 4,
    "burst": 3,
    "clip_size": 12000,
    "reload": 1,
    "valid_mod_locations": [ [ "accessories", 2 ], [ "grip", 1 ], [ "rail", 1 ] ],
    "ammo_effects": [ "DRAW_AS_LINE", "BEANBAG", "WIDE", "BOUNCE", "LIGHTNING" ],
    "flags": [ "NEVER_JAMS", "FIRE_50", "NO_UNLOAD" ]
  },
  {
    "id": "410_lever",
    "type": "GUN",
    "name": "Klaxon x410霰弹枪",
    "description": "使用.45弹药的中距离霰弹枪，容纳10发弹药。这把枪可以为现代射击爱好者提供非常稳定和可靠的使用体验。",
    "weight": 1805,
    "volume": 7,
    "price": 175000,
    "to_hit": -2,
    "material": [ "steel", "wood" ],
	"looks_like": "surv_levershotgun",
    "symbol": ")",
    "color": "ltred",
    "ammo": "45",
    "skill": "shotgun",
    "ranged_damage": 2,
    "range": -1,
    "dispersion": 140,
    "durability": 5,
    "clip_size": 10,
    "reload": 50,
    "reload_noise": "click - chak",
    "valid_mod_locations": [ [ "accessories", 2 ], [ "grip", 1 ], [ "mechanism", 1 ], [ "rail", 1 ], [ "sights", 1 ], [ "stock", 1 ] ],
    "flags": [ "NEVER_JAMS", "RELOAD_ONE" ]
  },
  {
    "id": "410_revolver",
    "type": "GUN",
    "name": "5410 Frontier左轮手枪",
    "description": "一把强大的左轮手枪，使用.45口径子弹。作为一把家用防卫武器，用户可以轻松使用。",
    "weight": 715,
    "volume": 3,
    "price": 75000,
    "to_hit": -2,
    "material": [ "steel" ],
	"looks_like": "ruger_redhawk",
    "symbol": ")",
    "color": "ltred",
    "ammo": "45",
    "skill": "pistol",
    "ranged_damage": 2,
    "range": -1,
    "dispersion": 210,
    "durability": 9,
    "clip_size": 6,
    "reload": 80,
    "valid_mod_locations": [
      [ "accessories", 2 ],
      [ "barrel", 1 ],
      [ "grip", 1 ],
      [ "rail", 1 ],
      [ "sights", 1 ],
      [ "stock", 1 ],
      [ "underbarrel", 1 ]
    ],
    "flags": [ "NEVER_JAMS", "RELOAD_ONE" ]
  },
  {
    "id": "ithaca_doom",
    "copy-from": "shotgun_pump",
    "type": "GUN",
    "name": "伊萨卡2021霰弹枪",
    "description": "一把伊萨卡公司生产的霰弹枪，以私人射击和家庭防卫为用途专门设计。射击速度较慢，只有半自动射击模式。",
    "weight": 3066,
    "volume": 6,
    "price": 200000,
    "to_hit": -2,
    "bashing": 6,
    "material": [ "steel", "plastic" ],
    "symbol": ")",
    "color": "pink",
    "ammo": "shot",
    "skill": "shotgun",
    "range": 3,
    "ranged_damage": -1,
    "dispersion": 45,
    "recoil": 70,
    "durability": 7,
    "clip_size": 12,
    "reload": 120,
    "flags": [ "NEVER_JAMS", "RELOAD_ONE" ],
    "valid_mod_locations": [
      [ "accessories", 4 ],
      [ "barrel", 1 ],
      [ "bore", 1 ],
      [ "grip", 1 ],
      [ "mechanism", 4 ],
      [ "muzzle", 1 ],
      [ "rail", 1 ],
      [ "sights", 1 ]
    ]
  },
  {
    "id": "ithaca_doom_dual",
    "copy-from": "shotgun_pump",
    "type": "GUN",
    "name": "伊萨卡全自动霰弹枪",
    "description": "一把伊萨卡公司生产的全自动霰弹枪，这把轻质霰弹枪可以容纳12发子弹，大大增加了射击速度。",
    "weight": 2466,
    "volume": 6,
    "price": 200000,
    "to_hit": -2,
    "bashing": 6,
    "material": [ "steel", "aluminum" ],
    "symbol": ")",
    "color": "pink",
    "ammo": "shot",
    "skill": "shotgun",
    "ranged_damage": 3,
    "dispersion": 95,
    "recoil": 350,
    "durability": 9,
    "burst": 2,
    "clip_size": 12,
    "reload": 130,
    "flags": [ "MODE_BURST", "NEVER_JAMS", "RELOAD_ONE" ],
    "valid_mod_locations": [ [ "accessories", 4 ], [ "bore", 1 ], [ "muzzle", 1 ], [ "sights", 1 ], [ "stock", 1 ] ]
  },
  {
    "id": "BFG",
    "type": "GUN",
    "symbol": ")",
    "color": "green",
    "name": "BFG 2041-2等离子炮",
    "name_plural": "BFG 2041-2等离子炮",
    "description": "BFG 2041-2等离子炮，利用粒子加速发射BFG等离子炮弹，炮弹在移动的过程之中将会不断散发巨大的能量，击中目标后会引发亚核爆。",
    "price": 12500000,
    "material": [ "spess_plastic", "steel" ],
    "flags": [ "DRAW_AS_LINE", "NO_UNLOAD", "NEVER_JAMS", "RELOAD_ONE", "WATERPROOF_GUN" ],
    "skill": "launcher",
    "ammo": "bfg_plutonium",
    "weight": 9200,
    "volume": 16,
    "to_hit": -3,
    "dispersion": 200,
    "durability": 9,
    "clip_size": 2,
    "reload": 350
  }
]
