[
  {
    "id": "bomblet_launcher_chickenbot",
    "type": "GUN",
    "name": "小鸡炸弹发射器（怪物武器）",
    "description": "咯咯咯咯咯咯咯咯",
    "material": [ "steel", "plastic" ],
    "symbol": ")",
    "color": "magenta",
    "ammo": "bomblet",
    "skill": "launcher",
    "range": 50,
    "dispersion": 350,
    "sight_dispersion": 350,
    "recoil": 100,
    "durability": 10,
    "burst": 8,
    "clip_size": 24,
    "reload": 150,
    "ammo_effects": [ "DRAW_AS_LINE", "LASER", "WIDE" ],
    "flags": [ "MODE_BURST", "NEVER_JAMS" ]
  },
  {
    "id": "hell_ball",
    "type": "GUN",
    "name": "地狱球射手（怪物武器）",
    "description": "这是一只小恶魔的手，你可以看到这是一个bug。",
    "weight": 10,
    "volume": 1,
    "price": 720000,
    "to_hit": 1,
    "cutting": 5,
    "material": [ "flesh" ],
    "symbol": "&",
    "color": "ltred",
    "ammo": "shot",
    "skill": "pistol",
    "range": 20,
    "ranged_damage": 5,
    "pierce": 5,
    "dispersion": 200,
    "sight_dispersion": 200,
    "recoil": 50,
    "durability": 10,
    "loudness": 1,
    "clip_size": 666,
    "reload": 75,
    "ammo_effects": [ "BLINDS_EYES" ],
    "flags": [ "NO_AMMO", "NEVER_JAMS", "NO_UNLOAD" ]
  },
  {
    "id": "hell_plasma",
    "type": "GUN",
    "name": "地狱火等离子枪（怪物武器）",
    "description": "这是一个你能看见的bug，尽管如此，它还是等离子体和致命的。",
    "weight": 2267,
    "volume": 14,
    "price": 980000,
    "to_hit": -1,
    "bashing": 10,
    "material": [ "steel", "plastic" ],
    "symbol": "&",
    "color": "magenta",
    "ammo": "plutonium",
    "skill": "rifle",
    "ranged_damage": 15,
    "dispersion": 50,
    "sight_dispersion": 50,
    "recoil": 50,
    "durability": 10,
    "loudness": 1,
    "clip_size": 1,
    "reload": 300,
    "ammo_effects": [ "PLASMA", "NEVER_MISFIRES", "BLINDS_EYES" ],
    "flags": [ "NEVER_JAMS", "NO_AMMO", "NO_UNLOAD" ]
  },
  {
    "id": "hell_launcher",
    "type": "GUN",
    "name": "牛魔火箭发射器（怪物武器）",
    "description": "这是一个你能看见的bug，他是牛魔用来攻击发射火箭的武器。",
    "weight": 14000,
    "volume": 100,
    "price": 2000000,
    "to_hit": -5,
    "bashing": 50,
    "material": "steel",
    "symbol": "V",
    "color": "ltgray",
    "ammo": "66mm",
    "skill": "launcher",
    "dispersion": 1300,
    "sight_dispersion": 200,
    "recoil": 500,
    "durability": 10,
    "burst": 3,
    "loudness": 1,
    "clip_size": 6,
    "reload": 1000,
    "flags": [ "NO_UNLOAD", "BACKBLAST", "NEVER_JAMS" ]
  },
  {
    "id": "hell_laser_gun",
    "type": "GUN",
    "name": "蜘蛛激光器（怪物武器）",
    "description": "安装在机械蜘蛛上的武器，这是一个你能看见的bug。",
    "weight": 5140,
    "volume": 6,
    "price": 400000,
    "to_hit": -1,
    "bashing": 4,
    "material": [ "steel", "plastic" ],
    "symbol": "(",
    "color": "magenta",
    "ammo": "fusion",
    "skill": "rifle",
    "dispersion": 75,
    "sight_dispersion": 100,
    "recoil": 0,
    "durability": 7,
    "burst": 4,
    "loudness": 1,
    "clip_size": 666,
    "reload": 200,
    "ammo_effects": [ "LASER" ],
    "flags": [ "NO_AMMO", "NO_UNLOAD" ]
  },
  {
    "id": "hell_laser_gun_queen",
    "type": "GUN",
    "name": "蜘蛛女王激光器（怪物武器）",
    "description": "安装在蜘蛛女王身上的激光发射器。",
    "weight": 15140,
    "volume": 12,
    "price": 400000,
    "to_hit": -1,
    "bashing": 4,
    "material": [ "steel", "plastic" ],
    "symbol": "(",
    "color": "magenta",
    "ammo": "fusion",
    "skill": "rifle",
    "dispersion": 250,
    "sight_dispersion": 100,
    "durability": 7,
    "burst": 9,
    "loudness": 1,
    "clip_size": 666,
    "reload": 200,
    "flags": [ "NO_AMMO", "NO_UNLOAD" ]
  },
  {
    "id": "hell_laser_napalm",
    "type": "GUN",
    "name": "凝固汽油弹发射器（怪物武器）",
    "description": "安装在马库巴斯身上的汽油弹发射器。",
    "weight": 5140,
    "volume": 20,
    "price": 400000,
    "to_hit": -3,
    "bashing": 15,
    "material": [ "steel", "plastic" ],
    "symbol": "^",
    "color": "magenta",
    "ammo": "gasoline",
    "skill": "launcher",
    "dispersion": 650,
    "sight_dispersion": 400,
    "recoil": 400,
    "durability": 7,
    "burst": 2,
    "loudness": 1,
    "clip_size": 666,
    "reload": 400,
    "flags": [ "NO_AMMO", "NO_UNLOAD" ]
  }
]
