[
  {
    "type": "GENERIC",
    "id": "sword_nail",
    "symbol": "!",
    "color": "light_gray",
    "name": "诺德剑",
    "description": "钉齿剑，亦称诺德剑。这把木剑从剑刃上伸出很多歪歪扭扭的钉子，使其相较于挥砍更适合用于硬劈。",
    "material": "wood",
    "volume": 7,
    "weight": 648,
    "bashing": 12,
    "cutting": 4,
    "to_hit": 1,
    "techniques": [ "WBLOCK_1" ]
  },
  {
    "id": "ax",
    "type": "TOOL",
    "name": "伐木斧",
    "description": "巨大的双手斧。是个优秀的近战武器，至于速度比较慢，请不要在意这些细节。",
    "weight": 2267,
    "volume": 10,
    "price": 10500,
    "to_hit": 1,
    "bashing": 20,
    "cutting": 14,
    "material": [ "wood", "steel" ],
    "techniques": [ "heavy_blow", "stuck_in_1", "stuck_in_2", "stuck_in_3" ],
    "symbol": "/",
    "color": "light_gray",
    "qualities": [ [ "AXE", 3 ] ],
    "flags": [ "NONCONDUCTIVE" ]
  },
  {
    "id": "battleaxe",
    "type": "TOOL",
    "category": "weapons",
    "name": "战斧",
    "description": "一柄起源于欧洲的战斧，长长的斧柄的一端装有双头斧刃。虽然只建议作为武器使用，但也可以勉强当作一把相当笨拙的伐木工具。",
    "weight": 2002,
    "volume": 10,
    "price": 40000,
    "to_hit": 1,
    "bashing": 20,
    "cutting": 30,
    "material": [ "steel", "wood" ],
    "techniques": [ "WIDE", "BRUTAL", "stuck_in_1", "stuck_in_2", "stuck_in_3" ],
    "symbol": "/",
    "color": "light_gray",
    "qualities": [ [ "AXE", 2 ] ],
    "flags": [ "DURABLE_MELEE", "NONCONDUCTIVE" ]
  },
  {
    "id": "battletorch",
    "copy-from": "battletorch",
    "type": "TOOL",
    "category": "weapons",
    "name": "路易维尔屠杀者",
    "description": "一支结实的木棒，由浸满汽油的破布和防火芳纶纤维包裹。找个打火机或者划根火柴点着它，比赛更加激烈了！",
    "weight": 1485,
    "volume": 8,
    "price": 16000,
    "to_hit": 3,
    "bashing": 18,
    "material": [ "wood", "nomex" ],
    "techniques": [ "WBLOCK_1", "repose" ],
    "flags": [ "DURABLE_MELEE" ]
  },
  {
    "id": "battletorch_lit",
    "copy-from": "battletorch_lit",
    "type": "TOOL",
    "category": "weapons",
    "name": "路易维尔屠杀者（点燃）",
    "name_plural": "路易维尔屠杀者（点燃）",
    "description": "一支结实的木棒，由浸满汽油的破布和防火芳纶纤维包裹。它正明亮地燃烧着，你能更清楚的看清赛场边界了（当然裁判也能看清你的坏球而不是胡乱判为好球了）。",
    "weight": 1485,
    "volume": 8,
    "price": 16000,
    "to_hit": 3,
    "bashing": 18,
    "material": [ "wood", "nomex" ],
    "techniques": [ "WBLOCK_1", "repose" ],
    "flags": [ "FIRE", "LIGHT_310", "CHARGEDIM", "FLAMING", "DURABLE_MELEE", "TRADER_AVOID" ]
  },
  {
    "id": "broadfire_off",
    "type": "TOOL",
    "category": "weapons",
    "name": "御火者（关）",
    "name_plural": "御火者（关）",
    "description": "在黑暗时代用来解决冲突的两个经典象征的组合---大刀和火炬。将它点燃，告诉那些毫无信仰的丧尸，谁才是这里的主人。",
    "weight": 1474,
    "volume": 9,
    "price": 120000,
    "to_hit": 1,
    "bashing": 8,
    "cutting": 35,
    "material": "steel",
    "symbol": "/",
    "color": "light_gray",
    "ammo": "gasoline",
    "max_charges": 50,
    "techniques": [ "WBLOCK_2", "stuck_in_2" ],
    "use_action": {
      "type": "fireweapon_off",
      "target_id": "broadfire_on",
      "moves": 10,
      "noise": 10,
      "success_message": "冲锋！！",
      "lacks_fuel_message": "实在是冲不动了！"
    },
    "flags": [ "DURABLE_MELEE", "SHEATH_SWORD" ]
  },
  {
    "id": "broadfire_on",
    "type": "TOOL",
    "category": "weapons",
    "name": "御火者（开）",
    "name_plural": "御火者（开）",
    "description": "一个将中世纪用来解决麻烦的典范——大刀和火炬——组合起来的武器，刀刃因为高温而发光，令圣剑都黯然失色！使用它来关闭。",
    "weight": 1474,
    "volume": 9,
    "price": 120000,
    "to_hit": 1,
    "bashing": 8,
    "cutting": 35,
    "material": "steel",
    "symbol": "/",
    "color": "red",
    "ammo": "gasoline",
    "max_charges": 50,
    "turns_per_charge": 30,
    "revert_to": "broadfire_off",
    "techniques": [ "WBLOCK_2", "stuck_in_2" ],
    "use_action": [
      {
        "type": "fireweapon_on",
        "noise_chance": 35,
        "noise_message": "你的刀刃为战而燃！",
        "voluntary_extinguish_message": "是时候逃跑了！",
        "charges_extinguish_message": "这股力量消退了！",
        "water_extinguish_message": "你手中的剑在水中嘶嘶作响，熄灭了。"
      },
      { "type": "firestarter", "moves": 30 }
    ],
    "flags": [ "FIRE", "LIGHT_240", "CHARGEDIM", "FLAMING", "DURABLE_MELEE", "TRADER_AVOID" ]
  },
  {
    "id": "broadsword",
    "type": "TOOL",
    "category": "weapons",
    "name": "阔剑",
    "description": "一种早期的现代剑，在16到18世纪的西方被广泛使用。之所以命名为阔剑，是为了与细长的刺剑对比。",
    "weight": 1133,
    "volume": 7,
    "price": 120000,
    "to_hit": 2,
    "bashing": 8,
    "cutting": 35,
    "material": "steel",
    "symbol": "/",
    "color": "light_gray",
    "techniques": [ "WBLOCK_1", "stuck_in_2" ],
    "qualities": [ [ "CUT", 1 ], [ "BUTCHER", 9 ] ],
    "flags": [ "DURABLE_MELEE", "SHEATH_SWORD" ]
  },
  {
    "id": "copper_ax",
    "type": "TOOL",
    "name": "铜制斧头",
    "description": "一个足够大的经过加工的铜块被安装在一个木制的手柄上，成了一把粗糙但有效的斧头。",
    "weight": 3700,
    "volume": 14,
    "price": 5500,
    "bashing": 18,
    "cutting": 12,
    "material": [ "wood", "copper" ],
    "techniques": [ "repose", "stuck_in_2", "stuck_in_3" ],
    "symbol": "/",
    "color": "brown",
    "qualities": [ [ "AXE", 2 ] ],
    "flags": [ "NONCONDUCTIVE" ]
  },
  {
    "id": "crowbar",
    "type": "TOOL",
    "name": "撬棍",
    "description": "正规工厂制作的标准撬棍，又名物理学圣剑，可以轻易进出别人的家里而不破坏门或者用来开启下水沟井盖，还可以潇洒的敲开丧尸的脑袋。实在是居家旅行的必备之物。激活它来使用。",
    "weight": 500,
    "volume": 4,
    "price": 1300,
    "to_hit": 2,
    "bashing": 14,
    "cutting": 1,
    "material": "steel",
    "techniques": [ "repose", "stuck_in_2" ],
    "symbol": ";",
    "color": "dark_gray",
    "qualities": [ [ "PRY", 2 ] ],
    "use_action": "CROWBAR",
    "flags": [ "BELT_CLIP" ]
  },
  {
    "id": "cutlass",
    "type": "TOOL",
    "category": "weapons",
    "name": "短弯刀",
    "name_plural": "短弯刀",
    "description": "这种阔刃军刀因为普遍被水手与海盗使用而闻名。偏短的刀刃让它在近身时得心应手。",
    "weight": 955,
    "volume": 5,
    "price": 96000,
    "to_hit": 2,
    "bashing": 7,
    "cutting": 27,
    "material": "steel",
    "symbol": "/",
    "color": "dark_gray",
    "techniques": [ "WBLOCK_1", "repose", "stuck_in_2" ],
    "qualities": [ [ "CUT", 1 ], [ "BUTCHER", 9 ] ],
    "flags": [ "DURABLE_MELEE", "SHEATH_SWORD" ]
  },
  {
    "id": "fire_ax",
    "type": "TOOL",
    "name": "消防斧",
    "description": "一把用于清理着火或易燃材料，切断火势蔓延的大斧，还可以劈开被烧变形的门窗，解救被困的人，如今可以用来解救受困于腐烂身体中的痛苦灵魂。烈火雄心，尸海纵横。",
    "weight": 2520,
    "volume": 8,
    "price": 20000,
    "to_hit": 1,
    "bashing": 20,
    "cutting": 20,
    "material": [ "steel", "wood" ],
    "symbol": "/",
    "color": "light_gray",
    "techniques": [ "BRUTAL", "stuck_in_1", "stuck_in_3" ],
    "qualities": [ [ "AXE", 2 ] ],
    "flags": [ "DURABLE_MELEE", "NONCONDUCTIVE" ]
  },
  {
    "id": "machete",
    "type": "TOOL",
    "category": "weapons",
    "name": "砍刀",
    "description": "一柄较短、单刃、刀身宽大，以切砍为主要攻击方式的钢制砍刀。",
    "weight": 538,
    "volume": 4,
    "price": 2800,
    "to_hit": 2,
    "bashing": 6,
    "cutting": 20,
    "material": "steel",
    "symbol": "/",
    "color": "dark_gray",
    "techniques": [ "WBLOCK_1", "stuck_in_1", "stuck_in_2", "stuck_in_3" ],
    "qualities": [ [ "CUT", 1 ], [ "BUTCHER", 15 ] ],
    "flags": [ "DURABLE_MELEE", "SHEATH_SWORD" ]
  },
  {
    "id": "firemachete_off",
    "type": "TOOL",
    "category": "weapons",
    "name": "No. 9 (关)",
    "name_plural": "No. 9's (关)",
    "description": "这把大铁刀已经被改装成具备燃料储存、隔热以及点火系统。当加入汽油，刀刃能被点燃，并可灼烧你的目标。",
    "weight": 1814,
    "volume": 6,
    "price": 28000,
    "to_hit": 1,
    "bashing": 6,
    "cutting": 20,
    "material": "steel",
    "symbol": "/",
    "color": "dark_gray",
    "ammo": "gasoline",
    "max_charges": 50,
    "techniques": [ "WBLOCK_1", "stuck_in_1", "stuck_in_2", "stuck_in_3" ],
    "use_action": {
      "type": "fireweapon_off",
      "target_id": "firemachete_on",
      "moves": 10,
      "noise": 0,
      "success_chance": 2,
      "success_message": "你的No. 9火光冲天！",
      "failure_message": "Click.",
      "lacks_fuel_message": "Click."
    },
    "flags": [ "FIRE", "DURABLE_MELEE", "SHEATH_SWORD" ]
  },
  {
    "id": "firemachete_on",
    "type": "TOOL",
    "category": "weapons",
    "name": "No. 9 (开)",
    "name_plural": "No. 9's (开)",
    "description": "这把大铁刀已经被改装成具备燃料储存、隔热以及点火系统。刀刃因热而发光，让周围变得更亮，同时也变得非常热。",
    "weight": 1814,
    "volume": 6,
    "price": 28000,
    "to_hit": 1,
    "bashing": 6,
    "cutting": 20,
    "material": "steel",
    "symbol": "/",
    "color": "red",
    "ammo": "gasoline",
    "max_charges": 50,
    "turns_per_charge": 30,
    "revert_to": "firemachete_off",
    "techniques": [ "WBLOCK_1", "stuck_in_1", "stuck_in_2", "stuck_in_3" ],
    "use_action": [
      {
        "type": "fireweapon_on",
        "target_id": "firemachete_off",
        "noise": 5,
        "noise_chance": 25,
        "noise_message": "Your No. 9 hisses.",
        "auto_extinguish_chance": 100,
        "auto_extinguish_message": "你的No. 9熄火了！",
        "voluntary_extinguish_message": "你的No. 9变暗了。",
        "charges_extinguish_message": "没汽油了。",
        "water_extinguish_message": "你的No. 9在水中嘶嘶作响，熄灭了。"
      },
      { "type": "firestarter", "moves": 30 }
    ],
    "flags": [ "FIRE", "LIGHT_240", "CHARGEDIM", "FLAMING", "DURABLE_MELEE", "TRADER_AVOID" ]
  },
  {
    "id": "firekatana_off",
    "type": "TOOL",
    "category": "weapons",
    "name": "升阳刀 (关)",
    "name_plural": "升阳刀 (关)",
    "description": "这把武士刀刀锋边缘有着汽油喷嘴。大家喜欢火，人们喜欢武士刀，所以为什么不把它们结合在一起？汽油燃烧器附加在刀刃上可以烧伤敌人。使用它来点火。",
    "weight": 1400,
    "volume": 9,
    "price": 98000,
    "bashing": 4,
    "cutting": 31,
    "material": "steel",
    "symbol": "/",
    "color": "light_gray",
    "ammo": "gasoline",
    "max_charges": 50,
    "techniques": [ "RAPID", "WBLOCK_2", "repose", "stuck_in_2" ],
    "use_action": {
      "type": "fireweapon_off",
      "target_id": "firekatana_on",
      "moves": 10,
      "noise": 10,
      "success_message": "日光升起。",
      "lacks_fuel_message": "时间仿佛静止了，一切都很安静。"
    },
    "flags": [ "FIRE", "DURABLE_MELEE", "SHEATH_SWORD" ]
  },
  {
    "id": "firekatana_on",
    "type": "TOOL",
    "category": "weapons",
    "name": "升阳刀 (开)",
    "name_plural": "升阳刀 (开)",
    "description": "武士刀可以发出愤怒灼热的光，当然这不是因为热，但它仍然像魔鬼一样刺痛。",
    "weight": 1400,
    "volume": 9,
    "price": 98000,
    "bashing": 4,
    "cutting": 31,
    "material": "steel",
    "symbol": "/",
    "color": "red",
    "ammo": "gasoline",
    "max_charges": 50,
    "turns_per_charge": 30,
    "revert_to": "firekatana_off",
    "techniques": [ "RAPID", "WBLOCK_2", "repose", "stuck_in_2" ],
    "use_action": [
      {
        "type": "fireweapon_on",
        "target_id": "firemachete_off",
        "noise_chance": 35,
        "noise_message": "阳光灿烂。",
        "voluntary_extinguish_message": "太阳落下。",
        "charges_extinguish_message": "光线暗淡下来。",
        "water_extinguish_message": "你的剑在水中嘶嘶作响，然后熄灭。"
      }
    ]
  },
  {
    "id": "halligan",
    "type": "TOOL",
    "name": "消防破拆棍",
    "description": "重型多用工具，通常被消防员、执法部门和救灾部队使用。用它来撬开房门和井盖吧！当然，砸丧尸也行。",
    "weight": 3600,
    "volume": 5,
    "price": 7500,
    "to_hit": 2,
    "bashing": 20,
    "cutting": 5,
    "material": "steel",
    "symbol": ";",
    "color": "dark_gray",
    "techniques": [ "WIDE", "BRUTAL", "heavy_blow", "stuck_in_1" ],
    "qualities": [ [ "PRY", 4 ], [ "HAMMER", 2 ], [ "DIG", 1 ] ],
    "use_action": "CROWBAR",
    "flags": [ "DURABLE_MELEE", "BELT_CLIP" ]
  },
  {
    "id": "hammer",
    "type": "TOOL",
    "name": "锤子",
    "description": "这是一把消磁的钢制铁锤，有一个木头手把。使用铁锤、铁钉与2x4制式木料就能够加固邻近门窗。此外它还有许多其他用途。",
    "weight": 566,
    "volume": 2,
    "price": 700,
    "to_hit": 1,
    "bashing": 9,
    "material": [ "steel", "wood" ],
    "techniques": [ "repose" ],
    "symbol": ";",
    "color": "brown",
    "qualities": [ [ "HAMMER", 3 ], [ "HAMMER_FINE", 1 ] ],
    "use_action": "HAMMER",
    "flags": [ "BELT_CLIP", "NONCONDUCTIVE" ]
  },
  {
    "id": "iceaxe",
    "type": "TOOL",
    "name": "冰斧",
    "description": "一把有锤头的冰斧，也称冰镐，是最重要、用途最广的登山装备之一。坚固耐用，鹤嘴形的镐尖可以将丧尸的躯体如冰面般凿穿，也可以撬开门锁与下水道井盖。",
    "weight": 500,
    "volume": 3,
    "price": 5000,
    "to_hit": 2,
    "bashing": 14,
    "cutting": 3,
    "material": "steel",
    "symbol": ";",
    "color": "dark_gray",
    "techniques": [ "WBLOCK_1", "repose", "stuck_in_2" ],
    "qualities": [ [ "HAMMER", 2 ], [ "HAMMER_FINE", 1 ], [ "PRY", 2 ] ],
    "use_action": "CROWBAR",
    "flags": [ "DURABLE_MELEE", "BELT_CLIP" ]
  },
  {
    "id": "katana",
    "type": "TOOL",
    "category": "weapons",
    "name": "武士刀",
    "description": "一柄武士刀，打刀款式，为日本武士步兵作战时使用，刀身中央略微弯曲，以利于迅速拔刀，全长一米左右，刀刃锋利无比。",
    "weight": 1133,
    "volume": 8,
    "price": 98000,
    "to_hit": 1,
    "bashing": 4,
    "cutting": 31,
    "material": "steel",
    "symbol": "/",
    "color": "light_gray",
    "techniques": [ "RAPID", "WBLOCK_2", "repose", "stuck_in_2", "stuck_in_3" ],
    "qualities": [ [ "CUT", 1 ], [ "BUTCHER", 9 ] ],
    "flags": [ "DURABLE_MELEE", "SHEATH_SWORD" ]
  },
  {
    "id": "knife_combat",
    "type": "TOOL",
    "category": "weapons",
    "name": "战术匕首",
    "name_plural": "战术匕首",
    "description": "一把轻而锋利的军用战斗匕首，用于近战搏斗和近战突袭，可以当作刺刀使用。",
    "weight": 558,
    "volume": 2,
    "price": 10000,
    "to_hit": 1,
    "bashing": 2,
    "cutting": 18,
    "material": [ "steel", "plastic" ],
    "symbol": ";",
    "color": "dark_gray",
    "gunmod_data": {
      "location": "underbarrel",
      "mod_targets": [ "shotgun", "rifle" ],
      "dispersion_modifier": 10,
      "mode_modifier": [ [ "REACH", "bayonet", 2, [ "MELEE" ] ] ],
      "min_skills": [ [ "weapon", 2 ], [ "melee", 1 ] ]
    },
    "techniques": [ "RAPID", "repose" ],
    "qualities": [ [ "CUT", 1 ], [ "CUT_FINE", 1 ], [ "BUTCHER", 19 ] ],
    "flags": [ "STAB", "DURABLE_MELEE", "SHEATH_KNIFE", "NPC_THROWN" ]
  },
  {
    "id": "knife_hunting",
    "type": "TOOL",
    "category": "weapons",
    "name": "猎刀",
    "name_plural": "猎刀",
    "//": "Highest non-powertool butchering quality.  It's made for skinning and butchering game, which is what you're generally doing.",
    "description": "猎人常用的刀具，这种单刃带鞘的小刀是专用于切削、剥皮等用途，而不是战斗。",
    "weight": 390,
    "volume": 1,
    "price": 4000,
    "cutting": 16,
    "material": [ "steel", "leather" ],
    "techniques": [ "repose" ],
    "symbol": "/",
    "color": "dark_gray",
    "qualities": [ [ "CUT", 1 ], [ "CUT_FINE", 1 ], [ "BUTCHER", 30 ] ],
    "flags": [ "SHEATH_KNIFE" ]
  },
  {
    "id": "knife_rambo",
    "type": "TOOL",
    "category": "weapons",
    "name": "生存刀",
    "name_plural": "生存刀",
    "//": "This isn't really supposed to be a very good knife, or a very good saw.  It's more for looking scary.",
    "description": "一把常见于特种部队、野外求生爱好者所用的大号生存刀。刀身径直，刀背上有着一排锯齿，有着砍、锯、刺等多种用途，握柄底端镶嵌着一个迷你指南针。",
    "weight": 612,
    "volume": 4,
    "price": 2000,
    "bashing": 4,
    "cutting": 15,
    "material": [ "steel", "plastic" ],
    "techniques": [ "WBLOCK_1", "repose", "stuck_in_2" ],
    "symbol": ";",
    "color": "dark_gray",
    "qualities": [ [ "CUT", 1 ], [ "SAW_W", 1 ], [ "SAW_M", 1 ], [ "BUTCHER", 7 ] ],
    "flags": [ "STAB", "SHEATH_SWORD" ]
  },
  {
    "id": "knife_rm42",
    "type": "TOOL",
    "category": "weapons",
    "name": "RM42 战术匕首",
    "name_plural": "RM42 战术匕首",
    "description": "一把坚固无光泽的黑色Rivtech战斗匕首。它有着独特的细长剑形刃和专利防滑握柄。虽说它是为军队设计的，但是因为它吓人的外观，这把匕首在电影和收藏者中非常流行。可以在合适的武器上当作刺刀使用。",
    "weight": 188,
    "volume": 3,
    "price": 45000,
    "to_hit": 2,
    "bashing": 2,
    "cutting": 20,
    "material": [ "ceramic", "plastic" ],
    "symbol": "/",
    "color": "dark_gray",
    "gunmod_data": {
      "location": "underbarrel",
      "mod_targets": [ "shotgun", "rifle" ],
      "dispersion_modifier": 10,
      "mode_modifier": [ [ "REACH", "bayonet", 2, [ "MELEE" ] ] ],
      "min_skills": [ [ "weapon", 2 ], [ "melee", 1 ] ]
    },
    "techniques": [ "RAPID", "WBLOCK_1", "repose" ],
    "qualities": [ [ "CUT", 1 ], [ "CUT_FINE", 1 ], [ "BUTCHER", 19 ] ],
    "flags": [ "STAB", "DURABLE_MELEE", "SHEATH_KNIFE", "NO_CVD" ]
  },
  {
    "id": "knife_trench",
    "type": "TOOL",
    "category": "weapons",
    "name": "战壕匕首",
    "name_plural": "战壕匕首",
    "description": "一把拥有保护手指关节的钢制护手的匕首，专为第一次世界大战中残酷的肉搏战设计的武器，让士兵们在不足几英尺宽的战壕里互相厮杀，独特的刃形可以令其轻易的撬开或凿穿钢盔，对付丧尸也是同样如此。",
    "weight": 608,
    "volume": 2,
    "price": 11000,
    "to_hit": 2,
    "bashing": 6,
    "cutting": 14,
    "material": [ "steel", "wood" ],
    "symbol": ";",
    "color": "dark_gray",
    "techniques": [ "WBLOCK_1", "repose" ],
    "qualities": [ [ "CUT", 1 ], [ "CUT_FINE", 1 ], [ "BUTCHER", 19 ] ],
    "flags": [ "DURABLE_MELEE", "STAB", "SHEATH_KNIFE" ]
  },
  {
    "id": "kris",
    "type": "TOOL",
    "category": "weapons",
    "name": "蛇剑",
    "name_plural": "蛇剑",
    "description": "东南亚原产的波纹状刀刃的匕首。刀刃的形状让它善于制造又大又疼的伤口。",
    "weight": 558,
    "volume": 3,
    "price": 9000,
    "to_hit": 1,
    "bashing": 1,
    "cutting": 14,
    "material": "steel",
    "symbol": "/",
    "color": "dark_gray",
    "techniques": [ "RAPID", "BRUTAL", "repose" ],
    "qualities": [ [ "CUT", 1 ], [ "BUTCHER", 12 ] ],
    "flags": [ "STAB", "DURABLE_MELEE", "SHEATH_SWORD" ]
  },
  {
    "id": "kukri",
    "type": "TOOL",
    "category": "weapons",
    "name": "库克利弯刀",
    "description": "这种多功能的传统武器起源于尼泊尔。具有重厚的刀身和向内弯曲的刀刃，可以用来作为一种工具和武器。",
    "weight": 450,
    "volume": 3,
    "price": 8000,
    "to_hit": 1,
    "bashing": 2,
    "cutting": 20,
    "material": [ "steel", "plastic" ],
    "symbol": "/",
    "color": "dark_gray",
    "techniques": [ "WBLOCK_1", "repose" ],
    "qualities": [ [ "CUT", 1 ], [ "CUT_FINE", 1 ], [ "BUTCHER", 18 ] ],
    "flags": [ "DURABLE_MELEE", "SHEATH_KNIFE" ]
  },
  {
    "id": "l-stick",
    "type": "TOOL",
    "category": "weapons",
    "name": "光棒（关）",
    "name_plural": "光棒（关）",
    "description": "由Light公司制造，这时尚的棒子不仅能作为光源，也能作为一个轻量级的武器，由于它使用了超级合金材料。相对于标准光源，它的效率有特别的改进，光棒的电池持续的时间比其他光源更长。",
    "weight": 1000,
    "volume": 12,
    "price": 5000,
    "to_hit": 3,
    "bashing": 18,
    "material": [ "superalloy", "steel" ],
    "symbol": "/",
    "color": "light_gray",
    "ammo": "battery",
    "max_charges": 1000,
    "charges_per_use": 1,
    "techniques": [ "WBLOCK_1", "RAPID", "repose" ],
    "use_action": {
      "target": "l-stick_on",
      "msg": "光棒亮了起来。",
      "active": true,
      "need_charges": 1,
      "need_charges_msg": "光棒的电池耗尽了。",
      "type": "transform"
    },
    "flags": [ "DURABLE_MELEE" ]
  },
  {
    "id": "l-stick_on",
    "type": "TOOL",
    "category": "weapons",
    "name": "光棒（开）",
    "name_plural": "光棒（开）",
    "description": "由Light公司制造，这时尚的棒子不仅能作为光源，也能作为一个轻量级的武器，由于它使用了超级合金材料。相对于标准光源，它的效率有特别的改进，光棒的电池持续的时间比其他光源更长。光棒正在发光，慢慢地消耗着电池。",
    "weight": 1000,
    "volume": 12,
    "price": 8000,
    "to_hit": 3,
    "bashing": 18,
    "material": [ "superalloy", "steel" ],
    "symbol": ";",
    "color": "blue",
    "ammo": "battery",
    "max_charges": 1000,
    "turns_per_charge": 40,
    "revert_to": "l-stick",
    "techniques": [ "WBLOCK_1", "RAPID", "repose" ],
    "use_action": { "target": "l-stick", "msg": "光棒失去了亮光。", "menu_text": "关闭", "type": "transform" },
    "flags": [ "LIGHT_300", "DURABLE_MELEE", "TRADER_AVOID" ]
  },
  {
    "id": "makeshift_hammer",
    "type": "TOOL",
    "name": "简易锤子",
    "description": "粗糙的锤子，用一块金属固定在棍子上制成。虽然当锤子是勉强凑合了，但跟正规的还是没得比。",
    "weight": 1020,
    "volume": 2,
    "price": 0,
    "bashing": 9,
    "material": [ "steel", "wood" ],
    "techniques": [ "repose" ],
    "symbol": ";",
    "color": "brown",
    "qualities": [ [ "HAMMER", 2 ], [ "HAMMER_FINE", 1 ] ],
    "use_action": "HAMMER",
    "flags": [ "NONCONDUCTIVE" ]
  },
  {
    "id": "mop",
    "type": "TOOL",
    "name": "拖把",
    "description": "笨重的拖把，清理泄露的液体很不错。",
    "weight": 929,
    "volume": 7,
    "price": 1000,
    "to_hit": -1,
    "bashing": 6,
    "material": "wood",
    "symbol": "/",
    "color": "light_gray",
    "techniques": [ "WBLOCK_1", "repose" ],
    "use_action": "MOP"
  },
  {
    "id": "pickaxe",
    "type": "TOOL",
    "name": "鹤嘴锄",
    "description": "一把钢制大镐头，刨墙砸头两不误。劳动人民一声吼，地球也要抖三抖！",
    "weight": 4535,
    "volume": 12,
    "price": 16000,
    "to_hit": -3,
    "bashing": 12,
    "cutting": 8,
    "material": [ "wood", "steel" ],
    "techniques": [ "heavy_blow", "stuck_in_1" ],
    "symbol": "/",
    "color": "dark_gray",
    "use_action": "PICKAXE",
    "flags": [ "SPEAR", "DURABLE_MELEE", "NONCONDUCTIVE" ]
  },
  {
    "id": "primitive_axe",
    "type": "TOOL",
    "name": "石斧",
    "description": "一片锋利的石头被绑在一根棍子上，也能当斧子来用啦，可惜和铁斧相比，就差得远了。",
    "weight": 3154,
    "volume": 14,
    "price": 0,
    "bashing": 11,
    "cutting": 8,
    "material": [ "wood", "stone" ],
    "techniques": [ "repose" ],
    "symbol": "/",
    "color": "light_gray",
    "qualities": [ [ "AXE", 2 ] ]
  },
  {
    "id": "primitive_hammer",
    "type": "TOOL",
    "name": "石锤",
    "description": "一个插着棒子的岩石，勉强可以做锤子，但山寨的毕竟比不过真的。",
    "weight": 1020,
    "volume": 2,
    "price": 0,
    "bashing": 9,
    "material": [ "stone", "wood" ],
    "techniques": [ "repose" ],
    "symbol": ";",
    "color": "brown",
    "qualities": [ [ "HAMMER", 2 ], [ "HAMMER_FINE", 1 ] ],
    "use_action": "HAMMER"
  },
  {
    "id": "rapier",
    "type": "TOOL",
    "category": "weapons",
    "name": "刺剑",
    "description": "很适合绅士与剑士使用的武器，轻盈而迅捷，可以适用于各种战斗。",
    "weight": 1000,
    "volume": 6,
    "price": 98000,
    "to_hit": 2,
    "bashing": 2,
    "cutting": 29,
    "material": "steel",
    "symbol": "/",
    "color": "light_gray",
    "techniques": [ "RAPID", "WBLOCK_2", "PRECISE", "repose" ],
    "qualities": [ [ "CUT", 1 ], [ "BUTCHER", 9 ] ],
    "flags": [ "STAB", "DURABLE_MELEE", "SHEATH_SWORD" ]
  },
  {
    "id": "scalpel",
    "type": "TOOL",
    "name": "手术刀",
    "description": "一把小型的，非常锋利的刀具，被广泛应用于各项外科手术中。如果你很擅长近战武器的话，它也会是一件大杀器。在寂静岭医院工作的护士们用此解剖过无数活人。",
    "weight": 23,
    "volume": 1,
    "price": 1000,
    "to_hit": -3,
    "cutting": 7,
    "material": "steel",
    "symbol": ",",
    "color": "light_gray",
    "techniques": [ "PRECISE" ],
    "qualities": [ [ "CUT", 1 ], [ "CUT_FINE", 3 ] ],
    "flags": [ "SPEAR" ]
  },
  {
    "id": "shock_staff",
    "type": "TOOL",
    "category": "weapons",
    "name": "电棍",
    "name_plural": "电棍",
    "description": "这是一柄铁头木棒，内置有高压眩晕枪。眩晕枪发出电流能传至棍棒两端的金属帽上，为将强敌电晕后痛殴致死提供了便利。",
    "weight": 2351,
    "volume": 13,
    "price": 8000,
    "to_hit": 3,
    "bashing": 25,
    "material": [ "wood", "iron" ],
    "symbol": "/",
    "color": "brown",
    "ammo": "battery",
    "max_charges": 500,
    "charges_per_use": 100,
    "techniques": [ "WBLOCK_1", "RAPID", "repose" ],
    "use_action": "TAZER",
    "flags": [ "DURABLE_MELEE", "NO_UNLOAD", "RECHARGE", "NONCONDUCTIVE" ]
  },
  {
    "id": "shocktonfa_off",
    "type": "TOOL",
    "category": "weapons",
    "name": "战术拐 (关)",
    "name_plural": "战术拐 (关)",
    "description": "这是个强化的塑料警棍，中空的部分装着电容与高效的充电电池。当握把上的开关被按下去时，一股高压电流会被传送至安装在警棍顶端的两个电极上，并输出给任何接触到电极的倒霉蛋身上。他还有个别致的小手电筒，现在处于关闭的状态。",
    "weight": 726,
    "volume": 9,
    "price": 17000,
    "to_hit": 2,
    "bashing": 14,
    "material": [ "plastic", "steel" ],
    "symbol": "/",
    "color": "dark_gray",
    "ammo": "battery",
    "max_charges": 500,
    "charges_per_use": 1,
    "techniques": [ "WBLOCK_2", "RAPID", "repose" ],
    "use_action": "SHOCKTONFA_OFF",
    "flags": [ "DURABLE_MELEE", "NO_UNLOAD", "RECHARGE", "NONCONDUCTIVE" ]
  },
  {
    "id": "shocktonfa_on",
    "type": "TOOL",
    "category": "weapons",
    "name": "战术拐 (开)",
    "name_plural": "战术拐 (开)",
    "description": "这是个强化的塑料警棍，中空的部分装着电容与高效的充电电池。当握把上的开关被按下去时，一股高压电流会被传送至安装在警棍顶端的两个电极上，并输出给任何接触到电极的倒霉蛋身上。它上面的手电筒已经开启，不断耗电来产生光亮。激活它来关闭。",
    "weight": 726,
    "volume": 9,
    "price": 17000,
    "to_hit": 2,
    "bashing": 14,
    "material": [ "plastic", "steel" ],
    "symbol": "/",
    "color": "dark_gray",
    "ammo": "battery",
    "max_charges": 500,
    "charges_per_use": 1,
    "turns_per_charge": 15,
    "revert_to": "shocktonfa_off",
    "techniques": [ "WBLOCK_2", "RAPID", "repose" ],
    "use_action": "SHOCKTONFA_ON",
    "flags": [ "LIGHT_450", "CHARGEDIM", "DURABLE_MELEE", "TRADER_AVOID", "NONCONDUCTIVE" ]
  },
  {
    "id": "shovel",
    "type": "TOOL",
    "name": "铁锹",
    "description": "一个挖坑工具，你可以用它在你周围挖坑。",
    "weight": 1315,
    "volume": 14,
    "price": 2000,
    "to_hit": 3,
    "bashing": 14,
    "cutting": 3,
    "material": [ "steel", "wood" ],
    "techniques": [ "heavy_blow", "stuck_in_2" ],
    "symbol": "/",
    "color": "brown",
    "qualities": [ [ "DIG", 3 ] ],
    "flags": [ "NONCONDUCTIVE" ]
  },
  {
    "id": "hoe",
    "type": "TOOL",
    "name": "锄头",
    "description": "一件农具。可用于把可耕种土地锄成难以穿行的土堆，或者挖一个浅坑。",
    "weight": 1088,
    "volume": 14,
    "price": 2000,
    "to_hit": 3,
    "bashing": 10,
    "cutting": 6,
    "material": [ "steel", "wood" ],
    "techniques": [ "stuck_in_1" ],
    "symbol": "/",
    "color": "brown",
    "use_action": "MAKEMOUND"
  },
  {
    "type": "GENERIC",
    "id": "candlestick",
    "symbol": "/",
    "color": "yellow",
    "name": "烛台",
    "description": "一个昂贵的合金烛台，有坚实的基底和金色的镀金。",
    "category": "other",
    "to_hit": -1,
    "price": 10000,
    "price_postapoc": 100,
    "material": [ "silver", "brass", "gold" ],
    "techniques": [ "heavy_blow" ],
    "weight": 3100,
    "volume": 4,
    "bashing": 16
  },
  {
    "id": "switchblade",
    "type": "TOOL",
    "category": "weapons",
    "name": "弹簧刀",
    "description": "又长又细的弹簧小刀，不用时可以把刀刃收在刀柄里面，使用时自动弹出。",
    "weight": 464,
    "volume": 0,
    "price": 2000,
    "to_hit": -2,
    "cutting": 16,
    "material": [ "steel", "plastic" ],
    "techniques": [ "repose" ],
    "symbol": ";",
    "color": "dark_gray",
    "qualities": [ [ "CUT", 1 ], [ "CUT_FINE", 1 ], [ "BUTCHER", 14 ] ],
    "flags": [ "STAB" ]
  },
  {
    "id": "tanto",
    "type": "TOOL",
    "category": "weapons",
    "name": "日式短刀",
    "description": "一把日式短刀，不同于肋差，此刀仅在护身和最后关头时切腹使用，几乎不参与战斗，一般贴身携带，古时除了武士以外，武家的女子也会携带。在末世的绝望中可以赋予你更具意义的自尽方式。",
    "weight": 558,
    "volume": 2,
    "price": 18000,
    "to_hit": 2,
    "bashing": 1,
    "cutting": 16,
    "material": "steel",
    "symbol": "/",
    "color": "dark_gray",
    "techniques": [ "RAPID", "repose" ],
    "qualities": [ [ "CUT", 1 ], [ "CUT_FINE", 1 ], [ "BUTCHER", 18 ] ],
    "flags": [ "STAB", "DURABLE_MELEE", "SHEATH_KNIFE" ]
  },
  {
    "id": "torch",
    "copy-from": "torch",
    "type": "TOOL",
    "name": "火把",
    "name_plural": "火把",
    "description": "浸透了可燃材料的布胡乱地缠在棍子上，点燃了似乎就能照亮四周。找个打火机或者划根火柴点着它。",
    "weight": 831,
    "volume": 3,
    "price": 0,
    "to_hit": 1,
    "bashing": 8,
    "material": "wood",
    "techniques": [ "repose" ]
  },
  {
    "id": "torch_lit",
    "copy-from": "torch_lit",
    "type": "TOOL",
    "name": "火把（点燃）",
    "name_plural": "火把（点燃）",
    "description": "浸透了可燃材料的布胡乱地缠在棍子上，正在燃烧，看，你有光了。",
    "weight": 831,
    "volume": 3,
    "price": 0,
    "to_hit": 1,
    "bashing": 8,
    "material": "wood",
    "techniques": [ "repose" ],
    "flags": [ "FIRE", "LIGHT_310", "CHARGEDIM", "FLAMING", "TRADER_AVOID" ]
  },
  {
    "id": "wakizashi",
    "type": "TOOL",
    "category": "weapons",
    "name": "肋差",
    "name_plural": "肋差",
    "description": "一柄日本武士用于室内及其他狭小空间贴身战斗的短刀，通常随身携带，于遭遇突发敌人时，在打刀、太刀不利于使用的情况下自卫。",
    "weight": 835,
    "volume": 6,
    "price": 17800,
    "to_hit": 1,
    "bashing": 3,
    "cutting": 24,
    "material": "steel",
    "symbol": "/",
    "color": "light_gray",
    "techniques": [ "RAPID", "WBLOCK_1", "repose", "stuck_in_2" ],
    "qualities": [ [ "CUT", 1 ], [ "BUTCHER", 13 ] ],
    "flags": [ "DURABLE_MELEE", "SHEATH_SWORD" ]
  },
  {
    "id": "wrench",
    "type": "TOOL",
    "name": "扳手",
    "name_plural": "扳手",
    "description": "一把扳手，能当做武器握在手里，也是许多机械制造必备之物。",
    "weight": 907,
    "volume": 2,
    "price": 1200,
    "to_hit": 1,
    "bashing": 9,
    "material": "steel",
    "techniques": [ "repose" ],
    "symbol": ";",
    "color": "light_gray",
    "qualities": [ [ "WRENCH", 2 ], [ "WRENCH_FINE", 1 ] ]
  },
  {
    "type": "GENERIC",
    "id": "mjolnir",
    "name": "Mjölnir，雷神之锤",
    "description": "一把名为妙尔尼尔（Mjölnir）的神锤，用垂死恒星（白矮星）的星核打造。铭文上写着：执此锤者，如其适格，当承神威… 摧毁！！",
    "weight": 5443,
    "color": "light_gray",
    "symbol": "/",
    "material": [ "wood", "steel" ],
    "techniques": [ "BRUTAL", "WIDE", "heavy_blow" ],
    "flags": "NONCONDUCTIVE",
    "volume": 10,
    "bashing": 9999,
    "price": 12000,
    "qualities": [ [ "HAMMER", 1 ] ]
  },
  {
    "id": "bokken",
    "type": "GENERIC",
    "symbol": "/",
    "color": "brown",
    "name": "日式木刀",
    "description": "一柄用于锻炼的木刀，严格模仿真正武士刀的重量和平衡，尽管缺乏一个锋利的刀锋，但它仍然有相当的能力去造成致命的伤害。",
    "price": 55000,
    "material": "wood",
    "techniques": [ "RAPID", "WBLOCK_2", "repose" ],
    "flags": [ "DURABLE_MELEE", "SHEATH_SWORD" ],
    "weight": 1133,
    "volume": 8,
    "//": "MA reference I used held that a bokken crushes rather than cuts (or impales) but is otherwise just as damaging as a katana.  Nerfed by popular demand.",
    "bashing": 25,
    "cutting": 1,
    "to_hit": 1,
    "category": "weapons"
  },
  {
    "type": "GENERIC",
    "id": "cudgel",
    "name": "长棍",
    "description": "一根纤细的长木棍，虽然传统上用作训练决斗技巧的道具，但在紧要关头时它仍然是把好用的近战武器。",
    "weight": 875,
    "to_hit": 2,
    "color": "brown",
    "symbol": "/",
    "material": [ "wood" ],
    "techniques": [ "WBLOCK_1", "RAPID", "PRECISE", "repose" ],
    "flags": [ "DURABLE_MELEE" ],
    "volume": 8,
    "bashing": 8,
    "price": 1000
  },
  {
    "type": "GENERIC",
    "id": "q_staff",
    "symbol": "/",
    "color": "brown",
    "name": "武术长棍",
    "name_plural": "武术长棍",
    "description": "一根光滑坚硬的木棒，有皮制的把手，轻便、匀称，很容易掌握。",
    "price": 4000,
    "material": "wood",
    "techniques": [ "WBLOCK_1", "RAPID", "repose" ],
    "flags": [ "DURABLE_MELEE" ],
    "weight": 1400,
    "volume": 12,
    "bashing": 19,
    "category": "weapons",
    "to_hit": 3
  },
  {
    "type": "GENERIC",
    "id": "i_staff",
    "symbol": "/",
    "color": "brown",
    "name": "镔铁棍",
    "name_plural": "镔铁棍",
    "description": "一根光滑坚硬的木棒，有皮制的把手，并且箍上金属圈装上金属包头来加强攻击力。耐用、匀称，并且令人惊奇的容易掌握。",
    "price": 6000,
    "material": [ "wood", "iron" ],
    "techniques": [ "WBLOCK_1", "RAPID", "repose" ],
    "flags": [ "DURABLE_MELEE", "NONCONDUCTIVE" ],
    "weight": 2200,
    "volume": 12,
    "bashing": 25,
    "category": "weapons",
    "to_hit": 3
  },
  {
    "type": "GENERIC",
    "id": "lajatang",
    "symbol": "/",
    "color": "brown",
    "name": "圆月铲",
    "description": "一柄据传是农具发展而来的圆月铲，是明代以后出现的武器，造型为一长柄两端各有锋刃，一边是月牙状，另一边则为铲状刃。多为东方的僧侣使用，因此别名禅杖。",
    "price": 12000,
    "material": [ "wood", "iron" ],
    "techniques": [ "WBLOCK_1", "SPIN", "repose", "stuck_in_1", "stuck_in_2", "stuck_in_3" ],
    "flags": [ "DURABLE_MELEE", "NONCONDUCTIVE" ],
    "weight": 2500,
    "volume": 26,
    "bashing": 4,
    "cutting": 26,
    "to_hit": 2
  },
  {
    "type": "GENERIC",
    "id": "hatchet",
    "symbol": ";",
    "color": "light_gray",
    "name": "短柄斧",
    "description": "一柄单手的短斧，是一件不错的近战武器，也可以用于砍柴与捶打。",
    "price": 2500,
    "price_postapoc": 5000,
    "material": [ "steel", "wood" ],
    "techniques": [ "repose", "stuck_in_2", "stuck_in_3" ],
    "weight": 907,
    "volume": 2,
    "bashing": 12,
    "cutting": 6,
    "flags": [ "DURABLE_MELEE", "BELT_CLIP", "NONCONDUCTIVE" ],
    "to_hit": 1,
    "category": "weapons",
    "qualities": [ [ "AXE", 2 ], [ "CUT", 1 ], [ "HAMMER", 2 ], [ "HAMMER_FINE", 1 ], [ "BUTCHER", 16 ] ]
  },
  {
    "type": "GENERIC",
    "id": "pointy_stick",
    "symbol": "/",
    "color": "brown",
    "name": "尖木棍",
    "description": "一头削的尖尖的木棍，可以用来演杂技，当然也可以用来扎人。",
    "material": "wood",
    "volume": 5,
    "weight": 900,
    "bashing": 4,
    "cutting": 8,
    "to_hit": 1,
    "flags": "SPEAR",
    "techniques": [ "WBLOCK_1", "repose", "stuck_in_2" ],
    "qualities": [ [ "COOK", 1 ] ]
  },
  {
    "type": "GENERIC",
    "id": "broom",
    "name": "扫把",
    "description": "一个家务用扫帚，在灾变前可以做扫除或者追赶野猫用，灾变后可以鞭笞丧尸。骑上它是不能飞的。",
    "weight": 929,
    "to_hit": 1,
    "color": "yellow",
    "symbol": "/",
    "material": [ "plastic" ],
    "techniques": [ "WBLOCK_1", "repose" ],
    "volume": 5,
    "bashing": 4,
    "price": 2400,
    "price_postapoc": 0
  },
  {
    "type": "GENERIC",
    "id": "hammer_sledge",
    "name": "大钢锤",
    "description": "一柄巨大而沉重的钢制重锤，挥动起来很费劲，但其强大力量足以摧毁一面墙壁，作为武器更是当仁不让的极佳打击武器，一锤之威足以让丧尸粉身碎骨，但前提是能够挥的起来。",
    "weight": 5000,
    "color": "brown",
    "symbol": "/",
    "material": [ "wood", "steel" ],
    "flags": "NONCONDUCTIVE",
    "techniques": [ "BRUTAL", "WIDE", "heavy_blow" ],
    "volume": 10,
    "bashing": 40,
    "price": 12000,
    "qualities": [ [ "HAMMER", 1 ] ]
  },
  {
    "type": "GENERIC",
    "id": "nailbat",
    "name": "钉头棒球棍",
    "description": "一根棒身插了几根钉子的棒球棒，强力的近战武器。",
    "weight": 1159,
    "to_hit": 3,
    "color": "brown",
    "symbol": "/",
    "material": [ "wood" ],
    "techniques": [ "WBLOCK_1", "stuck_in_2" ],
    "volume": 7,
    "bashing": 20,
    "cutting": 6,
    "flags": [ "STAB" ],
    "price": 16000
  },
  {
    "type": "GENERIC",
    "id": "bwirebat",
    "name": "铁丝棒球棍",
    "description": "一根在顶部缠绕了几道带刺铁丝网的棒球棒，野蛮的近战武器。",
    "weight": 1420,
    "to_hit": 3,
    "color": "brown",
    "symbol": "/",
    "material": [ "wood", "steel" ],
    "techniques": [ "WBLOCK_1", "repose" ],
    "flags": [ "DURABLE_MELEE", "NONCONDUCTIVE" ],
    "volume": 8,
    "bashing": 20,
    "cutting": 5,
    "price": 20000
  },
  {
    "type": "GENERIC",
    "id": "warhammer",
    "name": "战锤",
    "description": "一个与柄垂直相交的柄头上一边是平坦的锤状，另一边则是像钩爪一样尖起来，顶端还有一个与矛类似的尖刃，两边都可以攻击，面对装甲目标，以平坦面打击仍能给予相当大的伤害，但作为工具就没有作为武器那么称手。",
    "weight": 1337,
    "to_hit": 1,
    "color": "brown",
    "symbol": "/",
    "//": "Craftable from steel, shouldn't be silver.  A warhammer is essentially one end of a pickaxe with balancing weight on the other and crushes/pierces the armor.",
    "material": [ "iron", "wood" ],
    "techniques": [ "BRUTAL", "heavy_blow" ],
    "flags": [ "DURABLE_MELEE", "SPEAR", "NONCONDUCTIVE" ],
    "volume": 5,
    "bashing": 20,
    "cutting": 20,
    "price": 16000,
    "qualities": [ [ "HAMMER", 1 ] ]
  },
  {
    "type": "GENERIC",
    "id": "homewrecker",
    "name": "寡妇制造者",
    "description": "一长条被几块钢铁紧紧包裹的木头。这使得这件武器笨重和缓慢，但可以造成沉重的打击。",
    "weight": 3024,
    "to_hit": -3,
    "color": "brown",
    "symbol": "/",
    "material": [ "wood", "steel" ],
    "techniques": [ "WBLOCK_1", "heavy_blow" ],
    "volume": 5,
    "bashing": 28,
    "cutting": 2,
    "flags": [ "STAB", "NONCONDUCTIVE" ],
    "price": 8000
  },
  {
    "type": "GENERIC",
    "id": "bowling_pin",
    "name": "保龄球瓶",
    "description": "一只保龄球瓶。你非要做武器去砸别丧尸也行，就是有点短。",
    "weight": 1530,
    "to_hit": -1,
    "color": "brown",
    "symbol": "/",
    "material": [ "wood" ],
    "techniques": [ "WBLOCK_1", "repose" ],
    "flags": [ "DURABLE_MELEE" ],
    "volume": 9,
    "bashing": 11,
    "price": 1000
  },
  {
    "type": "GENERIC",
    "id": "battletorch_done",
    "name": "路易维尔屠杀者（燃尽）",
    "description": "一支结实的木棒，由防火芳纶纤维包裹。挥起来手感不错，可以浸满汽油后点燃。拆解后可以回收棒球棒并得到一些防火芳纶纤维布片。",
    "weight": 1343,
    "to_hit": 3,
    "color": "brown",
    "symbol": "/",
    "material": [ "wood" ],
    "techniques": [ "WBLOCK_1", "repose" ],
    "flags": [ "DURABLE_MELEE" ],
    "volume": 7,
    "bashing": 19,
    "price": 18000
  },
  {
    "type": "GENERIC",
    "id": "bat_metal",
    "name": "铝质棒球棍",
    "description": "一个铝制棒球棍，比木制棒球棍要轻，因此更易挥舞。",
    "weight": 765,
    "to_hit": 3,
    "color": "light_gray",
    "symbol": "/",
    "material": [ "aluminum" ],
    "techniques": [ "WBLOCK_1", "repose" ],
    "flags": [ "DURABLE_MELEE" ],
    "volume": 7,
    "bashing": 20,
    "price": 16000
  },
  {
    "id": "spear_knife",
    "type": "TOOL",
    "category": "weapons",
    "name": "刺刀长矛",
    "description": "一根简单的木棍上面绑着尖锐的刀刃使它更加致命。",
    "weight": 1487,
    "volume": 6,
    "price": 1400,
    "to_hit": 1,
    "bashing": 4,
    "cutting": 16,
    "material": [ "wood", "iron" ],
    "symbol": "/",
    "color": "brown",
    "techniques": [ "WBLOCK_1", "stuck_in_2" ],
    "qualities": [ [ "CUT", 1 ], [ "COOK", 1 ] ],
    "flags": [ "SPEAR", "REACH_ATTACK", "NONCONDUCTIVE", "FRAGILE_MELEE", "SHEATH_SPEAR" ]
  },
  {
    "type": "GENERIC",
    "id": "spear_wood",
    "name": "木制长矛",
    "description": "一根结实的长木杆，另一端削尖后用火烤硬化，成为了一个简单的木制长矛，但仍有不错的杀伤力。",
    "weight": 898,
    "to_hit": 1,
    "color": "brown",
    "symbol": "/",
    "material": [ "wood" ],
    "techniques": [ "WBLOCK_1", "repose" ],
    "volume": 5,
    "bashing": 5,
    "cutting": 13,
    "flags": [ "SPEAR", "REACH_ATTACK", "NPC_THROWN", "SHEATH_SPEAR" ],
    "price": 4000,
    "qualities": [ [ "COOK", 1 ] ]
  },
  {
    "type": "GENERIC",
    "id": "spear_copper",
    "name": "铜制长矛",
    "description": "一根结实的木制长杆，另一端附有锋利的铜制尖刺，曾作为阻止敌对冲锋的战术活性化武器，亦是创造了各种武器的基石。",
    "weight": 1450,
    "to_hit": 1,
    "color": "light_red",
    "symbol": "/",
    "material": [ "copper", "wood" ],
    "techniques": [ "WBLOCK_1", "repose" ],
    "volume": 6,
    "bashing": 5,
    "cutting": 16,
    "flags": [ "SPEAR", "REACH_ATTACK", "NONCONDUCTIVE", "SHEATH_SPEAR" ],
    "price": 1400,
    "qualities": [ [ "COOK", 1 ] ]
  },
  {
    "type": "GENERIC",
    "id": "spear_steel",
    "name": "钢矛",
    "description": "一根结实的木棍，一端配有尖锐的手工钢质矛头。",
    "weight": 1498,
    "to_hit": 2,
    "color": "light_gray",
    "symbol": "/",
    "material": [ "steel", "wood" ],
    "techniques": [ "WBLOCK_1", "IMPALE", "repose", "stuck_in_2" ],
    "volume": 12,
    "bashing": 5,
    "cutting": 29,
    "flags": [ "DURABLE_MELEE", "SPEAR", "REACH_ATTACK", "NONCONDUCTIVE", "SHEATH_SPEAR" ],
    "price": 16000,
    "qualities": [ [ "COOK", 1 ] ]
  },
  {
    "type": "GENERIC",
    "id": "spear_pipe",
    "name": "钢管长矛",
    "description": "一根坚固的金属长杆，另一端附有锋利的尖刺。",
    "weight": 1998,
    "//": "Changed the weight, affecting strike speed.",
    "to_hit": 1,
    "color": "light_gray",
    "symbol": "/",
    "material": [ "steel" ],
    "techniques": [ "WBLOCK_1", "IMPALE", "stuck_in_2" ],
    "volume": 5,
    "bashing": 6,
    "cutting": 20,
    "flags": [ "SPEAR", "REACH_ATTACK", "SHEATH_SPEAR" ],
    "price": 8000,
    "qualities": [ [ "COOK", 1 ] ]
  },
  {
    "type": "GENERIC",
    "id": "qiang",
    "name": "长枪",
    "description": "一把古中国长枪，在矛头下还有一把典型的流苏，广泛用于步兵和骑兵。在东汉末年乃至三国、抗日战争时期与文革时期曾大放异彩。",
    "weight": 1398,
    "to_hit": 2,
    "color": "light_gray",
    "symbol": "/",
    "material": [ "steel", "wood" ],
    "techniques": [ "WBLOCK_1", "PRECISE", "IMPALE", "repose", "stuck_in_2", "stuck_in_3" ],
    "volume": 10,
    "bashing": 4,
    "cutting": 28,
    "flags": [ "SPEAR", "REACH_ATTACK", "NONCONDUCTIVE", "SHEATH_SPEAR" ],
    "price": 80000,
    "qualities": [ [ "COOK", 1 ] ]
  },
  {
    "type": "GENERIC",
    "id": "baton-extended",
    "name": "甩棍（展开）",
    "name_plural": "甩棍（展开）",
    "description": "一把叠缩式短棍，缩小后更易于携带。这是一件优异的近战武器。激活以使用。",
    "weight": 725,
    "to_hit": 2,
    "color": "dark_gray",
    "symbol": "/",
    "material": [ "aluminum" ],
    "techniques": [ "WBLOCK_1", "repose" ],
    "flags": [ "DURABLE_MELEE", "BELT_CLIP" ],
    "use_action": { "menu_text": "Collapse", "type": "transform", "target": "baton", "msg": "You collapse your baton." },
    "volume": 3,
    "bashing": 12,
    "price": 17500
  },
  {
    "type": "GENERIC",
    "id": "mace",
    "name": "钉头槌",
    "description": "一柄中世纪武器，木把手顶端有个重铁块，曾作为骑兵突袭的主要武器，虽然略有笨重，但对敌破甲能力极为优秀，在战争时期可将敌人的铠甲破为废铁 。",
    "weight": 1500,
    "to_hit": 1,
    "color": "dark_gray",
    "symbol": "/",
    "material": [ "iron", "wood" ],
    "techniques": [ "SWEEP", "heavy_blow" ],
    "flags": [ "DURABLE_MELEE", "NONCONDUCTIVE" ],
    "volume": 5,
    "//": "Same total damage and slightly higher weight than a morningstar - exchanged.",
    "bashing": 37,
    "price": 100000,
    "qualities": [ [ "HAMMER", 1 ] ]
  },
  {
    "type": "GENERIC",
    "id": "morningstar",
    "name": "晨星锤",
    "description": "一柄中世纪的武器，木柄上面附有一个带着若干锋刺的铁球，步兵对付具甲骑兵的主要武器之一，亦是骑兵间流行的杀敌利器，能够造成大量的钝击和刺击伤害。带钉之锤形如晨星，耀眼且致命的诗意。",
    "weight": 1400,
    "to_hit": 1,
    "color": "dark_gray",
    "symbol": "/",
    "material": [ "iron", "wood" ],
    "techniques": [ "SWEEP", "heavy_blow" ],
    "volume": 6,
    "bashing": 33,
    "cutting": 4,
    "flags": [ "DURABLE_MELEE", "SPEAR", "NONCONDUCTIVE" ],
    "price": 120000,
    "qualities": [ [ "HAMMER", 1 ] ]
  },
  {
    "type": "GENERIC",
    "id": "bio_claws_weapon",
    "name": "生化合金爪",
    "name_plural": "生化合金爪",
    "description": "用高科技金属合金制成的短而锋利的爪子。",
    "to_hit": 4,
    "color": "light_gray",
    "symbol": "{",
    "material": [ "superalloy" ],
    "techniques": [ "repose" ],
    "volume": 2,
    "bashing": 8,
    "cutting": 16,
    "flags": [ "STAB", "UNARMED_WEAPON", "NO_UNWIELD", "UNBREAKABLE_MELEE", "TRADER_AVOID" ],
    "qualities": [ [ "BUTCHER", 12 ] ]
  },
  {
    "type": "GENERIC",
    "id": "punch_dagger",
    "name": "拳刃",
    "description": "一把短而锋利的双刃匕首，可以紧握在手心，刀刃从指缝中露出来。它是起源于印度的冷兵器。",
    "weight": 168,
    "to_hit": 2,
    "color": "dark_gray",
    "symbol": "{",
    "material": [ "steel" ],
    "techniques": [ "repose" ],
    "volume": 1,
    "bashing": 2,
    "cutting": 10,
    "flags": [ "STAB", "UNARMED_WEAPON", "DURABLE_MELEE", "SHEATH_KNIFE" ],
    "price": 10000,
    "qualities": [ [ "CUT", 1 ], [ "BUTCHER", 14 ] ]
  },
  {
    "type": "GENERIC",
    "id": "bagh_nakha",
    "name": "虎爪",
    "name_plural": "虎爪",
    "description": "一个小型刃爪武器，发源于印度，也被称作bagh nakha或铁爪。其小巧的体型使其能够被轻易隐藏在掌心之中。",
    "weight": 92,
    "to_hit": 3,
    "color": "dark_gray",
    "symbol": "{",
    "material": [ "steel" ],
    "techniques": [ "repose" ],
    "bashing": 1,
    "cutting": 6,
    "flags": [ "UNARMED_WEAPON", "DURABLE_MELEE" ],
    "price": 20000,
    "qualities": [ [ "BUTCHER", 14 ] ]
  },
  {
    "type": "GENERIC",
    "id": "cestus",
    "symbol": "3",
    "color": "light_gray",
    "name": "铁手套",
    "name_plural": "铁手套",
    "description": "一只沉重的金属护手，套在拳头上可以增加打击力度，下方增加了结实的衬垫保护穿戴者的手不受伤害。",
    "material": [ "steel", "leather" ],
    "techniques": [ "repose", "stuck_in_2" ],
    "volume": 2,
    "weight": 970,
    "bashing": 12,
    "flags": [ "UNARMED_WEAPON", "DURABLE_MELEE", "NONCONDUCTIVE" ]
  },
  {
    "type": "GENERIC",
    "id": "tonfa",
    "name": "T型拐",
    "description": "一根通常被警察所使用的硬质塑料警棍。源自冲绳的土著武器，由棍身及垂直连接在主体的三分之一处的握把组成。",
    "weight": 575,
    "to_hit": 2,
    "color": "dark_gray",
    "symbol": "/",
    "material": "plastic",
    "techniques": [ "WBLOCK_2", "RAPID", "repose" ],
    "flags": [ "DURABLE_MELEE" ],
    "volume": 8,
    "bashing": 12,
    "price": 19500
  },
  {
    "type": "GENERIC",
    "id": "tonfa_wood",
    "name": "木拐",
    "description": "一个通常为警用的木头结实短棍。原本是源于冲绳的武器，在棍身三分之一处有着一个垂直的握柄。",
    "weight": 921,
    "to_hit": 2,
    "color": "brown",
    "symbol": "/",
    "material": [ "wood" ],
    "techniques": [ "WBLOCK_2", "RAPID", "repose" ],
    "flags": [ "DURABLE_MELEE" ],
    "volume": 8,
    "bashing": 14,
    "price": 19500
  },
  {
    "type": "GENERIC",
    "id": "PR24-extended",
    "category": "weapons",
    "name": "PR-24 甩棍（展开）",
    "name_plural": "PR-24 甩棍（展开）",
    "description": "一根警棍——麦当客 PR-24甩棍是一种可伸缩的，轻量级，侧柄执法警棍，在全世界范围内被广泛使用。有人谣传说其名字中的PR意为公共关系，激活以收缩。",
    "weight": 680,
    "to_hit": 2,
    "color": "dark_gray",
    "symbol": "/",
    "material": [ "aluminum", "plastic" ],
    "techniques": [ "WBLOCK_2", "RAPID", "repose" ],
    "flags": [ "DURABLE_MELEE" ],
    "use_action": { "menu_text": "Retract", "type": "transform", "target": "PR24-retracted", "msg": "You collapse your PR-24 baton." },
    "volume": 8,
    "bashing": 13,
    "price": 30000
  },
  {
    "comment": "Id retained to avoid breaking anything, same reason as with the makeshift glaive.",
    "type": "GENERIC",
    "id": "glass_macuahuitl",
    "name": "简易双刃剑",
    "description": "两面粘满磨利石片的扁形木棍。",
    "weight": 955,
    "to_hit": 1,
    "color": "dark_gray",
    "symbol": "/",
    "material": [ "wood", "stone" ],
    "techniques": [ "repose", "stuck_in_2", "stuck_in_3" ],
    "volume": 9,
    "bashing": 7,
    "cutting": 14,
    "price": 5900,
    "price_postapoc": 2000
  },
  {
    "id": "fencing_foil",
    "type": "GENERIC",
    "symbol": "/",
    "color": "light_gray",
    "name": "击剑花剑",
    "description": "击剑运动用的武器，很高级。但是在大灾变后，这把剑身软又平尖的剑没什么用。",
    "price": 2000,
    "price_postapoc": 0,
    "material": "steel",
    "weight": 450,
    "volume": 5,
    "bashing": 1,
    "cutting": 2,
    "to_hit": 2,
    "techniques": [ "PRECISE", "RAPID", "WBLOCK_2", "repose" ],
    "flags": [ "STAB", "SHEATH_SWORD" ]
  },
  {
    "id": "fencing_epee",
    "type": "GENERIC",
    "symbol": "/",
    "color": "light_gray",
    "name": "击剑重剑",
    "description": "击剑运动用的武器，很高级。这把硬身的重剑可能是击剑运动的各种比赛用剑中打丧尸最有力的了。",
    "price": 2000,
    "price_postapoc": 1000,
    "material": "steel",
    "weight": 650,
    "volume": 5,
    "bashing": 3,
    "cutting": 7,
    "to_hit": 2,
    "techniques": [ "PRECISE", "RAPID", "WBLOCK_2", "repose" ],
    "flags": [ "STAB", "SHEATH_SWORD" ]
  },
  {
    "id": "fencing_sabre",
    "type": "GENERIC",
    "symbol": "/",
    "color": "light_gray",
    "name": "击剑佩剑",
    "description": "击剑运动用的武器，很高级。这把有开锋的佩剑可能比重剑和花剑要短，但是也有一定的威力。",
    "price": 2000,
    "price_postapoc": 0,
    "material": "steel",
    "weight": 400,
    "volume": 5,
    "bashing": 1,
    "cutting": 6,
    "to_hit": 2,
    "techniques": [ "PRECISE", "RAPID", "WBLOCK_2", "repose" ],
    "flags": [ "STAB", "SHEATH_SWORD" ]
  },
  {
    "type": "GENERIC",
    "id": "rock_sock",
    "symbol": ";",
    "color": "white",
    "name": "袜装石锤",
    "name_plural": "袜装石锤",
    "description": "一对套在一起的袜子，里面装了个石头。绝对是绝境下才会使用的武器。",
    "price": 1000,
    "price_postapoc": 300,
    "material": [ "cotton", "stone" ],
    "techniques": [ "heavy_blow" ],
    "weight": 1007,
    "volume": 2,
    "bashing": 8,
    "to_hit": 1
  },
  {
    "id": "cutlass_fake",
    "type": "GENERIC",
    "symbol": "/",
    "color": "dark_gray",
    "name": "短弯刀",
    "name_plural": "短弯刀",
    "description": "阔刃军刀的拙劣仿制品，因为普遍被水手与海盗使用而闻名。此款外观、造型和材料与正品有差异，为廉价复制品。",
    "price": 9600,
    "price_postapoc": 0,
    "material": "aluminum",
    "techniques": [ "WBLOCK_1", "repose" ],
    "flags": "SHEATH_SWORD",
    "weight": 634,
    "volume": 7,
    "bashing": 8,
    "cutting": 2,
    "to_hit": 2,
    "category": "weapons"
  },
  {
    "id": "cutlass_inferior",
    "type": "TOOL",
    "symbol": "/",
    "color": "dark_gray",
    "name": "短弯刀",
    "name_plural": "短弯刀",
    "description": "这种阔刃军刀因为普遍被水手与海盗使用而闻名。偏短的刀刃让它在近身时得心应手。这一把看上去很糟糕，但挥舞几次问题不大。",
    "price": 96000,
    "material": "budget_steel",
    "techniques": [ "WBLOCK_1", "repose", "stuck_in_2" ],
    "weight": 955,
    "volume": 5,
    "bashing": 6,
    "cutting": 25,
    "flags": [ "SHEATH_SWORD" ],
    "to_hit": 2,
    "category": "weapons",
    "qualities": [ [ "CUT", 1 ], [ "BUTCHER", 9 ] ]
  },
  {
    "id": "katana_fake",
    "type": "GENERIC",
    "symbol": "/",
    "color": "light_gray",
    "name": "武士刀",
    "description": "一把武士刀，打刀款式，刀身细长而略带弧度，此款外观、造型和材料与正品有差异，为廉价复制品。",
    "price": 5000,
    "price_postapoc": 0,
    "material": "aluminum",
    "techniques": [ "RAPID", "WBLOCK_2", "repose" ],
    "flags": "SHEATH_SWORD",
    "weight": 753,
    "volume": 8,
    "bashing": 6,
    "cutting": 2,
    "to_hit": 1,
    "category": "weapons"
  },
  {
    "id": "katana_inferior",
    "type": "TOOL",
    "symbol": "/",
    "color": "light_gray",
    "name": "武士刀",
    "description": "一柄武士刀，打刀款式，为日本武士步兵作战时使用，刀身中央略微弯曲，以利于迅速拔刀，全长一米左右。这把刀的刀柄圆头已经脱落，刀刃也磨损严重。",
    "price": 98000,
    "material": "budget_steel",
    "techniques": [ "RAPID", "WBLOCK_2", "repose", "stuck_in_2", "stuck_in_3" ],
    "flags": [ "SHEATH_SWORD" ],
    "weight": 1133,
    "volume": 8,
    "bashing": 3,
    "cutting": 24,
    "to_hit": 1,
    "category": "weapons",
    "qualities": [ [ "CUT", 1 ], [ "BUTCHER", 9 ] ]
  },
  {
    "id": "rapier_fake",
    "type": "GENERIC",
    "symbol": "/",
    "color": "light_gray",
    "name": "刺剑",
    "description": "很适合绅士与剑士使用的武器，轻盈而迅捷，可以适用于各种战斗。",
    "price": 9800,
    "price_postapoc": 0,
    "material": "steel",
    "techniques": [ "RAPID", "WBLOCK_2", "repose" ],
    "flags": "SHEATH_SWORD",
    "weight": 660,
    "volume": 6,
    "bashing": 4,
    "cutting": 2,
    "to_hit": 2,
    "category": "weapons"
  },
  {
    "id": "wakizashi_fake",
    "type": "GENERIC",
    "symbol": "/",
    "color": "light_gray",
    "name": "肋差",
    "description": "一把廉价的复制品，相对而言比较常见的日式短剑。此款外观、造型和材料与正品有差异，为廉价复制品。",
    "price": 7800,
    "price_postapoc": 0,
    "material": "steel",
    "techniques": [ "RAPID", "WBLOCK_1", "repose", "stuck_in_2" ],
    "flags": "SHEATH_SWORD",
    "weight": 557,
    "volume": 6,
    "bashing": 4,
    "cutting": 2,
    "to_hit": 1,
    "category": "weapons"
  },
  {
    "id": "wakizashi_inferior",
    "type": "TOOL",
    "symbol": "/",
    "color": "light_gray",
    "name": "肋差",
    "name_plural": "肋差",
    "description": "这是一种比较常见的日本短刀。此款是做工不佳且有大量损坏的劣质品。",
    "price": 17800,
    "material": "budget_steel",
    "techniques": [ "RAPID", "WBLOCK_1", "repose", "stuck_in_2" ],
    "flags": [ "SHEATH_SWORD" ],
    "weight": 835,
    "volume": 6,
    "bashing": 3,
    "cutting": 20,
    "to_hit": 1,
    "category": "weapons",
    "qualities": [ [ "CUT", 1 ], [ "BUTCHER", 13 ] ]
  },
  {
    "id": "kris_fake",
    "type": "GENERIC",
    "symbol": "/",
    "color": "dark_gray",
    "name": "蛇剑",
    "name_plural": "蛇剑",
    "description": "一柄起源于爪哇的短剑，是马来人的特有武器，长约40-60厘米，剑刃呈蛇状波形，多为仪式所用。此款外观、造型和材料与正品有差异，为廉价复制品。",
    "price": 3800,
    "price_postapoc": 0,
    "material": "steel",
    "techniques": [ "RAPID", "repose" ],
    "weight": 558,
    "volume": 3,
    "bashing": 2,
    "cutting": 2,
    "flags": "SHEATH_SWORD",
    "to_hit": 1,
    "category": "weapons"
  },
  {
    "id": "estoc",
    "type": "GENERIC",
    "symbol": "/",
    "color": "light_gray",
    "name": "穿甲刺剑",
    "description": "这是一把细长的类似于长剑的剑，是西洋刺剑的前身。相较于其他较小的剑，它需要刀鞘（背）或刀鞘（肩）来收起。",
    "price": 135000,
    "material": "steel",
    "techniques": [ "WBLOCK_2", "PRECISE", "repose" ],
    "flags": [ "STAB", "DURABLE_MELEE", "SHEATH_SWORD" ],
    "weight": 1814,
    "volume": 11,
    "bashing": 4,
    "cutting": 38,
    "to_hit": 2,
    "category": "weapons"
  },
  {
    "id": "estoc_fake",
    "type": "GENERIC",
    "symbol": "/",
    "color": "light_gray",
    "name": "穿甲刺剑",
    "description": "这是一把细长的类似于长剑的剑的廉价复制品，是西洋刺剑的前身。相较于其他较小的剑，它需要刀鞘（背）或刀鞘（肩）来收起。",
    "price": 13500,
    "price_postapoc": 0,
    "material": "aluminum",
    "techniques": [ "WBLOCK_2", "PRECISE", "repose" ],
    "flags": "SHEATH_SWORD",
    "weight": 939,
    "volume": 11,
    "bashing": 4,
    "cutting": 2,
    "to_hit": 2,
    "category": "weapons"
  },
  {
    "id": "pipe_solid",
    "type": "GENERIC",
    "category": "spare_parts",
    "name": "金属棒",
    "description": "一个很长很坚固的金属棒，虽然笨重。但是如果你有足够的力量驾驭它的话，它会成为一个非常优秀的近战武器。",
    "weight": 6850,
    "volume": 9,
    "price": 7500,
    "price_postapoc": 1700,
    "to_hit": -2,
    "bashing": 26,
    "material": [ "iron", "steel" ],
    "symbol": "/",
    "color": "dark_gray",
    "techniques": [ "WIDE", "BRUTAL", "heavy_blow" ],
    "flags": [ "DURABLE_MELEE" ]
  },
  {
    "id": "pipe_solid_spear",
    "type": "GENERIC",
    "category": "weapons",
    "name": "尖锐的金属棒",
    "description": "一个很长很坚固的金属棒，头部被打磨成尖头。使用起来仍然有些笨拙，但是不失为一个优秀的近战武器。",
    "weight": 6695,
    "volume": 9,
    "price": 7500,
    "price_postapoc": 5100,
    "to_hit": -1,
    "bashing": 26,
    "cutting": 8,
    "material": [ "iron", "steel" ],
    "symbol": "/",
    "color": "dark_gray",
    "techniques": [ "WIDE", "BRUTAL", "heavy_blow" ],
    "flags": [ "DURABLE_MELEE", "SPEAR" ]
  }
]
