[
  {
    "id": "popcan_stove",
    "type": "TOOL",
    "name": "汽水罐炉具",
    "description": "这是一个超轻型酒精燃烧炉，有着用铝罐手工加工而成的火力密封环。它配备了一个250毫升的塑料瓶，以容纳提炼过的酒精燃料。",
    "weight": 45,
    "volume": 3,
    "price": 250,
    "bashing": 1,
    "material": "aluminum",
    "symbol": ";",
    "color": "light_gray",
    "ammo": "conc_alcohol",
    "sub": "hotplate",
    "initial_charges": 140,
    "max_charges": 250,
    "charges_per_use": 4,
    "use_action": "HOTPLATE"
  },
  {
    "id": "pipe_launcher40mm",
    "type": "GUNMOD",
    "name": "自制 40mm 榴弹发射器",
    "description": "一个自制的简易发射器，可以安装到几乎任何步枪上。每次装填一发40mm榴弹。",
    "weight": 2080,
    "volume": 3,
    "price": 25000,
    "material": [ "steel", "plastic" ],
    "symbol": ":",
    "color": "light_gray",
    "location": "underbarrel",
    "mod_targets": [ "rifle", "crossbow", "shotgun" ],
    "gun_data": { "ammo": "40mm", "skill": "launcher", "dispersion": 450, "durability": 10, "clip_size": 1 },
    "dispersion_modifier": 60,
    "min_skills": [ [ "gun", 1 ] ]
  }
]
