[
  {
    "id": "skirt_leather",
    "copy-from": "skirt_leather",
    "type": "ARMOR",
    "name": "皮裙",
    "extend": { "flags": [ "FANCY" ] }
  },
  {
    "id": "long_glove_white",
    "copy-from": "long_glove_white",
    "type": "ARMOR",
    "name": "一双特长的白色手套",
    "name_plural": "一双特长的白色手套s",
    "color": "white",
    "extend": { "flags": [ "FANCY" ] }
  },
  {
    "id": "knee_high_boots",
    "copy-from": "knee_high_boots",
    "type": "ARMOR",
    "name": "一双过膝长靴",
    "name_plural": "一双过膝长靴",
    "extend": { "flags": [ "FANCY" ] }
  },
  {
    "id": "thigh_high_boots",
    "copy-from": "thigh_high_boots",
    "type": "ARMOR",
    "name": "一双长筒靴",
    "name_plural": "一双长筒靴",
    "extend": { "flags": [ "FANCY" ] }
  },
  {
    "id": "bikini_bottom",
    "copy-from": "bikini_bottom",
    "type": "ARMOR",
    "name": "比基尼泳裤",
    "extend": { "flags": [ "FANCY" ] }
  },
  {
    "id": "bikini_top",
    "copy-from": "bikini_top",
    "type": "ARMOR",
    "name": "比基尼上衣",
    "extend": { "flags": [ "FANCY" ] }
  },
  {
    "id": "bikini_top_fur",
    "copy-from": "bikini_top_fur",
    "type": "ARMOR",
    "name": "皮草比基尼上衣",
    "extend": { "flags": [ "FANCY" ] }
  },
  {
    "id": "bikini_top_leather",
    "copy-from": "bikini_top_leather",
    "type": "ARMOR",
    "name": "皮革比基尼上装",
    "extend": { "flags": [ "FANCY" ] }
  },
  {
    "id": "wetsuit_spring",
    "copy-from": "wetsuit_spring",
    "type": "ARMOR",
    "name": "春装",
    "extend": { "flags": [ "FANCY" ] }
  },
  {
    "id": "bondage_suit",
    "copy-from": "bondage_suit",
    "type": "ARMOR",
    "name": "束缚套装",
    "extend": { "flags": [ "FANCY" ] }
  },
  {
    "id": "cowboy_hat",
    "copy-from": "cowboy_hat",
    "type": "ARMOR",
    "name": "牛仔帽",
    "extend": { "flags": [ "FANCY" ] }
  },
  {
    "id": "nanoskirt",
    "copy-from": "nanoskirt",
    "type": "ARMOR",
    "name": "纳米裙",
    "extend": { "flags": [ "SUPER_FANCY" ] },
    "delete": { "flags": [ "FANCY" ] }
  }
]
