[
  {
    "type": "snippet",
    "category": "years_old_news",
    "text": [ "增加就业的联合研究项目:最近的一项声明证实了几个商业和军事研究公司联合研究项目的传言，该项目的目标是合作推进几个前沿领域。虽然目前细节还不清楚，但预计该项目将在各个领域和部门创造数千个就业机会。" ]
  },
  {
    "type": "snippet",
    "category": "one_year_old_news",
    "text": [
      "血腥角斗场：警方和联邦官员发现了一系列地下“角斗士游戏”的最新线索，这些游戏涉及被绑架的受害者，他们被强行改造后进行搏斗。最近的一次行动解救了几名受害者，但目前为止还没能确定或逮捕嫌疑人。"
    ]
  },
  {
    "type": "snippet",
    "category": "note",
    "text": [
      "\"我对我看到的那个笨手笨脚的人感到敬畏.  Absolute UNIT\"",
      "\"前几天看见一群大家伙跟着一个更大的穿着盔甲的家伙身后。\"",
      "\"他们看起来像死人，但他们开枪像男人。\"",
      "\"轮子转得真快，我用了好几天激光!直到我的手臂脱落。\"",
      "\"这里本来挺不错的一个地方，直到我那混蛋朋友死在了那里，很快事情就变得一团糟了。\"",
      "\"人类已经过时了\""
    ]
  },
  {
    "type": "snippet",
    "category": "note_apophis",
    "text": [
      "\"主任身份已确认，已与Mesektet项目研究所取得联系。并将他们与整个地区的商业和军事研究指示联系起来。\"",
      "\"我们已经追踪到了其他项目的主要修复和处置场所，主任对于第一单元表示了兴趣。\"",
      "\"第一单元保持待机状态，以防“干扰”给我们带来任何困难。应向研究主任提供现场启动的应急计划。\"",
      "\"3-XII正在向这个地点派遣一个小队，4-VII的一个小队紧随其后，以确保不受敌对行动的影响。尽可能地合作，但不要让他们进入实验室。\"",
      "\"我们已得到确认，他们是在跟踪我们。尽可能拖延他们的到达时间。指挥中心将会接通第一单元。\""
    ]
  }
]
