[
  {
    "type": "TOOL",
    "id": "unbio_bladed_weapon",
    "name": "单分子刺刀",
    "description": "高科技合金制成的刺刀,边缘镶嵌纳米晶体，焊接的金属手柄和护手允许你握住它,而不用切开你的手，可以用于改装枪械。",
    "weight": 250,
    "to_hit": 2,
    "color": "dark_gray",
    "symbol": "{",
    "material": [ "superalloy", "steel" ],
    "techniques": [ "WBLOCK_1" ],
    "volume": 4,
    "bashing": 4,
    "cutting": 32,
    "flags": [ "STAB", "UNBREAKABLE_MELEE", "SHEATH_KNIFE" ],
    "price": 420000,
    "qualities": [ [ "CUT", 1 ], [ "BUTCHER", 22 ] ],
    "gunmod_data": {
      "location": "underbarrel",
      "mod_targets": [ "shotgun", "rifle", "smg", "crossbow" ],
      "dispersion_modifier": 8,
      "mode_modifier": [ [ "REACH", "bayonet", 2, [ "MELEE" ] ] ],
      "min_skills": [ [ "weapon", 2 ], [ "melee", 1 ] ]
    }
  },
  {
    "type": "TOOL",
    "id": "unbio_sword_weapon",
    "name": "单分子铳剑",
    "description": "高科技合金制成的铳剑,边缘镶嵌纳米晶体，焊接的金属手柄和护手允许你握住它,而不用切开你的手，可以用于改装枪械。",
    "weight": 250,
    "to_hit": 2,
    "color": "dark_gray",
    "symbol": "{",
    "material": [ "superalloy", "steel" ],
    "techniques": [ "RAPID", "WBLOCK_2" ],
    "volume": 10,
    "bashing": 4,
    "cutting": 44,
    "flags": [ "STAB", "UNBREAKABLE_MELEE", "SHEATH_SWORD" ],
    "price": 420000,
    "qualities": [ [ "CUT", 1 ], [ "BUTCHER", 20 ] ],
    "gunmod_data": {
      "location": "underbarrel",
      "mod_targets": [ "shotgun", "rifle" ],
      "dispersion_modifier": 10,
      "mode_modifier": [ [ "REACH", "bayonet", 2, [ "MELEE" ] ] ],
      "min_skills": [ [ "weapon", 2 ], [ "melee", 1 ] ]
    }
  },
  {
    "type": "TOOL",
    "id": "unbio_claws_weapon",
    "name": "仿生爪指节套",
    "name_plural": "仿生爪指节套",
    "description": "短而锋利的爪子由高科技金属焊接到金属关节上。轻而快速，挥舞它们的感觉就像你是赤手空拳。",
    "weight": 200,
    "to_hit": 3,
    "color": "light_gray",
    "symbol": "{",
    "material": [ "superalloy", "steel" ],
    "volume": 3,
    "bashing": 10,
    "cutting": 14,
    "flags": [ "STAB", "UNARMED_WEAPON", "UNBREAKABLE_MELEE" ],
    "price": 420000,
    "qualities": [ [ "CUT", 1 ], [ "BUTCHER", 12 ] ]
  },
  {
    "type": "TOOL",
    "id": "flesh_knife",
    "name": "生物刀刃", 
    "description": "一英尺长的刀，由金属制成，周围有肉和骨头。它的刀锋由锋利的锯齿状突起组成。它的骨柄护手形状非常完美的贴合手掌。握着它会让你觉得有强大的力量……这种感觉随着时间的推移而增强。",
    "weight": 220,
    "to_hit": 3,
    "color": "dark_red",
    "symbol": "/",
    "looks_like": "flesh_blade",
    "material": [ "flesh", "superalloy" ],
    "techniques": [ "WBLOCK_1", "PRECISE", "RAPID" ],
    "volume": 2,
    "bashing": 2,
    "cutting": 18,
    "flags": [ "NON_STUCK", "UNBREAKABLE_MELEE", "UNARMED_WEAPON" ],
    "price": 580000,
    "qualities": [ [ "CUT", 1 ], [ "BUTCHER", 10 ] ],
    "use_action": [ "ARTIFACT" ],
    "artifact_data": {
      "effects_carried": [ "AEP_ATTENTION" ],
      "effects_wielded": [ "AEP_SICK", "AEP_EVIL", "AEP_SAP_LIFE", "AEP_MUTAGENIC" ]
    }
  },
  {
    "type": "TOOL",
    "id": "flesh_blade",
    "name": "生物长剑",
    "description": "经过多次升级，你的刀刃变成了接近一米长的长剑，这个长度非常适合战斗。当你握住剑柄的时候，肉质物体紧紧包裹住你的手。如果你“喂饱”它，你将会召唤它的破坏力……",
    "weight": 680,
    "to_hit": 2,
    "max_charges": 10,
    "charges_per_use": 1,
    "color": "dark_red",
    "symbol": "/",
    "material": [ "flesh", "superalloy" ],
    "techniques": [ "WBLOCK_2", "PRECISE", "RAPID" ],
    "volume": 6,
    "bashing": 2,
    "cutting": 25,
    "flags": [ "NON_STUCK", "UNBREAKABLE_MELEE", "UNARMED_WEAPON" ],
    "price": 580000,
    "qualities": [ [ "CUT", 1 ], [ "BUTCHER", 10 ] ],
    "use_action": [
      "ARTIFACT",
      {
        "target": "flesh_blade_on",
        "msg": "当刀锋上的血肉凝固成活生生的钢铁时，你会有一种腐朽和衰退的感觉。",
        "target_charges": 10,
        "active": true,
        "need_charges": 1,
        "need_charges_msg": "刀锋颤抖着，但没有发生什么。",
        "menu_text": "让衰退继续下去",
        "type": "transform"
      }
    ],
    "artifact_data": {
      "charge_type": "ARTC_HP",
      "effects_carried": [ "AEP_ATTENTION" ],
      "effects_wielded": [ "AEP_SICK", "AEP_EVIL", "AEP_SAP_LIFE", "AEP_MUTAGENIC" ],
      "effects_activated": [ "AEA_BLOOD", "AEA_ATTENTION", "AEA_PAIN", "AEA_ADRENALINE", "AEA_FUN", "AEA_MUTATE" ]
    }
  },
  {
    "type": "TOOL",
    "id": "flesh_blade_on",
    "name": "生物长剑(激活)",
    "name_plural": "生物长剑(激活)",
    "description": "你激活了刀锋的力量。金属和肉缠着你的手，它不肯松开。一种本能的嗜血欲望在你的脑海中挥之不去，让你很难集中精力去想要消除它。",
    "initial_charges": 10,
    "max_charges": 10,
    "turns_per_charge": 5,
    "revert_to": "flesh_blade",
    "revert_msg": "血肉松开了你的手。",
    "weight": 680,
    "to_hit": 1,
    "color": "dark_red",
    "symbol": "/",
    "material": [ "flesh", "superalloy" ],
    "techniques": [ "WBLOCK_2", "PRECISE", "BRUTAL" ],
    "volume": 6,
    "bashing": 2,
    "cutting": 100,
    "flags": [ "UNBREAKABLE_MELEE", "NO_UNWIELD", "UNARMED_WEAPON" ],
    "price": 580000,
    "qualities": [ [ "CUT", 1 ], [ "BUTCHER", 10 ] ],
    "artifact_data": {
      "effects_carried": [ "AEP_ATTENTION" ],
      "effects_wielded": [
        "AEP_STR_UP",
        "AEP_DEX_UP",
        "AEP_SPEED_UP",
        "AEP_ALL_DOWN",
        "AEP_SICK",
        "AEP_EVIL",
        "AEP_SAP_LIFE",
        "AEP_MUTAGENIC",
        "AEP_SCHIZO"
      ]
    }
  }
]
