[
  {
    "id": "rep_crossbow",
    "copy-from": "rep_crossbow",
    "type": "GUN",
    "name": "连弩",
    "skill": "rifle",
    "burst": 5
  },
  {
    "id": "coilgun",
    "copy-from": "coilgun",
    "type": "GUN",
    "name": "电磁炮",
    "burst": 10,
    "ups_charges": 5,
    "valid_mod_locations": [ [ "accessories", 4 ], [ "grip", 1 ], [ "sights", 1 ], [ "stock", 1 ] ]
  },
  {
    "id": "laser_rifle",
    "copy-from": "laser_rifle",
    "type": "GUN",
    "name": "A7 激光步枪",
    "pierce": 5,
    "dispersion": 0,
    "ups_charges": 25
  },
  {
    "id": "v29_cheap",
    "copy-from": "v29_cheap",
    "type": "GUN",
    "name": "自制激光手枪",
    "range": 15,
    "ranged_damage": 10,
    "pierce": 2,
    "dispersion": 50,
    "ups_charges": 15,
    "reload": 50
  },
  {
    "id": "v29",
    "copy-from": "v29",
    "type": "GUN",
    "name": "V29 激光手枪",
    "range": 20,
    "pierce": 2,
    "dispersion": 50,
    "ups_charges": 10,
    "reload": 25
  }
]
