[
  {
    "id": "manual_HAK_FOO",
    "type": "BOOK",
    "name": "成龙历险记",
    "description": "一本有趣的漫画书，讲述了成龙一家有趣的历险故事，成龙和小玉在世界各地探索各种神秘悬疑的谜团，生活和经历中充满着许多奇幻色彩，其中有关武功和魔法，包含了亲情和友情，以及中国文化的元素。",
    "symbol": "?",
	"color": "blue",
	"material": ["paper"],
	"intelligence" : 1,
	"time" : 100,
	"required_level" : 1,
	"use_action": "MA_MANUAL"
  }
]