[
  {
    "id": "triffid_garland",
    "type": "ARMOR",
    "name": "triffid garland",
    "description": "A wreath of brightly-colored flowers from another world, worn around the neck.  Aside from the otherworldly beauty afforded by its petals, it has no practical use.",
    "weight": 40,
    "volume": 0,
    "price": 1200,
    "material": [ "veggy" ],
    "symbol": "[",
    "looks_like": "necklace",
    "color": "light_red",
    "flags": [ "FANCY" ]
  },
  {
    "id": "amulet_exotic",
    "type": "TOOL_ARMOR",
    "name": "exotic amulet",
    "description": "A makeshift necklace with a single gem, a charm worked from some manner of unnatural material.",
    "weight": 60,
    "volume": 0,
    "price": 10000,
    "material": [ "stone" ],
    "symbol": "[",
    "looks_like": "holy_symbol",
    "color": "light_gray",
    "flags": [ "FANCY" ],
    "use_action": "MEDITATE"
  },
  {
    "id": "brooch_iridescent",
    "type": "ARMOR",
    "name": "iridescent brooch",
    "name_plural": "iridescent brooches",
    "description": "A hand-crafted disc brooch made from a strange, unearthly material vaguely resembling mother-of-pearl.",
    "weight": 52,
    "volume": 0,
    "price": 9000,
    "material": [ "stone" ],
    "symbol": "[",
    "looks_like": "brooch",
    "color": "dark_gray",
    "flags": [ "FANCY" ]
  },
  {
    "id": "mana_gem",
    "type": "ARMOR",
    "name": "mana gem",
    "description": "A strange blue stone set in a copper talisman, worn around the neck.  It is capable of storing a considerable reserve of various sorts of magical energy.",
    "weight": 250,
    "volume": 0,
    "price": 6400,
    "material": [ "copper", "essencemat" ],
    "symbol": "[",
    "looks_like": "holy_symbol",
    "color": "blue",
    "use_action": { "type": "bandolier", "capacity": 200, "ammo": [ "essence_type", "essence_blood_type", "essence_dull_type" ] }
  },
  {
    "id": "satchel_eternity",
    "type": "ARMOR",
    "name": "satchel of eternity",
    "name_plural": "satchels of eternity",
    "//": "A quarter the storage of Blazemod cargo dimensions.",
    "description": "A small fabric pouch decorated with ornate textile imagery depicting an otherworldly abstract pattern, further adorned with copper rings and clasps.  It is said to represent the search for greater knowledge of the unknown, focused by a drive to find utility and purpose in new discoveries.  It uses the power of a vortex to create a useful storage item, but the portal's instability can draw attention from Beyond.",
    "weight": 610,
    "volume": 2,
    "price": 1000,
    "to_hit": 1,
    "bashing": 1,
    "material": [ "cotton", "copper" ],
    "symbol": "[",
    "looks_like": "leather_pouch",
    "color": "light_red",
    "covers": [ "TORSO" ],
    "coverage": 15,
    "encumbrance": 15,
    "storage": 250,
    "material_thickness": 1,
    "artifact_data": { "effects_worn": [ "AEP_CARRY_MORE", "AEP_ATTENTION" ] },
    "flags": [ "WAIST", "OVERSIZE" ]
  }
]
