[
  {
    "id": "book_magicfordummies",
    "type": "BOOK",
    "name": "Apprentice's Notes",
    "name_plural": "Apprentice's Notes",
    "description": "A series of handwritten notes by a student of some esoteric order.  At first the subject seems to be simple religious rituals, but it soon delves into more ...anomalous practices.",
    "weight": 454,
    "volume": 2,
    "price": 40000,
    "material": [ "paper" ],
    "symbol": "?",
    "looks_like": "recipe_creepy",
    "color": "light_gray",
    "skill": "magic",
    "required_level": 0,
    "max_level": 1,
    "intelligence": 8,
    "time": 10,
    "fun": -1
  },
  {
    "id": "book_potioncraft",
    "type": "BOOK",
    "name": "History of Alchemy",
    "name_plural": "Histories of Alchemy",
    "description": "A series of translated excerpts from several ancient books on the concept of alchemy, along with annotations.  This book presents an unconventional interpretation of the works discussed, and haphazardly segues into the author's own failed attempt to create the \"lapis philosophorum\" and \"alkahest\".  Despite this, some of the unconventional chemistry discussed might be useful.",
    "weight": 454,
    "volume": 4,
    "price": 40000,
    "material": [ "paper" ],
    "symbol": "?",
    "looks_like": "textbook_gaswarfare",
    "color": "green",
    "skill": "magic",
    "required_level": 0,
    "max_level": 3,
    "intelligence": 9,
    "time": 10,
    "fun": 0
  },
  {
    "id": "book_scrollcraft",
    "type": "BOOK",
    "name": "The Six Pillars",
    "name_plural": "The Six Pillars",
    "//": "Implies that interpreting the coded verses are the most difficult part, the magic itself is low-mid level in complexity.",
    "description": "A book depicting six strange symbols on the cover.  The text uses mythological concepts and metaphors to disguise magical formulae, concealing its knowledge within stories of an otherworldly pantheon.",
    "weight": 454,
    "volume": 4,
    "price": 40000,
    "material": [ "paper" ],
    "symbol": "?",
    "looks_like": "book_philosophy",
    "color": "brown",
    "skill": "magic",
    "required_level": 2,
    "max_level": 5,
    "intelligence": 11,
    "time": 40,
    "fun": -2,
    "flags": [ "INSPIRATIONAL" ]
  },
  {
    "id": "book_bloodmagic",
    "type": "BOOK",
    "name": "Sanguine Codex",
    "name_plural": "Sanguine Codices",
    "description": "A book written in dark, brown ink that almost resembles dried blood.  It illustrates several painful-looking rituals for drawing powerful energy from the blood of living creatures, the practices of an order of blood mages.",
    "weight": 454,
    "volume": 4,
    "price": 40000,
    "material": [ "paper" ],
    "symbol": "?",
    "looks_like": "textbook_chemistry",
    "color": "red",
    "skill": "magic",
    "required_level": 3,
    "max_level": 6,
    "intelligence": 10,
    "time": 20,
    "fun": -4
  },
  {
    "id": "book_hexenhammer",
    "type": "BOOK",
    "name": "The Cleansing Flame",
    "name_plural": "The Cleansing Flame",
    "description": "A book written by some esoteric religious order, dedicated to destroying the otherworldly things intruding upon this realm.  The tools of their trade rely on a sanctioned form of magic, using \"consecrated\" essence they deemed safe to use.",
    "weight": 454,
    "volume": 4,
    "price": 40000,
    "material": [ "paper" ],
    "symbol": "?",
    "looks_like": "holybook_bible2",
    "color": "light_blue",
    "skill": "magic",
    "required_level": 4,
    "max_level": 7,
    "intelligence": 9,
    "time": 20,
    "fun": -1,
    "flags": [ "INSPIRATIONAL" ]
  },
  {
    "id": "book_sacrifice",
    "type": "BOOK",
    "name": "Oaths to the Chalice",
    "name_plural": "Oaths to the Chalice",
    "description": "A strange book with a trident motif on the cover, describing the morbid rituals of some otherworldly cult, preaching of He From Beyond The Veil.  The level of detail these rituals go into is disturbing, yet informative.",
    "weight": 454,
    "volume": 4,
    "price": 40000,
    "material": [ "paper" ],
    "symbol": "?",
    "looks_like": "holybook_bible1",
    "color": "blue",
    "skill": "magic",
    "required_level": 5,
    "max_level": 8,
    "intelligence": 10,
    "time": 30,
    "fun": -3,
    "flags": [ "INSPIRATIONAL" ]
  },
  {
    "id": "book_syncretism",
    "type": "BOOK",
    "name": "A Story in Shadow",
    "name_plural": "A Story in Shadow",
    "description": "A book discussing the histories of a few peculiar cults and religious orders, and their conflicts during the years up until shortly before the cataclysm.  It describes a number of peculiar rituals and concepts based on the philosophies of the major groups mentioned, along with musing on their respective strengths and flaws.",
    "weight": 454,
    "volume": 4,
    "price": 40000,
    "material": [ "paper" ],
    "symbol": "?",
    "looks_like": "holybook_kojiki",
    "color": "light_gray",
    "skill": "magic",
    "required_level": 4,
    "max_level": 9,
    "intelligence": 10,
    "time": 45,
    "fun": -2
  },
  {
    "id": "book_summoning",
    "type": "BOOK",
    "name": "To Master the Unknown",
    "name_plural": "To Master the Unknown",
    "description": "A book describing several otherworldly creatures and their origins, or at least conjecture on those origins.  Stranger still, it describes experiments in summoning and  ...controlling them?",
    "weight": 454,
    "volume": 4,
    "price": 40000,
    "material": [ "paper" ],
    "symbol": "?",
    "looks_like": "welding_book",
    "color": "dark_gray",
    "skill": "magic",
    "required_level": 6,
    "max_level": 10,
    "intelligence": 11,
    "time": 45,
    "fun": -3
  },
  {
    "id": "note_grove",
    "copy-from": "arcana_note_base",
    "type": "GENERIC",
    "name": "tattered note",
    "description": "An old, worn scrap of paper with writing scrawled on it.",
    "snippet_category": "note_grove"
  },
  {
    "id": "note_sanguine",
    "copy-from": "arcana_note_base",
    "type": "GENERIC",
    "name": "blood-stained note",
    "description": "An scrap of paper marred by old, dried blood.",
    "snippet_category": "note_sanguine"
  },
  {
    "id": "note_chalice",
    "copy-from": "arcana_note_base",
    "type": "GENERIC",
    "name": "strange note",
    "description": "A sheet of paper, with peculiar writing on it.",
    "snippet_category": "note_chalice"
  },
  {
    "id": "note_flame",
    "copy-from": "arcana_note_base",
    "type": "GENERIC",
    "name": "singed note",
    "description": "A piece of paper with writing on it, edges scorched as if it was hastily rescued from the fireplace.",
    "snippet_category": "note_flame"
  },
  {
    "id": "note_sanguine_tenet",
    "copy-from": "arcana_note_base",
    "type": "GENERIC",
    "name": "blood-stained note",
    "description": "An scrap of paper marred by old, dried blood.",
    "snippet_category": "note_sanguine_tenet"
  },
  {
    "id": "note_chalice_tenet",
    "copy-from": "arcana_note_base",
    "type": "GENERIC",
    "name": "strange note",
    "description": "A sheet of paper, with peculiar writing on it.",
    "snippet_category": "note_chalice_tenet"
  },
  {
    "id": "note_flame_tenet",
    "copy-from": "arcana_note_base",
    "type": "GENERIC",
    "name": "singed note",
    "description": "A piece of paper with writing on it, edges scorched as if it was hastily rescued from the fireplace.",
    "snippet_category": "note_flame_tenet"
  },
  {
    "id": "note_starry_missive",
    "copy-from": "arcana_note_base",
    "type": "GENERIC",
    "name": "old letter",
    "description": "A weathered old piece of paper.",
    "snippet_category": "note_starry_correspondence"
  },
  {
    "id": "note_soa_mission",
    "copy-from": "arcana_note_base",
    "type": "GENERIC",
    "name": "folded note",
    "description": "A neatly-folded note.",
    "snippet_category": "note_soa_journal"
  },
  {
    "id": "arcanemap",
    "type": "GENERIC",
    "category": "books",
    "name": "strange map",
    "description": "This is a hand-drawn map of the local area.  Whoever created this has marked several places seemingly in the middle of nowhere.  Using it will mark these strange locations on your map.",
    "weight": 30,
    "volume": 1,
    "price": 1000,
    "to_hit": -1,
    "material": "paper",
    "symbol": ";",
    "looks_like": "survivormap",
    "color": "white",
    "use_action": {
      "type": "reveal_map",
      "radius": 180,
      "terrain": [
        "curious_structure",
        "strange_grove",
        "impact_site",
        "island_temple_1",
        "island_temple_2",
        "island_temple_3",
        "island_temple_4",
        "cabin_strange",
        "standing_stones",
        "temple_stairs",
        "shrine_anomaly"
      ],
      "message": "You add strange temples, ruined shrines, curious structures, impact sites, peculiar shrines, and strange groves to your map."
    }
  },
  {
    "id": "index_potioncraft",
    "copy-from": "arcana_note_base",
    "sub": "book_potioncraft",
    "type": "TOOL",
    "name": "alchemical reference notes",
    "name_plural": "alchemical reference notes",
    "weight": 60,
    "volume": "100ml",
    "description": "An assortment of neatly-folded papers filled with esoteric chemical formulae and historical footnotes, some of which seem to be excerpts from old texts in Greek, Latin, Arabic, and even Chinese.  It details the findings and practices of an experienced alchemist, containing nothing but essential information and reminders for the presumably well-learned author's benefit."
  },
  {
    "id": "index_scrollcraft",
    "copy-from": "arcana_note_base",
    "sub": "book_scrollcraft",
    "type": "TOOL",
    "name": "scribe's reference notes",
    "name_plural": "scribe's reference notes",
    "weight": 60,
    "volume": "100ml",
    "description": "A handful of rolled up papers, filled with quotations and crude sketches of strange religious scenery.  It details the studies of an experienced scribe well-versed in knowledge disguised as exotic religious poetry, containing nothing but essential information and reminders for the presumably well-learned author's benefit."
  },
  {
    "id": "index_bloodmagic",
    "copy-from": "arcana_note_base",
    "sub": "book_bloodmagic",
    "type": "TOOL",
    "name": "sanguinist's reference notes",
    "name_plural": "sanguinist's reference notes",
    "weight": 60,
    "volume": "100ml",
    "description": "A dog-eared, ragged collection of papers, filled with outlines of morbid rituals and macabre references on matters of blood.  It details the studies of an experienced blood mage, containing nothing but essential information and reminders for the presumably well-learned author's benefit."
  },
  {
    "id": "index_hexenhammer",
    "copy-from": "arcana_note_base",
    "sub": "book_hexenhammer",
    "type": "TOOL",
    "name": "Cleansing Flame reference notes",
    "name_plural": "Cleansing Flame reference notes",
    "weight": 60,
    "volume": "100ml",
    "description": "A carefully-gathered collection of papers outlining sacred rites and vital practices, mixing various religious practices attested to a order dedicated protecting humanity from dangerous magic.  It details the studies of an experienced mage hunter, containing nothing but essential information and reminders for the presumably well-learned author's benefit."
  },
  {
    "id": "index_sacrifice",
    "copy-from": "arcana_note_base",
    "sub": "book_sacrifice",
    "type": "TOOL",
    "name": "occult reference notes",
    "name_plural": "occult reference notes",
    "weight": 60,
    "volume": "100ml",
    "description": "A carefully-preserved assortment of papers, mostly filled with hymns to an otherworldly god and other unusual quotations.  On further reading it becomes evident that each song and passage holds ritual purpose, detailing the studies of an experienced scholar of this unearthly faith, containing nothing but essential information and reminders for the presumably well-learned author's benefit."
  },
  {
    "id": "index_syncretism",
    "copy-from": "arcana_note_base",
    "sub": "book_syncretism",
    "type": "TOOL",
    "name": "arcane reference notes",
    "name_plural": "arcane reference notes",
    "weight": 60,
    "volume": "100ml",
    "description": "A mish-mash of papers filled with all manner of strange rituals seemingly from various contradictory sources. Whoever wrote this collection was a student of a well-traveled arcanist, filling their own research with essential information and reminders for the presumably well-learned author's benefit."
  },
  {
    "id": "index_summoning",
    "copy-from": "arcana_note_base",
    "sub": "book_summoning",
    "type": "TOOL",
    "name": "summoner's reference notes",
    "name_plural": "summoner's reference notes",
    "weight": 60,
    "volume": "100ml",
    "description": "A neatly-ordered collection of papers, filled with strange symbols and rambling writing.  At several points the text is interrupted by detailed sketches of disturbing otherwordly horrors.  It details the findings of an experienced summoner, containing nothing but essential information and reminders for the presumably well-learned author's benefit."
  }
]
