[
  {
    "id": "totem_elecresist",
    "copy-from": "totem_base",
    "type": "TOOL",
    "name": "Amber Seal: Lightning Ward",
    "name_plural": "Amber Seal: Lightning Ward",
    "description": "A small chunk of carved otherworldly amber.  Activate it to focus your mind and create a magic sign, granting protection against lightning.  This will expend the item entirely.",
    "color": "light_grey",
    "use_action": {
      "target": "spell_elecresist_on",
      "msg": "You conjure a lightning ward spell.  Drop the sign to dispel it early.",
      "target_charges": 250,
      "active": true,
      "type": "transform"
    }
  },
  {
    "id": "totem_cleric",
    "copy-from": "totem_base",
    "type": "TOOL",
    "name": "Angelic Seal: Ward Against Evil",
    "name_plural": "Angelic Seal: Ward Against Evil",
    "description": "An small winged figurine, carved from a strange iridescent stone.  Activate it to focus your mind and create a magic sign, granting protection against various anomalous effects.  This will expend the item entirely.",
    "color": "light_green",
    "use_action": {
      "target": "spell_cleric_on",
      "msg": "You conjure a protective spell.",
      "target_charges": 0,
      "active": true,
      "type": "transform"
    }
  },
  {
    "id": "totem_agile",
    "copy-from": "totem_base",
    "type": "TOOL",
    "name": "Bone Seal: Agility",
    "name_plural": "Bone Seal: Agility",
    "description": "A small set of dice carved from otherworldly bones.  Activate it to focus your mind and create a magic sign, granting a temporary agility effect.  This will expend the item entirely.",
    "color": "white",
    "use_action": {
      "target": "spell_agile_on",
      "msg": "You conjure an agility spell.",
      "target_charges": 0,
      "active": true,
      "type": "transform"
    }
  },
  {
    "id": "totem_confusion",
    "copy-from": "totem_base",
    "type": "TOOL",
    "name": "Chitinous Seal: Confuse Monsters",
    "name_plural": "Chitinous Seal: Confuse Monsters",
    "description": "A small token carved from a wicked stinger.  Activate it to focus your mind and create a magic sign, confusing monsters all around you.  This will expend the item entirely.",
    "color": "dark_gray",
    "use_action": {
      "target": "spell_confusion_on",
      "msg": "You conjure a spell of confusion.",
      "target_charges": 0,
      "active": true,
      "type": "transform"
    }
  },
  {
    "id": "totem_strength",
    "copy-from": "totem_base",
    "type": "TOOL",
    "name": "Dagger Seal: Might",
    "name_plural": "Dagger Seal: Might",
    "description": "A miniature dagger carved from strange ivory.  Activate it to focus your mind and create a magic sign, granting a temporary boost to strength.  This will expend the item entirely.",
    "color": "white",
    "use_action": {
      "target": "spell_strength_on",
      "msg": "You conjure a spell of might.",
      "target_charges": 0,
      "active": true,
      "type": "transform"
    }
  },
  {
    "id": "totem_clairvoyance",
    "copy-from": "totem_base",
    "type": "TOOL",
    "name": "Eternity Seal: Clairvoyance",
    "name_plural": "Eternity Seal: Clairvoyance",
    "description": "A small cabochon of dark, shimmering ivory.  Activate it to focus your mind and create a magic sign, granting a temporary clairvoyance effect.  This will expend the item entirely.",
    "color": "light_grey",
    "use_action": {
      "target": "spell_clairvoyance_on",
      "msg": "You conjure a clairvoyance spell.  Drop the sign to dispel it early.",
      "target_charges": 100,
      "active": true,
      "type": "transform"
    }
  },
  {
    "id": "totem_free_action",
    "copy-from": "totem_base",
    "type": "TOOL",
    "name": "Indigo Seal: Free Action",
    "name_plural": "Indigo Seal: Free Action",
    "description": "A small ornament of vibrant purple petals.  Activate it to focus your mind and create a magic sign, granting protection against paralytic effects and other hindrances.  This will expend the item entirely.",
    "color": "magenta",
    "use_action": {
      "target": "spell_free_action_on",
      "msg": "You conjure a protective spell.",
      "target_charges": 0,
      "active": true,
      "type": "transform"
    }
  },
  {
    "id": "totem_invis",
    "copy-from": "totem_base",
    "//": "ID retained to avoid breaking stuff.",
    "type": "TOOL",
    "name": "Obsidian Seal: Serpentine Shield",
    "name_plural": "Obsidian Seal: Serpentine Shield",
    "description": "A piece of unnaturally dark stone, shaped into an eccentric design.  Activate it to focus your mind and create a magic sign, granting a temporary defensive effect that will summon shadowy serpents to aid you.  This will expend the item entirely.",
    "color": "dark_grey",
    "use_action": {
      "target": "spell_shadowsnakes_on",
      "msg": "You conjure a defensive spell.  Drop the sign to dispel it early.",
      "target_charges": 300,
      "active": true,
      "type": "transform"
    }
  },
  {
    "id": "totem_plants",
    "copy-from": "totem_base",
    "type": "TOOL",
    "name": "Scarlet Seal: Overgrowth",
    "name_plural": "Scarlet Seal: Overgrowth",
    "description": "A small ornament of woven petals, an otherworldly vibrant red in hue.  Activate it to focus your mind and create a magic sign, and bring forth the forest.  This will expend the item entirely.",
    "color": "red",
    "use_action": {
      "target": "spell_plants_on",
      "msg": "You conjure a spell of overgrowth.",
      "target_charges": 0,
      "active": true,
      "type": "transform"
    }
  },
  {
    "id": "totem_flamearmor",
    "copy-from": "totem_base",
    "type": "TOOL",
    "name": "Starstone Seal: Flame Armor",
    "name_plural": "Starstone Seal: Flame Armor",
    "description": "A shimmering disc carved from a seemingly meteoric material.  Activate it to focus your mind and create a magic sign, gaining temporary resistance to heat and smoke.  Direct contact with flame will still harm you.  This will expend the item entirely.",
    "color": "dark_gray",
    "use_action": {
      "target": "spell_flamearmor_on",
      "msg": "You conjure a protective spell.",
      "target_charges": 0,
      "active": true,
      "type": "transform"
    }
  },
  {
    "id": "totem_insight",
    "copy-from": "totem_base",
    "type": "TOOL",
    "name": "Tear Seal: Insight",
    "name_plural": "Tear Seal: Insight",
    "description": "A curiously-refractive gem carved from an unearthly blue orb.  Activate it to focus your mind and create a magic sign, granting a temporary boost to perception.  This will expend the item entirely.",
    "color": "white",
    "use_action": {
      "target": "spell_insight_on",
      "msg": "You conjure an insight spell.",
      "target_charges": 0,
      "active": true,
      "type": "transform"
    }
  },
  {
    "id": "totem_clarity",
    "copy-from": "totem_base",
    "type": "TOOL",
    "name": "Thorn Seal: Clarity of Blood",
    "name_plural": "Thorn Seal: Clarity of Blood",
    "description": "A sharp needle carved from a monstrous thorn.  Activate it to focus your mind and create a magic sign, granting protection against parasites and the Mycus.  This will expend the item entirely.",
    "color": "magenta",
    "use_action": {
      "target": "spell_clarity_on",
      "msg": "You conjure a protective spell.",
      "target_charges": 0,
      "active": true,
      "type": "transform"
    }
  },
  {
    "id": "totem_lightning",
    "copy-from": "totem_base",
    "type": "TOOL",
    "name": "Thunder Seal: Shockstorm",
    "name_plural": "Thunder Seal: Shockstorm",
    "description": "A small sliver of strange crystal, flickering as though distant storms rage within.  Activate it to focus your mind and create a magic sign, conjuring lightning all around you.  This will expend the item entirely.",
    "color": "pink",
    "use_action": {
      "target": "spell_lightning_on",
      "msg": "You conjure a lightning spell.",
      "target_charges": 0,
      "active": true,
      "type": "transform"
    }
  },
  {
    "id": "totem_heal",
    "copy-from": "totem_base",
    "type": "TOOL",
    "name": "Woven Seal: Healing",
    "name_plural": "Woven Seal: Healing",
    "description": "A tangled knot of flowing, molded bone.  Activate it to focus your mind and create a magic sign, and heal the body slightly.  This will expend the item entirely.",
    "color": "white",
    "use_action": {
      "target": "spell_heal_on",
      "msg": "You conjure a healing spell.",
      "target_charges": 0,
      "active": true,
      "type": "transform"
    }
  },
  {
    "id": "totem_acidspray",
    "copy-from": "totem_base",
    "type": "TOOL",
    "name": "Wyrm Seal: Acid Spray",
    "name_plural": "Wyrm Seal: Acid Spray",
    "description": "A carved scale of acrid-smelling, otherworldly flesh.  Activate it to focus your mind and create a magic sign, conjuring a spray of acid.  This will expend the item entirely.",
    "color": "blue",
    "use_action": {
      "target": "spell_acidspray_on",
      "msg": "You conjure an acid spray spell.",
      "target_charges": 0,
      "active": true,
      "type": "transform"
    }
  },
  {
    "id": "spell_acidarmor",
    "copy-from": "spell_base",
    "type": "TOOL",
    "name": "Magic Sign: Acid Armor",
    "name_plural": "Magic Sign: Acid Armor",
    "description": "A mote of energy that smells faintly of lye.  Activate it to gain temporary resistance to corrosive effects.  Direct contact with acid will still harm you.  This will expend the item entirely.",
    "color": "green",
    "artifact_data": { "effects_carried": [ "AEP_INT_DOWN" ] },
    "use_action": {
      "target": "spell_acidarmor_on",
      "msg": "You activate the acid armor spell.",
      "target_charges": 0,
      "active": true,
      "type": "transform"
    }
  },
  {
    "id": "spell_acidarmor_on",
    "copy-from": "spell_base",
    "type": "TOOL",
    "name": "Magic Sign: Acid Armor (active)",
    "name_plural": "Magic Sign: Acid Armor (active)",
    "description": "A mote of energy that smells faintly of lye.",
    "color": "green",
    "initial_charges": 0,
    "max_charges": 1,
    "charges_per_use": 1,
    "turns_per_charge": 1,
    "use_action": {
      "type": "consume_drug",
      "activation_message": "Your body becomes hardened against lingering corrosion.",
      "effects": [ { "id": "acid_ward", "duration": 250 } ]
    }
  },
  {
    "id": "spell_acidspray",
    "copy-from": "spell_base",
    "type": "TOOL",
    "name": "Magic Sign: Acid Spray",
    "name_plural": "Magic Sign: Acid Spray",
    "description": "A mote of energy with a strange, acrid scent.  Activate it to conjure a spray of acid.",
    "color": "green",
    "artifact_data": { "effects_carried": [ "AEP_INT_DOWN" ] },
    "use_action": {
      "target": "spell_acidspray_on",
      "msg": "You activate the acid spray spell.",
      "target_charges": 0,
      "active": true,
      "type": "transform"
    }
  },
  {
    "id": "spell_acidspray_on",
    "copy-from": "spell_base",
    "type": "TOOL",
    "name": "Magic Sign: Acid Spray (active)",
    "name_plural": "Magic Sign: Acid Spray (active)",
    "description": "A mote of energy with a strange, acrid scent.",
    "color": "green",
    "initial_charges": 0,
    "max_charges": 1,
    "charges_per_use": 1,
    "turns_per_charge": 1,
    "artifact_data": { "effects_activated": [ "AEA_ACIDBALL" ] },
    "use_action": "ARTIFACT"
  },
  {
    "id": "spell_agile",
    "copy-from": "spell_base",
    "type": "TOOL",
    "name": "Magic Sign: Agility",
    "name_plural": "Magic Sign: Agility",
    "description": "A mote of energy that seems to twitch and shiver.  Activate it to grant a temporary speed and agility-enhancing effect.",
    "color": "yellow",
    "artifact_data": { "effects_carried": [ "AEP_INT_DOWN" ] },
    "use_action": {
      "target": "spell_agile_on",
      "msg": "You activate the agility spell.",
      "target_charges": 0,
      "active": true,
      "type": "transform"
    }
  },
  {
    "id": "spell_agile_on",
    "copy-from": "spell_base",
    "type": "TOOL",
    "name": "Magic Sign: Agility (active)",
    "name_plural": "Magic Sign: Agility (active)",
    "description": "A mote of energy that seems to twitch and shiver.",
    "color": "yellow",
    "initial_charges": 0,
    "max_charges": 1,
    "charges_per_use": 1,
    "turns_per_charge": 1,
    "use_action": {
      "type": "consume_drug",
      "activation_message": "Your feel a powerful magical tension fill your body.",
      "effects": [ { "id": "spell_agility", "duration": 150 } ]
    }
  },
  {
    "id": "spell_clairvoyance",
    "copy-from": "spell_base",
    "type": "TOOL",
    "name": "Magic Sign: Clairvoyance",
    "name_plural": "Magic Sign: Clairvoyance",
    "description": "A mote of energy that gives you the faint feeling of being watched.  Activate it to grant a temporary clairvoyance effect.",
    "color": "magenta",
    "artifact_data": { "effects_carried": [ "AEP_INT_DOWN" ] },
    "use_action": {
      "target": "spell_clairvoyance_on",
      "msg": "You activate the clairvoyance spell.  Drop the sign to dispel it early.",
      "target_charges": 100,
      "active": true,
      "type": "transform"
    }
  },
  {
    "id": "spell_clairvoyance_on",
    "copy-from": "spell_base",
    "type": "TOOL",
    "name": "Magic Sign: Clairvoyance (active)",
    "name_plural": "Magic Sign: Clairvoyance (active)",
    "description": "A mote of energy that gives you the faint feeling of being watched.",
    "color": "magenta",
    "initial_charges": 100,
    "max_charges": 100,
    "charges_per_use": 1,
    "turns_per_charge": 1,
    "countdown_interval": 101,
    "countdown_action": { "type": "consume_drug", "activation_message": "The magic sign granting you clairvoyance dissipates." },
    "artifact_data": { "effects_carried": [ "AEP_CLAIRVOYANCE" ] }
  },
  {
    "id": "spell_clarity",
    "copy-from": "spell_base",
    "type": "TOOL",
    "name": "Magic Sign: Clarity of Blood",
    "name_plural": "Magic Sign: Clarity of Blood",
    "description": "A mote of energy that pulses like an arrhythmic heartbeat.  Activate it to gain protection against parasites and the Mycus.",
    "color": "green",
    "artifact_data": { "effects_carried": [ "AEP_INT_DOWN" ] },
    "use_action": {
      "target": "spell_clarity_on",
      "msg": "You activate the protective spell.",
      "target_charges": 0,
      "active": true,
      "type": "transform"
    }
  },
  {
    "id": "spell_clarity_on",
    "copy-from": "spell_base",
    "type": "TOOL",
    "name": "Magic Sign: Clarity of Blood (active)",
    "name_plural": "Magic Sign: Clarity of Blood (active)",
    "description": "A mote of energy that pulses like an arrhythmic heartbeat.",
    "color": "green",
    "initial_charges": 0,
    "max_charges": 1,
    "charges_per_use": 1,
    "turns_per_charge": 1,
    "use_action": {
      "type": "consume_drug",
      "activation_message": "Your feel an otherworldly sensation course through your veins.",
      "effects": [ { "id": "blood_clarity", "duration": 250 } ]
    }
  },
  {
    "id": "spell_confusion",
    "copy-from": "spell_base",
    "type": "TOOL",
    "name": "Magic Sign: Confuse Monsters",
    "name_plural": "Magic Sign: Confuse Monsters",
    "description": "A mote of energy, seemingly abuzz with whispered voices.  Activate it to confuse monsters all around you.",
    "color": "magenta",
    "artifact_data": { "effects_carried": [ "AEP_INT_DOWN" ] },
    "use_action": {
      "target": "spell_confusion_on",
      "msg": "You activate the confusion spell.",
      "target_charges": 0,
      "active": true,
      "type": "transform"
    }
  },
  {
    "id": "spell_confusion_on",
    "copy-from": "spell_base",
    "type": "TOOL",
    "name": "Magic Sign: Confuse Monsters (active)",
    "name_plural": "Magic Sign: Confuse Monsters (active)",
    "description": "A mote of energy, seemingly abuzz with whispered voices.",
    "color": "magenta",
    "initial_charges": 0,
    "max_charges": 1,
    "charges_per_use": 1,
    "turns_per_charge": 1,
    "artifact_data": { "effects_activated": [ "AEA_CONFUSED", "AEA_CONFUSED", "AEA_CONFUSED" ] },
    "use_action": "ARTIFACT"
  },
  {
    "id": "spell_lightningfield",
    "copy-from": "spell_base",
    "type": "TOOL",
    "name": "Magic Sign: Conjure Lightning",
    "name_plural": "Magic Sign: Conjure Lightning",
    "description": "A mote of energy abuzz with raw power.  Activate it to conjure a field of electric death from the sign itself, which should be thrown.",
    "color": "cyan",
    "artifact_data": { "effects_carried": [ "AEP_INT_DOWN" ] },
    "use_action": {
      "target": "spell_lightningfield_on",
      "msg": "You activate the lightning field spell.  Throw it!",
      "target_charges": 5,
      "active": true,
      "type": "transform"
    }
  },
  {
    "id": "spell_lightningfield_on",
    "copy-from": "spell_conjure_base",
    "type": "TOOL",
    "name": "Magic Sign: Conjure Lightning (active)",
    "name_plural": "Magic Sign: Conjure Lightning (active)",
    "description": "A mote of energy abuzz with raw power.",
    "color": "cyan",
    "initial_charges": 0,
    "max_charges": 5,
    "turns_per_charge": 1,
    "thrown_damage": [ { "damage_type": "electric", "amount": 20 } ],
    "use_action": {
      "type": "explosion",
      "fields_type": "fd_electricity",
      "fields_radius": 4,
      "fields_min_density": 2,
      "fields_max_density": 3,
      "no_deactivate_msg": "You can't dispel the effect.  Might want to try throwing it instead."
    }
  },
  {
    "id": "spell_smoke",
    "copy-from": "spell_base",
    "type": "TOOL",
    "name": "Magic Sign: Conjure Smoke",
    "name_plural": "Magic Sign: Conjure Smoke",
    "description": "A mote of energy, giving off the smell of charred flesh.  Activate it to conjure a cloud of thick, choking smoke from the sign itself, which should be thrown.",
    "color": "red",
    "artifact_data": { "effects_carried": [ "AEP_INT_DOWN" ] },
    "use_action": {
      "target": "spell_smoke_on",
      "msg": "You activate the smokescreen spell.  Throw it!",
      "target_charges": 5,
      "active": true,
      "type": "transform"
    }
  },
  {
    "id": "spell_smoke_on",
    "copy-from": "spell_conjure_base",
    "type": "TOOL",
    "name": "Magic Sign: Conjure Smoke (active)",
    "name_plural": "Magic Sign: Conjure Smoke (active)",
    "description": "A mote of energy, giving off the smell of charred flesh.",
    "color": "red",
    "initial_charges": 0,
    "max_charges": 5,
    "turns_per_charge": 1,
    "thrown_damage": [ { "damage_type": "heat", "amount": 20 } ],
    "use_action": {
      "type": "explosion",
      "fields_type": "fd_smoke",
      "fields_radius": 6,
      "fields_min_density": 2,
      "fields_max_density": 3,
      "no_deactivate_msg": "You can't dispel the effect.  Might want to try throwing it instead."
    }
  },
  {
    "id": "spell_cloud",
    "copy-from": "spell_base",
    "type": "TOOL",
    "name": "Magic Sign: Conjure Toxic Cloud",
    "name_plural": "Magic Sign: Conjure Toxic Cloud",
    "description": "A mote of energy that gives off a strange miasma.  Activate it to conjure a cloud of choking, toxic gas from the sign itself, which should be thrown.",
    "color": "green",
    "artifact_data": { "effects_carried": [ "AEP_INT_DOWN" ] },
    "use_action": {
      "target": "spell_cloud_on",
      "msg": "You activate the toxic cloud spell.  Throw it!",
      "target_charges": 5,
      "active": true,
      "type": "transform"
    }
  },
  {
    "id": "spell_cloud_on",
    "copy-from": "spell_conjure_base",
    "type": "TOOL",
    "name": "Magic Sign: Conjure Toxic Cloud (active)",
    "name_plural": "Magic Sign: Conjure Toxic Cloud (active)",
    "description": "A mote of energy that gives off a strange miasma.",
    "color": "green",
    "initial_charges": 0,
    "max_charges": 5,
    "turns_per_charge": 1,
    "thrown_damage": [ { "damage_type": "acid", "amount": 20 } ],
    "use_action": {
      "type": "explosion",
      "fields_type": "fd_toxic_gas",
      "fields_radius": 4,
      "fields_min_density": 2,
      "fields_max_density": 3,
      "no_deactivate_msg": "You can't dispel the effect.  Might want to try throwing it instead."
    }
  },
  {
    "id": "spell_dampening",
    "copy-from": "spell_base",
    "type": "TOOL",
    "name": "Magic Sign: Dampening",
    "name_plural": "Magic Sign: Dampening",
    "description": "A mote of energy that feels soft to the touch.  Activate it to grant an effect that will drain energy from nearby flames, and feed off radiation afflicting your body.",
    "color": "dark_grey",
    "artifact_data": { "effects_carried": [ "AEP_INT_DOWN" ] },
    "use_action": {
      "target": "spell_dampening_on",
      "msg": "You activate the absorption spell.  Drop the sign to dispel it early.",
      "target_charges": 300,
      "active": true,
      "type": "transform"
    }
  },
  {
    "id": "spell_dampening_on",
    "copy-from": "spell_base",
    "type": "TOOL",
    "name": "Magic Sign: Dampening(active)",
    "name_plural": "Magic Sign: Dampening (active)",
    "description": "A mote of energy that feels soft to the touch.",
    "color": "dark_gray",
    "initial_charges": 300,
    "max_charges": 300,
    "charges_per_use": 1,
    "turns_per_charge": 1,
    "countdown_interval": 301,
    "countdown_action": { "type": "consume_drug", "activation_message": "The magic sign absorbing flame and radiation fades." },
    "artifact_data": { "effects_carried": [ "AEP_PBLUE", "AEP_EXTINGUISH" ] }
  },
  {
    "id": "spell_drainlife",
    "copy-from": "spell_base",
    "type": "TOOL",
    "name": "Magic Sign: Drain Life",
    "name_plural": "Magic Sign: Drain Life",
    "description": "A mote of energy with a strange aura of hunger.  Activate it to grant a temporary life-draining effect.",
    "color": "dark_grey",
    "artifact_data": { "effects_carried": [ "AEP_INT_DOWN" ] },
    "use_action": {
      "target": "spell_drainlife_on",
      "msg": "You activate the life-draining spell.  Drop the sign to dispel it early.",
      "target_charges": 100,
      "active": true,
      "type": "transform"
    }
  },
  {
    "id": "spell_drainlife_on",
    "copy-from": "spell_base",
    "type": "TOOL",
    "name": "Magic Sign: Drain Life (active)",
    "name_plural": "Magic Sign: Drain Life (active)",
    "description": "A mote of energy with a strange aura of hunger.",
    "color": "dark_gray",
    "initial_charges": 100,
    "max_charges": 100,
    "charges_per_use": 1,
    "turns_per_charge": 1,
    "countdown_interval": 101,
    "countdown_action": { "type": "consume_drug", "activation_message": "The magic sign granting you life-draining abilities dissipates." },
    "artifact_data": { "effects_carried": [ "AEP_SAP_LIFE" ] }
  },
  {
    "id": "spell_fireball",
    "copy-from": "spell_base",
    "type": "TOOL",
    "name": "Magic Sign: Fireball",
    "name_plural": "Magic Sign: Fireball",
    "description": "A mote of energy that seems to radiate an unearthly heat.  Activate it to project a fiery explosion.",
    "color": "red",
    "artifact_data": { "effects_carried": [ "AEP_INT_DOWN" ] },
    "use_action": {
      "target": "spell_fireball_on",
      "msg": "You activate the fireball spell.",
      "target_charges": 0,
      "active": true,
      "type": "transform"
    }
  },
  {
    "id": "spell_fireball_on",
    "copy-from": "spell_base",
    "type": "TOOL",
    "name": "Magic Sign: Fireball (active)",
    "name_plural": "Magic Sign: Fireball (active)",
    "description": "A mote of energy that seems to radiate an unearthly heat.",
    "color": "red",
    "initial_charges": 0,
    "max_charges": 1,
    "charges_per_use": 1,
    "turns_per_charge": 1,
    "artifact_data": { "effects_activated": [ "AEA_FIREBALL" ] },
    "use_action": "ARTIFACT"
  },
  {
    "id": "spell_flamearmor",
    "copy-from": "spell_base",
    "type": "TOOL",
    "name": "Magic Sign: Flame Armor",
    "name_plural": "Magic Sign: Flame Armor",
    "description": "A mote of energy that seems cool to the touch.  Activate it to gain temporary resistance to heat and smoke.  Direct contact with flame will still harm you.",
    "color": "light_red",
    "artifact_data": { "effects_carried": [ "AEP_INT_DOWN" ] },
    "use_action": {
      "target": "spell_flamearmor_on",
      "msg": "You activate the flame armor spell.",
      "target_charges": 0,
      "active": true,
      "type": "transform"
    }
  },
  {
    "id": "spell_flamearmor_on",
    "copy-from": "spell_base",
    "type": "TOOL",
    "name": "Magic Sign: Flame Armor (active)",
    "name_plural": "Magic Sign: Flame Armor (active)",
    "description": "A mote of energy that seems cool to the touch.",
    "color": "light_red",
    "initial_charges": 0,
    "max_charges": 1,
    "charges_per_use": 1,
    "turns_per_charge": 1,
    "use_action": {
      "type": "consume_drug",
      "activation_message": "Your body becomes innured to heat and choking smoke.",
      "effects": [ { "id": "heat_ward", "duration": 250 } ]
    }
  },
  {
    "id": "spell_free_action",
    "copy-from": "spell_base",
    "type": "TOOL",
    "name": "Magic Sign: Free Action",
    "name_plural": "Magic Sign: Free Action",
    "description": "A mote of energy, shifting and pulsing with your heartbeat.  Activate it to gain protection against paralytic effects and other hindrances.",
    "color": "yellow",
    "artifact_data": { "effects_carried": [ "AEP_INT_DOWN" ] },
    "use_action": {
      "target": "spell_free_action_on",
      "msg": "You activate the protective spell.",
      "target_charges": 0,
      "active": true,
      "type": "transform"
    }
  },
  {
    "id": "spell_free_action_on",
    "copy-from": "spell_base",
    "type": "TOOL",
    "name": "Magic Sign: Free Action (active)",
    "name_plural": "Magic Sign: Free Action (active)",
    "description": "A mote of energy, shifting and pulsing with your heartbeat.",
    "color": "yellow",
    "initial_charges": 0,
    "max_charges": 1,
    "charges_per_use": 1,
    "turns_per_charge": 1,
    "use_action": {
      "type": "consume_drug",
      "activation_message": "You feel an otherworldly tension in your muscles, as your body becomes warded against paralytic effects.",
      "effects": [ { "id": "free_action", "duration": 250 } ]
    }
  },
  {
    "id": "spell_frostarmor",
    "copy-from": "spell_base",
    "type": "TOOL",
    "name": "Magic Sign: Frost Armor",
    "name_plural": "Magic Sign: Frost Armor",
    "description": "A mote of energy that feels abnormally warm.  Activate it to gain temporary resistance to cold.",
    "color": "cyan",
    "artifact_data": { "effects_carried": [ "AEP_INT_DOWN" ] },
    "use_action": {
      "target": "spell_frostarmor_on",
      "msg": "You activate the frost armor spell.",
      "target_charges": 0,
      "active": true,
      "type": "transform"
    }
  },
  {
    "id": "spell_frostarmor_on",
    "copy-from": "spell_base",
    "type": "TOOL",
    "name": "Magic Sign: Frost Armor (active)",
    "name_plural": "Magic Sign: Frost Armor (active)",
    "description": "A mote of energy that feels abnormally warm.",
    "color": "cyan",
    "initial_charges": 0,
    "max_charges": 1,
    "charges_per_use": 1,
    "turns_per_charge": 1,
    "use_action": {
      "type": "consume_drug",
      "activation_message": "Your body becomes innured to winter's chill.",
      "effects": [ { "id": "cold_ward", "duration": 250 } ]
    }
  },
  {
    "id": "spell_heal",
    "copy-from": "spell_base",
    "type": "TOOL",
    "name": "Magic Sign: Healing",
    "name_plural": "Magic Sign: Healing",
    "description": "A mote of energy that seems almost alive, shifting and shimmering when near living beings.  Activate it to heal the body.",
    "color": "yellow",
    "artifact_data": { "effects_carried": [ "AEP_INT_DOWN" ] },
    "use_action": {
      "target": "spell_heal_on",
      "msg": "You activate the healing spell.",
      "target_charges": 0,
      "active": true,
      "type": "transform"
    }
  },
  {
    "id": "spell_heal_on",
    "copy-from": "spell_base",
    "type": "TOOL",
    "name": "Magic Sign: Healing (active)",
    "name_plural": "Magic Sign: Healing (active)",
    "description": "A mote of energy that seems almost alive, shifting and shimmering when near living beings.",
    "color": "yellow",
    "initial_charges": 0,
    "max_charges": 1,
    "charges_per_use": 1,
    "turns_per_charge": 1,
    "artifact_data": {
      "effects_activated": [
        "AEA_HEAL",
        "AEA_HEAL",
        "AEA_HEAL",
        "AEA_HEAL",
        "AEA_HEAL",
        "AEA_HEAL",
        "AEA_HEAL",
        "AEA_HEAL",
        "AEA_HEAL",
        "AEA_HEAL",
        "AEA_PARALYZE"
      ]
    },
    "use_action": "ARTIFACT"
  },
  {
    "id": "spell_insight",
    "copy-from": "spell_base",
    "type": "TOOL",
    "name": "Magic Sign: Insight",
    "name_plural": "Magic Sign: Insight",
    "description": "A mote of energy, refracting the light in curious ways.  Activate it to grant a temporary boost to perception.",
    "color": "light_blue",
    "artifact_data": { "effects_carried": [ "AEP_INT_DOWN" ] },
    "use_action": {
      "target": "spell_insight_on",
      "msg": "You activate the insight spell.",
      "target_charges": 0,
      "active": true,
      "type": "transform"
    }
  },
  {
    "id": "spell_insight_on",
    "copy-from": "spell_base",
    "type": "TOOL",
    "name": "Magic Sign: Insight (active)",
    "name_plural": "Magic Sign: Insight (active)",
    "description": "A mote of energy, refracting the light in curious ways.",
    "color": "light_blue",
    "initial_charges": 0,
    "max_charges": 1,
    "charges_per_use": 1,
    "turns_per_charge": 1,
    "use_action": {
      "type": "consume_drug",
      "activation_message": "Your feel a rush of magical senses flood your mind.",
      "effects": [ { "id": "spell_insight", "duration": 150 } ]
    }
  },
  {
    "id": "spell_invis",
    "copy-from": "spell_base",
    "type": "TOOL",
    "name": "Magic Sign: Invisibility",
    "name_plural": "Magic Sign: Invisibility",
    "description": "A mote of energy, faintly transparent.  Activate it to grant a temporary invisibility effect.",
    "color": "light_grey",
    "artifact_data": { "effects_carried": [ "AEP_INT_DOWN" ] },
    "use_action": {
      "target": "spell_invis_on",
      "msg": "You activate the invisibility spell.  Drop the sign to dispel it early.",
      "target_charges": 75,
      "active": true,
      "type": "transform"
    }
  },
  {
    "id": "spell_invis_on",
    "copy-from": "spell_base",
    "type": "TOOL",
    "name": "Magic Sign: Invisibility (active)",
    "name_plural": "Magic Sign: Invisibility (active)",
    "description": "A mote of energy, faintly transparent.",
    "color": "light_gray",
    "initial_charges": 75,
    "max_charges": 75,
    "charges_per_use": 1,
    "turns_per_charge": 1,
    "countdown_interval": 76,
    "countdown_action": { "type": "consume_drug", "activation_message": "The magic sign hiding you from sight dissipates." },
    "artifact_data": { "effects_carried": [ "AEP_INVISIBLE", "AEP_STEALTH" ] }
  },
  {
    "id": "spell_light",
    "copy-from": "spell_base",
    "type": "TOOL",
    "name": "Magic Sign: Light",
    "name_plural": "Magic Sign: Light",
    "description": "A mote of energy with a faint radiance to it.  Activate it to grant a temporary aura of illumination.",
    "color": "yellow",
    "artifact_data": { "effects_carried": [ "AEP_INT_DOWN" ] },
    "use_action": {
      "target": "spell_light_on",
      "msg": "You activate the light spell.  Drop the sign to dispel it early.",
      "target_charges": 600,
      "active": true,
      "type": "transform"
    }
  },
  {
    "id": "spell_light_on",
    "copy-from": "spell_base",
    "type": "TOOL",
    "name": "Magic Sign: Light (active)",
    "name_plural": "Magic Sign: Light (active)",
    "description": "A mote of energy with a faint radiance to it.",
    "color": "yellow",
    "initial_charges": 600,
    "max_charges": 600,
    "charges_per_use": 1,
    "turns_per_charge": 1,
    "countdown_interval": 601,
    "countdown_action": { "type": "consume_drug", "activation_message": "The magic sign glowing with light dissipates." },
    "artifact_data": { "effects_carried": [ "AEP_GLOW" ] }
  },
  {
    "id": "spell_elecresist",
    "copy-from": "spell_base",
    "type": "TOOL",
    "name": "Magic Sign: Lightning Ward",
    "name_plural": "Magic Sign: Lightning Ward",
    "description": "A mote of energy, seeming to tingle with static electricity.  Activate it to grant temporary protection against lightning.",
    "color": "light_grey",
    "artifact_data": { "effects_carried": [ "AEP_INT_DOWN" ] },
    "use_action": {
      "target": "spell_elecresist_on",
      "msg": "You activate the lightning ward spell.  Drop the sign to dispel it early.",
      "target_charges": 250,
      "active": true,
      "type": "transform"
    }
  },
  {
    "id": "spell_elecresist_on",
    "copy-from": "spell_base",
    "type": "TOOL",
    "name": "Magic Sign: Lightning Ward (active)",
    "name_plural": "Magic Sign: Lightning Ward (active)",
    "description": "A mote of energy, seeming to tingle with static electricity.",
    "color": "light_gray",
    "initial_charges": 250,
    "max_charges": 250,
    "charges_per_use": 1,
    "turns_per_charge": 1,
    "countdown_interval": 251,
    "countdown_action": { "type": "consume_drug", "activation_message": "The magic sign augmenting your speed dissipates." },
    "artifact_data": { "effects_carried": [ "AEP_RESIST_ELECTRICITY" ] }
  },
  {
    "id": "spell_strength",
    "copy-from": "spell_base",
    "type": "TOOL",
    "name": "Magic Sign: Might",
    "name_plural": "Magic Sign: Might",
    "description": "A mote of energy, resonating with an unearthly force.  Activate it to grant a temporary boost to strength.",
    "color": "red",
    "artifact_data": { "effects_carried": [ "AEP_INT_DOWN" ] },
    "use_action": {
      "target": "spell_strength_on",
      "msg": "You activate the spell of might.",
      "target_charges": 0,
      "active": true,
      "type": "transform"
    }
  },
  {
    "id": "spell_strength_on",
    "copy-from": "spell_base",
    "type": "TOOL",
    "name": "Magic Sign: Might (active)",
    "name_plural": "Magic Sign: Might (active)",
    "description": "A mote of energy, resonating with an unearthly force.",
    "color": "red",
    "initial_charges": 0,
    "max_charges": 1,
    "charges_per_use": 1,
    "turns_per_charge": 1,
    "use_action": {
      "type": "consume_drug",
      "activation_message": "Your feel a surge of magical energy coursing through every muscle.",
      "effects": [ { "id": "spell_might", "duration": 150 } ]
    }
  },
  {
    "id": "spell_psyshield",
    "copy-from": "spell_base",
    "type": "TOOL",
    "name": "Magic Sign: Mind Ward",
    "name_plural": "Magic Sign: Mind Ward",
    "description": "A mote of energy that flickers and shifts according to your thoughts.  Activate it to grant temporary protection against the evil eye.",
    "color": "megenta",
    "artifact_data": { "effects_carried": [ "AEP_INT_DOWN" ] },
    "use_action": {
      "target": "spell_psyshield_on",
      "msg": "You activate the mind ward spell.  Drop the sign to dispel it early.",
      "target_charges": 250,
      "active": true,
      "type": "transform"
    }
  },
  {
    "id": "spell_psyshield_on",
    "copy-from": "spell_base",
    "type": "TOOL",
    "name": "Magic Sign: Mind Ward (active)",
    "name_plural": "Magic Sign: Mind Ward (active)",
    "description": "A mote of energy that flickers and shifts according to your thoughts.",
    "color": "magenta",
    "initial_charges": 250,
    "max_charges": 250,
    "charges_per_use": 1,
    "turns_per_charge": 1,
    "countdown_interval": 251,
    "countdown_action": { "type": "consume_drug", "activation_message": "The magic sign protecting your mind dissipates." },
    "artifact_data": { "effects_carried": [ "AEP_PSYSHIELD" ] }
  },
  {
    "id": "spell_lockpick",
    "copy-from": "spell_base",
    "type": "TOOL",
    "name": "Magic Sign: Open Lock",
    "name_plural": "Magic Sign: Open Lock",
    "description": "A mote of energy that gives off a strange aura of artiface.  Activate it to manipulate most kinds of lock.",
    "color": "light_gray",
    "artifact_data": { "effects_carried": [ "AEP_INT_DOWN" ] },
    "use_action": {
      "target": "spell_lockpick_on",
      "msg": "You activate the lockpicing spell.",
      "target_charges": 0,
      "active": true,
      "type": "transform"
    }
  },
  {
    "id": "spell_lockpick_on",
    "copy-from": "spell_base",
    "type": "TOOL",
    "name": "Magic Sign: Open Lock (active)",
    "name_plural": "Magic Sign: Open Lock (active)",
    "description": "A mote of energy that gives off a strange aura of artiface.",
    "color": "light_gray",
    "initial_charges": 0,
    "max_charges": 1,
    "charges_per_use": 1,
    "turns_per_charge": 1,
    "use_action": { "type": "picklock", "pick_quality": 99 }
  },
  {
    "id": "spell_plants",
    "copy-from": "spell_base",
    "type": "TOOL",
    "name": "Magic Sign: Overgrowth",
    "name_plural": "Magic Sign: Overgrowth",
    "description": "A mote of energy that radiates unfettered life energy.  Activate it to bring forth the forest.",
    "color": "green",
    "artifact_data": { "effects_carried": [ "AEP_INT_DOWN" ] },
    "use_action": {
      "target": "spell_plants_on",
      "msg": "You activate the overgrowth spell.",
      "target_charges": 0,
      "active": true,
      "type": "transform"
    }
  },
  {
    "id": "spell_plants_on",
    "copy-from": "spell_base",
    "type": "TOOL",
    "name": "Magic Sign: Overgrowth (active)",
    "name_plural": "Magic Sign: Overgrowth (active)",
    "description": "A mote of energy that radiates unfettered life energy.",
    "color": "green",
    "initial_charges": 0,
    "max_charges": 1,
    "charges_per_use": 1,
    "turns_per_charge": 1,
    "artifact_data": { "effects_activated": [ "AEA_GROWTH" ] },
    "use_action": "ARTIFACT"
  },
  {
    "id": "spell_pacify",
    "copy-from": "spell_base",
    "type": "TOOL",
    "name": "Magic Sign: Pacify Monsters",
    "name_plural": "Magic Sign: Pacify Monsters",
    "description": "A mote of energy that gives off a soothing aura.  Activate it to calm the minds of nearby monsters, turning them friendly.",
    "color": "magenta",
    "artifact_data": { "effects_carried": [ "AEP_INT_DOWN" ] },
    "use_action": {
      "target": "spell_pacify_on",
      "msg": "You activate the pacification spell.",
      "target_charges": 0,
      "active": true,
      "type": "transform"
    }
  },
  {
    "id": "spell_pacify_on",
    "copy-from": "spell_base",
    "type": "TOOL",
    "name": "Magic Sign: Pacify Monsters (active)",
    "name_plural": "Magic Sign: Pacify Monsters (active)",
    "description": "A mote of energy that gives off a soothing aura.",
    "color": "magenta",
    "initial_charges": 0,
    "max_charges": 1,
    "charges_per_use": 1,
    "turns_per_charge": 1,
    "artifact_data": { "effects_activated": [ "AEA_ENTRANCE", "AEA_ENTRANCE", "AEA_ENTRANCE" ] },
    "use_action": "ARTIFACT"
  },
  {
    "id": "spell_poisonarmor",
    "copy-from": "spell_base",
    "type": "TOOL",
    "name": "Magic Sign: Poison Armor",
    "name_plural": "Magic Sign: Poison Armor",
    "description": "A mote of energy, with a soothing aura.  Activate it to gain temporary resistance to toxic gas and other poisons.",
    "color": "green",
    "artifact_data": { "effects_carried": [ "AEP_INT_DOWN" ] },
    "use_action": {
      "target": "spell_poisonarmor_on",
      "msg": "You activate the poison armor spell.",
      "target_charges": 0,
      "active": true,
      "type": "transform"
    }
  },
  {
    "id": "spell_poisonarmor_on",
    "copy-from": "spell_base",
    "type": "TOOL",
    "name": "Magic Sign: Poison Armor (active)",
    "name_plural": "Magic Sign: Poison Armor (active)",
    "description": "A mote of energy, with a soothing aura.",
    "color": "green",
    "initial_charges": 0,
    "max_charges": 1,
    "charges_per_use": 1,
    "turns_per_charge": 1,
    "use_action": {
      "type": "consume_drug",
      "activation_message": "Your body becomes guarded against poison gas and venom's sting.",
      "effects": [ { "id": "poison_ward", "duration": 250 } ]
    }
  },
  {
    "id": "spell_shadowsnakes",
    "copy-from": "spell_base",
    "type": "TOOL",
    "name": "Magic Sign: Serpentine Shield",
    "name_plural": "Magic Sign: Serpentine Shield",
    "description": "A mote of energy, flickering with dim light.  Activate it to grant a defensive effect that will summon shadowy serpents to aid you.",
    "color": "dark_grey",
    "artifact_data": { "effects_carried": [ "AEP_INT_DOWN" ] },
    "use_action": {
      "target": "spell_shadowsnakes_on",
      "msg": "You activate the defensive spell.  Drop the sign to dispel it early.",
      "target_charges": 300,
      "active": true,
      "type": "transform"
    }
  },
  {
    "id": "spell_shadowsnakes_on",
    "copy-from": "spell_base",
    "type": "TOOL",
    "name": "Magic Sign: Serpentine Shield (active)",
    "name_plural": "Magic Sign: Serpentine Shield (active)",
    "description": "A mote of energy, flickering with dim light.",
    "color": "dark_gray",
    "initial_charges": 300,
    "max_charges": 300,
    "charges_per_use": 1,
    "turns_per_charge": 1,
    "countdown_interval": 301,
    "countdown_action": { "type": "consume_drug", "activation_message": "The magic sign granting you shadowy protection fades." },
    "artifact_data": { "effects_carried": [ "AEP_SNAKES" ] }
  },
  {
    "id": "spell_lightning",
    "copy-from": "spell_base",
    "type": "TOOL",
    "name": "Magic Sign: Shockstorm",
    "name_plural": "Magic Sign: Shockstorm",
    "description": "A mote of energy, crackling with electric death.  Activate it to conjure lightning all around you.",
    "color": "cyan",
    "artifact_data": { "effects_carried": [ "AEP_INT_DOWN" ] },
    "use_action": {
      "target": "spell_lightning_on",
      "msg": "You activate the lightning spell.",
      "target_charges": 0,
      "active": true,
      "type": "transform"
    }
  },
  {
    "id": "spell_lightning_on",
    "copy-from": "spell_base",
    "type": "TOOL",
    "name": "Magic Sign: Shockstorm (active)",
    "name_plural": "Magic Sign: Shockstorm (active)",
    "description": "A mote of energy, crackling with electric death.",
    "color": "cyan",
    "initial_charges": 0,
    "max_charges": 1,
    "charges_per_use": 1,
    "turns_per_charge": 1,
    "artifact_data": { "effects_activated": [ "AEA_STORM" ] },
    "use_action": "ARTIFACT"
  },
  {
    "id": "spell_summonwyrm",
    "copy-from": "spell_base",
    "type": "TOOL",
    "name": "Magic Sign: Summon Dark Wyrm",
    "name_plural": "Magic Sign: Summon Dark Wyrm",
    "description": "A mote of energy with endless coils perceived inside it.  Activate it to summon a dark wyrm.  It is somewhat difficult to control.",
    "color": "white",
    "artifact_data": { "effects_carried": [ "AEP_INT_DOWN" ] },
    "use_action": {
      "type": "place_monster",
      "monster_id": "mon_dark_wyrm_summoned",
      "friendly_msg": "The massive burrowing wyrm is at your beck and call.",
      "hostile_msg": "Your magic fails to control the massive burrowing wyrm!",
      "difficulty": 5,
      "moves": 60,
      "place_randomly": true,
      "skill1": "magic"
    }
  },
  {
    "id": "spell_summonfiend",
    "copy-from": "spell_base",
    "type": "TOOL",
    "name": "Magic Sign: Summon Fiend",
    "name_plural": "Magic Sign: Summon Fiend",
    "description": "A mote of energy with a smoldering wildfire perceived inside it.  Activate it to summon an ashen revenent.  It is somewhat easy to control.",
    "color": "white",
    "artifact_data": { "effects_carried": [ "AEP_INT_DOWN" ] },
    "use_action": {
      "type": "place_monster",
      "monster_id": "mon_zombie_fiend_summoned",
      "friendly_msg": "The charred undead monster is at your beck and call.",
      "hostile_msg": "Your magic fails to control the charred undead monster!",
      "difficulty": 3,
      "moves": 60,
      "place_randomly": true,
      "skill1": "magic"
    }
  },
  {
    "id": "spell_summonjabberwock",
    "copy-from": "spell_base",
    "type": "TOOL",
    "name": "Magic Sign: Summon Jabberwock",
    "name_plural": "Magic Sign: Summon Jabberwock",
    "description": "A mote of energy with a dozen screaming faces perceived inside it.  Activate it to summon a golem woven of flesh.  It is difficult to control.",
    "color": "white",
    "artifact_data": { "effects_carried": [ "AEP_INT_DOWN" ] },
    "use_action": {
      "type": "place_monster",
      "monster_id": "mon_jabberwock_summoned",
      "friendly_msg": "The body of bodies is at your beck and call.",
      "hostile_msg": "Your magic fails to control the body of bodies!",
      "difficulty": 7,
      "moves": 60,
      "place_randomly": true,
      "skill1": "magic"
    }
  },
  {
    "id": "spell_summonculus",
    "copy-from": "spell_base",
    "type": "TOOL",
    "name": "Magic Sign: Summon Homunculus",
    "name_plural": "Magic Sign: Summon Homunculus",
    "description": "A mote of energy with a leering face perceived inside it.  Activate it to summon a mimicry of the human form.  It is somewhat difficult to control.",
    "color": "white",
    "artifact_data": { "effects_carried": [ "AEP_INT_DOWN" ] },
    "use_action": {
      "type": "place_monster",
      "monster_id": "mon_homunculus_summoned",
      "friendly_msg": "The humanoid construct is at your beck and call.",
      "hostile_msg": "Your magic fails to control the humanoid construct!",
      "difficulty": 5,
      "moves": 60,
      "place_randomly": true,
      "skill1": "magic"
    }
  },
  {
    "id": "spell_summonthing",
    "copy-from": "spell_base",
    "type": "TOOL",
    "name": "Magic Sign: Summon Horrifying Thing",
    "name_plural": "Magic Sign: Summon Horrifying Thing",
    "description": "A mote of energy with a writhing abomination perceived inside it.  Activate it to summon a horrifying mass of tendrils.  It is difficult to control.",
    "color": "white",
    "artifact_data": { "effects_carried": [ "AEP_INT_DOWN" ] },
    "use_action": {
      "type": "place_monster",
      "monster_id": "mon_thing_summoned",
      "friendly_msg": "The mass of tendrils is at your beck and call.",
      "hostile_msg": "Your magic fails to control the mass of tendrils!",
      "difficulty": 7,
      "moves": 60,
      "place_randomly": true,
      "skill1": "magic"
    }
  },
  {
    "id": "spell_summondog",
    "copy-from": "spell_base",
    "type": "TOOL",
    "name": "Magic Sign: Summon Skeletal Dog",
    "name_plural": "Magic Sign: Summon Skeletal Dog",
    "description": "A mote of energy with shifting canine shapes perceived inside it.  Activate it to summon an undead hound.  It is easy to control.",
    "color": "white",
    "artifact_data": { "effects_carried": [ "AEP_INT_DOWN" ] },
    "use_action": {
      "type": "place_monster",
      "monster_id": "mon_dog_skeleton_summoned",
      "friendly_msg": "The animalistic revenant is at your beck and call.",
      "hostile_msg": "Your magic fails to control the animalistic revenant!",
      "difficulty": 1,
      "moves": 60,
      "place_randomly": true,
      "skill1": "magic"
    }
  },
  {
    "id": "spell_summonshadowsnake",
    "copy-from": "spell_base",
    "type": "TOOL",
    "name": "Magic Sign: Summon Shadow Snake",
    "name_plural": "Magic Sign: Summon Shadow Snake",
    "description": "A mote of energy with writhing cloud patterns perceived inside it.  Activate it to summon a serpentine shadow.  It is somewhat easy to control.",
    "color": "white",
    "artifact_data": { "effects_carried": [ "AEP_INT_DOWN" ] },
    "use_action": {
      "type": "place_monster",
      "monster_id": "mon_shadow_snake_summoned",
      "friendly_msg": "The serpentine shadow is at your beck and call.",
      "hostile_msg": "Your magic fails to control the serpentine shadow!",
      "difficulty": 3,
      "moves": 60,
      "place_randomly": true,
      "skill1": "magic"
    }
  },
  {
    "id": "spell_summonshadow",
    "copy-from": "spell_base",
    "type": "TOOL",
    "name": "Magic Sign: Summon Shadow",
    "name_plural": "Magic Sign: Summon Shadow",
    "description": "A mote of energy with strange shifting clouds perceived inside it.  Activate it to summon a living shadow.  It is somewhat easy to control.",
    "color": "white",
    "artifact_data": { "effects_carried": [ "AEP_INT_DOWN" ] },
    "use_action": {
      "type": "place_monster",
      "monster_id": "mon_shadow_summoned",
      "friendly_msg": "The living shadow is at your beck and call.",
      "hostile_msg": "Your magic fails to control the living shadow!",
      "difficulty": 4,
      "moves": 60,
      "place_randomly": true,
      "skill1": "magic"
    }
  },
  {
    "id": "spell_summonskel",
    "copy-from": "spell_base",
    "type": "TOOL",
    "name": "Magic Sign: Summon Skeleton",
    "name_plural": "Magic Sign: Summon Skeleton",
    "description": "A mote of energy with imagery of the dead perceived inside it.  Activate it to summon the animated dead.  It is somewhat easy to control.",
    "color": "white",
    "artifact_data": { "effects_carried": [ "AEP_INT_DOWN" ] },
    "use_action": {
      "type": "place_monster",
      "monster_id": "mon_skeleton_summoned",
      "friendly_msg": "The humanoid revenant is at your beck and call.",
      "hostile_msg": "Your magic fails to control the humanoid revenant!",
      "difficulty": 3,
      "moves": 60,
      "place_randomly": true,
      "skill1": "magic"
    }
  },
  {
    "id": "spell_summonvortex",
    "copy-from": "spell_base",
    "type": "TOOL",
    "name": "Magic Sign: Summon Vortex",
    "name_plural": "Magic Sign: Summon Vortex",
    "description": "A mote of energy with swirling shapes perceived inside it.  Activate it to summon the living wind.  It is somewhat difficult to control.",
    "color": "white",
    "artifact_data": { "effects_carried": [ "AEP_INT_DOWN" ] },
    "use_action": {
      "type": "place_monster",
      "monster_id": "mon_vortex_summoned",
      "friendly_msg": "The swirling wisp is at your beck and call.",
      "hostile_msg": "Your magic fails to control the swirling wisp!",
      "difficulty": 5,
      "moves": 60,
      "place_randomly": true,
      "skill1": "magic"
    }
  },
  {
    "id": "spell_summonyugg",
    "copy-from": "spell_base",
    "type": "TOOL",
    "name": "Magic Sign: Summon Yugg",
    "name_plural": "Magic Sign: Summon Yugg",
    "description": "A mote of energy with scenes of forbidden wealth perceived inside it.  Activate it to summon a worm-like abomination.  It is very difficult to control.",
    "color": "white",
    "artifact_data": { "effects_carried": [ "AEP_INT_DOWN" ] },
    "use_action": {
      "type": "place_monster",
      "monster_id": "mon_yugg_summoned",
      "friendly_msg": "The mutagenic worm beast is at your beck and call.",
      "hostile_msg": "Your magic fails to control the mutagenic worm beast!",
      "difficulty": 9,
      "moves": 60,
      "place_randomly": true,
      "skill1": "magic"
    }
  },
  {
    "id": "spell_daylight",
    "copy-from": "spell_base",
    "//": "ID retained to avoid load errors.",
    "type": "TOOL",
    "name": "Magic Sign: Surge of Adrenaline",
    "name_plural": "Magic Sign: Surge of Adrenaline",
    "description": "A mote of energy that shivers with anticipation.  Activate it to grant a rush of energy.",
    "color": "yellow",
    "artifact_data": { "effects_carried": [ "AEP_INT_DOWN" ] },
    "use_action": {
      "target": "spell_daylight_on",
      "msg": "You activate the energizing spell.",
      "target_charges": 0,
      "active": true,
      "type": "transform"
    }
  },
  {
    "id": "spell_daylight_on",
    "copy-from": "spell_base",
    "//": "ID retained to avoid load errors.",
    "type": "TOOL",
    "name": "Magic Sign: Surge of Adrenaline (active)",
    "name_plural": "Magic Sign: Surge of Adrenaline (active)",
    "description": "A mote of energy that shivers with anticipation.",
    "color": "yellow",
    "initial_charges": 0,
    "max_charges": 1,
    "charges_per_use": 1,
    "turns_per_charge": 1,
    "artifact_data": { "effects_activated": [ "AEA_ADRENALINE" ] },
    "use_action": "ARTIFACT"
  },
  {
    "id": "spell_teleport",
    "copy-from": "spell_base",
    "type": "TOOL",
    "name": "Magic Sign: Teleport",
    "name_plural": "Magic Sign: Teleport",
    "description": "A mote of energy surrounded by slight distorsions in the air.  Activate it to teleport to a random location.  Beware the risk of teleporting right into a wall.",
    "color": "magenta",
    "artifact_data": { "effects_carried": [ "AEP_INT_DOWN" ] },
    "use_action": {
      "target": "spell_teleport_on",
      "msg": "You activate the teleportation spell.",
      "target_charges": 0,
      "active": true,
      "type": "transform"
    }
  },
  {
    "id": "spell_teleport_on",
    "copy-from": "spell_base",
    "type": "TOOL",
    "name": "Magic Sign: Teleport (active)",
    "name_plural": "Magic Sign: Teleport (active)",
    "description": "A mote of energy surrounded by slight distorsions in the air.",
    "color": "magenta",
    "initial_charges": 0,
    "max_charges": 1,
    "charges_per_use": 1,
    "turns_per_charge": 1,
    "artifact_data": { "effects_activated": [ "AEA_TELEPORT" ] },
    "use_action": "ARTIFACT"
  },
  {
    "id": "spell_pulse",
    "copy-from": "spell_base",
    "type": "TOOL",
    "name": "Magic Sign: Wave of Destruction",
    "name_plural": "Magic Sign: Wave of Destruction",
    "description": "A mote of energy that gives off a hateful aura, yearning to destroy your enemies.  Activate it to conjure a wave of pure destructive energy.",
    "color": "dark_grey",
    "artifact_data": { "effects_carried": [ "AEP_INT_DOWN" ] },
    "use_action": {
      "target": "spell_pulse_on",
      "msg": "You activate the destructive spell.",
      "target_charges": 0,
      "active": true,
      "type": "transform"
    }
  },
  {
    "id": "spell_pulse_on",
    "copy-from": "spell_base",
    "type": "TOOL",
    "name": "Magic Sign: Wave of Destruction (active)",
    "name_plural": "Magic Sign: Wave of Destruction (active)",
    "description": "A mote of energy that gives off a hateful aura, yearning to destroy your enemies.",
    "color": "dark_grey",
    "initial_charges": 0,
    "max_charges": 1,
    "charges_per_use": 1,
    "turns_per_charge": 1,
    "//": "This is intentionally the most overall destructive spell in the mod.",
    "artifact_data": {
      "effects_activated": [
        "AEA_HURTALL",
        "AEA_HURTALL",
        "AEA_HURTALL",
        "AEA_HURTALL",
        "AEA_HURTALL",
        "AEA_HURTALL",
        "AEA_HURTALL",
        "AEA_HURTALL",
        "AEA_HURTALL",
        "AEA_HURTALL",
        "AEA_HURTALL",
        "AEA_HURTALL",
        "AEA_HURTALL",
        "AEA_HURTALL",
        "AEA_HURTALL",
        "AEA_HURTALL",
        "AEA_HURTALL",
        "AEA_HURTALL",
        "AEA_HURTALL",
        "AEA_HURTALL",
        "AEA_HURTALL",
        "AEA_HURTALL",
        "AEA_HURTALL",
        "AEA_HURTALL",
        "AEA_HURTALL",
        "AEA_HURTALL",
        "AEA_HURTALL",
        "AEA_HURTALL",
        "AEA_HURTALL",
        "AEA_HURTALL",
        "AEA_HURTALL",
        "AEA_HURTALL",
        "AEA_HURTALL",
        "AEA_HURTALL",
        "AEA_HURTALL",
        "AEA_CONFUSED",
        "AEA_PULSE",
        "AEA_STORM",
        "AEA_STAMINA_EMPTY",
        "AEA_FLASH",
        "AEA_ATTENTION",
        "AEA_PAIN"
      ]
    },
    "use_action": "ARTIFACT"
  },
  {
    "id": "spell_cleric",
    "copy-from": "spell_base",
    "type": "TOOL",
    "name": "Magic Sign: Ward Against Evil",
    "name_plural": "Magic Sign: Ward Against Evil",
    "description": "A mote of energy that radiates with a soothing aura.  Activate it to gain protection from various anomalous effects.",
    "color": "white",
    "artifact_data": { "effects_carried": [ "AEP_INT_DOWN" ] },
    "use_action": {
      "target": "spell_cleric_on",
      "msg": "You activate the warding spell.",
      "target_charges": 0,
      "active": true,
      "type": "transform"
    }
  },
  {
    "id": "spell_cleric_on",
    "copy-from": "spell_base",
    "type": "TOOL",
    "name": "Magic Sign: Ward Against Evil (active)",
    "name_plural": "Magic Sign: Against Evil (active)",
    "description": "A mote of energy that radiates with a soothing aura.",
    "color": "white",
    "initial_charges": 0,
    "max_charges": 1,
    "charges_per_use": 1,
    "turns_per_charge": 1,
    "use_action": {
      "type": "consume_drug",
      "activation_message": "A powerful surge of protective magic envelops your body.",
      "effects": [ { "id": "cleric_warding", "duration": 250 } ]
    }
  },
  {
    "id": "spell_bugs",
    "copy-from": "spell_base",
    "type": "TOOL",
    "name": "Magic Sign: Vermin",
    "name_plural": "Magic Sign: Vermin",
    "description": "A mote of energy that buzzes with the whispering of a distant swarm.  Activate it to attempt to conjure giant insects, in exchange for sickening you.",
    "color": "green",
    "artifact_data": { "effects_carried": [ "AEP_INT_DOWN" ] },
    "use_action": {
      "target": "spell_bugs_on",
      "msg": "You activate the vermin-conjuring spell.",
      "target_charges": 0,
      "active": true,
      "type": "transform"
    }
  },
  {
    "id": "spell_bugs_on",
    "copy-from": "spell_base",
    "type": "TOOL",
    "name": "Magic Sign: Vermin (active)",
    "name_plural": "Magic Sign: Vermin (active)",
    "description": "A mote of energy that buzzes with the whispering of a distant swarm.",
    "color": "green",
    "initial_charges": 0,
    "max_charges": 1,
    "charges_per_use": 1,
    "turns_per_charge": 1,
    "artifact_data": { "effects_activated": [ "AEA_BUGS", "AEA_VOMIT" ] },
    "use_action": "ARTIFACT"
  },
  {
    "id": "spell_summonwyrm_on",
    "copy-from": "spell_conjure_base",
    "type": "TOOL",
    "//": "All magic signs from here on out have been dummied out, to eventually be removed.",
    "name": "Magic Sign: Summon Dark Wyrm (active)",
    "name_plural": "Magic Sign: Summon Dark Wyrm (active)",
    "description": "A mote of energy with endless coils perceived inside it.",
    "color": "white",
    "initial_charges": 0,
    "max_charges": 1,
    "charges_per_use": 1,
    "turns_per_charge": 1,
    "use_action": {
      "type": "place_monster",
      "monster_id": "mon_dark_wyrm_summoned",
      "friendly_msg": "The massive burrowing wyrm is at your beck and call.",
      "hostile_msg": "Your magic fails to control the massive burrowing wyrm!",
      "difficulty": 5,
      "moves": 60,
      "place_randomly": true,
      "skill1": "magic"
    }
  },
  {
    "id": "spell_summonfiend_on",
    "copy-from": "spell_conjure_base",
    "type": "TOOL",
    "name": "Magic Sign: Summon Fiend (active)",
    "name_plural": "Magic Sign: Summon Fiend (active)",
    "description": "A mote of energy with a smoldering wildfire perceived inside it.",
    "color": "white",
    "initial_charges": 0,
    "max_charges": 1,
    "charges_per_use": 1,
    "turns_per_charge": 1,
    "use_action": {
      "type": "place_monster",
      "monster_id": "mon_zombie_fiend_summoned",
      "friendly_msg": "The charred undead monster is at your beck and call.",
      "hostile_msg": "Your magic fails to control the charred undead monster!",
      "difficulty": 3,
      "moves": 60,
      "place_randomly": true,
      "skill1": "magic"
    }
  },
  {
    "id": "spell_summonjabberwock_on",
    "copy-from": "spell_conjure_base",
    "type": "TOOL",
    "name": "Magic Sign: Summon Jabberwock (active)",
    "name_plural": "Magic Sign: Summon Jabberwock (active)",
    "description": "A mote of energy with a dozen screaming faces perceived inside it.",
    "color": "white",
    "initial_charges": 0,
    "max_charges": 1,
    "charges_per_use": 1,
    "turns_per_charge": 1,
    "use_action": {
      "type": "place_monster",
      "monster_id": "mon_jabberwock_summoned",
      "friendly_msg": "The body of bodies is at your beck and call.",
      "hostile_msg": "Your magic fails to control the body of bodies!",
      "difficulty": 7,
      "moves": 60,
      "place_randomly": true,
      "skill1": "magic"
    }
  },
  {
    "id": "spell_summonculus_on",
    "copy-from": "spell_conjure_base",
    "type": "TOOL",
    "name": "Magic Sign: Summon Homunculus (active)",
    "name_plural": "Magic Sign: Summon Homunculus (active)",
    "description": "A mote of energy with a leering face perceived inside it.",
    "color": "white",
    "initial_charges": 0,
    "max_charges": 1,
    "charges_per_use": 1,
    "turns_per_charge": 1,
    "use_action": {
      "type": "place_monster",
      "monster_id": "mon_homunculus_summoned",
      "friendly_msg": "The humanoid construct is at your beck and call.",
      "hostile_msg": "Your magic fails to control the humanoid construct!",
      "difficulty": 5,
      "moves": 60,
      "place_randomly": true,
      "skill1": "magic"
    }
  },
  {
    "id": "spell_summonthing_on",
    "copy-from": "spell_conjure_base",
    "type": "TOOL",
    "name": "Magic Sign: Summon Horrifying Thing (active)",
    "name_plural": "Magic Sign: Summon Horrifying Thing (active)",
    "description": "A mote of energy with a writhing abomination perceived inside it.",
    "color": "white",
    "initial_charges": 0,
    "max_charges": 1,
    "charges_per_use": 1,
    "turns_per_charge": 1,
    "use_action": {
      "type": "place_monster",
      "monster_id": "mon_thing_summoned",
      "friendly_msg": "The mass of tendrils is at your beck and call.",
      "hostile_msg": "Your magic fails to control the mass of tendrils!",
      "difficulty": 7,
      "moves": 60,
      "place_randomly": true,
      "skill1": "magic"
    }
  },
  {
    "id": "spell_summondog_on",
    "copy-from": "spell_conjure_base",
    "type": "TOOL",
    "name": "Magic Sign: Summon Skeletal Dog (active)",
    "name_plural": "Magic Sign: Summon Skeletal Dog (active)",
    "description": "A mote of energy with shifting canine shapes perceived inside it.",
    "color": "white",
    "initial_charges": 0,
    "max_charges": 1,
    "charges_per_use": 1,
    "turns_per_charge": 1,
    "use_action": {
      "type": "place_monster",
      "monster_id": "mon_dog_skeleton_summoned",
      "friendly_msg": "The animalistic revenant is at your beck and call.",
      "hostile_msg": "Your magic fails to control the animalistic revenant!",
      "difficulty": 1,
      "moves": 60,
      "place_randomly": true,
      "skill1": "magic"
    }
  },
  {
    "id": "spell_summonskel_on",
    "copy-from": "spell_conjure_base",
    "type": "TOOL",
    "name": "Magic Sign: Summon Skeleton (active)",
    "name_plural": "Magic Sign: Summon Skeleton (active)",
    "description": "A mote of energy with imagery of the dead perceived inside it.",
    "color": "white",
    "initial_charges": 0,
    "max_charges": 1,
    "charges_per_use": 1,
    "turns_per_charge": 1,
    "use_action": {
      "type": "place_monster",
      "monster_id": "mon_skeleton_summoned",
      "friendly_msg": "The humanoid revenant is at your beck and call.",
      "hostile_msg": "Your magic fails to control the humanoid revenant!",
      "difficulty": 3,
      "moves": 60,
      "place_randomly": true,
      "skill1": "magic"
    }
  },
  {
    "id": "spell_summonvortex_on",
    "copy-from": "spell_conjure_base",
    "type": "TOOL",
    "name": "Magic Sign: Summon Vortex (active)",
    "name_plural": "Magic Sign: Summon Vortex (active)",
    "description": "A mote of energy with swirling shapes perceived inside it.",
    "color": "white",
    "initial_charges": 0,
    "max_charges": 1,
    "charges_per_use": 1,
    "turns_per_charge": 1,
    "use_action": {
      "type": "place_monster",
      "monster_id": "mon_vortex_summoned",
      "friendly_msg": "The swirling wisp is at your beck and call.",
      "hostile_msg": "Your magic fails to control the swirling wisp!",
      "difficulty": 5,
      "moves": 60,
      "place_randomly": true,
      "skill1": "magic"
    }
  },
  {
    "id": "spell_summonyugg_on",
    "copy-from": "spell_conjure_base",
    "type": "TOOL",
    "name": "Magic Sign: Summon Yugg  (active)",
    "name_plural": "Magic Sign: Summon Yugg (active)",
    "description": "A mote of energy with a scenes of forbidden wealth perceived inside it.",
    "color": "white",
    "initial_charges": 0,
    "max_charges": 1,
    "charges_per_use": 1,
    "turns_per_charge": 1,
    "use_action": {
      "type": "place_monster",
      "monster_id": "mon_yugg_summoned",
      "friendly_msg": "The mutagenic worm beast is at your beck and call.",
      "hostile_msg": "Your magic fails to control the mutagenic worm beast!",
      "difficulty": 9,
      "moves": 60,
      "place_randomly": true,
      "skill1": "magic"
    }
  }
]
