[
  {
    "id": "candle_barrier_aftermath",
    "copy-from": "spell_base",
    "type": "GENERIC",
    "name": "candle barrier aftermath",
    "description": "Workaround so candle barriers do not leave anything behind.  If you find one of these, it's a bug,",
    "color": "green"
  },
  {
    "id": "fighter_sting",
    "copy-from": "fighter_sting",
    "type": "GENERIC",
    "name": "fungal fighter sting",
    "description": "A short dart from a fungal fighter.  Makes a poor melee weapon, or could carved into a trophy of some sort."
  },
  {
    "id": "biollante_bud",
    "copy-from": "biollante_bud",
    "type": "GENERIC",
    "name": "biollante bud",
    "description": "An unopened biollante flower, brilliant purple in color.  It may still have its sap-producing organ intact, or could be made into a trophy of some sort."
  },
  {
    "id": "silver_glyph",
    "type": "GENERIC",
    "category": "other",
    "name": "silver glyph",
    "description": "A silver emblem resembling a 16-pointed star in a circle.  You feel as though it could be a powerful arcane device, but there is no magic in it.  Yet.",
    "weight": 285,
    "volume": 1,
    "price": 8400,
    "to_hit": -3,
    "bashing": 1,
    "material": "silver",
    "symbol": ",",
    "looks_like": "brooch",
    "color": "light_gray"
  },
  {
    "id": "scroll_blank",
    "type": "GENERIC",
    "category": "other",
    "name": "blank scroll",
    "description": "A simple sheet of paper, with wooden rollers to support it.  You feel as if it was meant to have ancient, eldritch text written on it.  But sadly, it's blank.",
    "weight": 415,
    "volume": 1,
    "price": 2000,
    "material": "paper",
    "symbol": "!",
    "looks_like": "recipe_creepy",
    "color": "light_gray"
  },
  {
    "type": "GENERIC",
    "id": "graboid_fang",
    "//": "Obtained from graboids, rarely from dark wyrms.",
    "name": "crystalline fang",
    "description": "A short spike of grainy, dark ivory broken off from the maw of a massive wormlike creature.  Makes a poor melee weapon, or could be made into a trophy of some sort.",
    "weight": 650,
    "to_hit": -1,
    "color": "light_grey",
    "symbol": ",",
    "looks_like": "spike",
    "material": [ "bone" ],
    "techniques": [ "PRECISE" ],
    "volume": 2,
    "cutting": 10,
    "flags": [ "SPEAR", "SHEATH_KNIFE" ],
    "price": 1000
  },
  {
    "type": "GENERIC",
    "id": "triffid_queen_flower",
    "symbol": ",",
    "looks_like": "poppy_bud",
    "color": "red",
    "name": "triffid queen flower",
    "description": "A vibrant scarlet flower fallen from a triffid queen, still in bloom.  It could be made into a trophy of some sort.",
    "price": 0,
    "material": "veggy",
    "weight": 60,
    "volume": 1,
    "to_hit": -3
  },
  {
    "type": "GENERIC",
    "id": "dermatik_sting",
    "name": "dermatik sting",
    "description": "An eight-inch barbed stinger from a dermatik.  Makes a mediocre melee weapon, or could be made into a trophy of some sort.",
    "weight": 570,
    "to_hit": -1,
    "color": "dark_gray",
    "symbol": ",",
    "looks_like": "wasp_sting",
    "material": [ "flesh" ],
    "techniques": [ "PRECISE", "DEF_DISARM" ],
    "volume": 1,
    "cutting": 10,
    "flags": [ "SPEAR", "MESSY" ],
    "price": 1000
  },
  {
    "type": "GENERIC",
    "id": "vortex_shard",
    "symbol": "*",
    "color": "magenta",
    "//": "Obtained from vortices, rarely flying polyps.",
    "name": "wind fragment",
    "description": "A small, uneven piece of pink quartz.  It is unnaturally light and seems to whisper when held up to the ear.  It might be useful, or it could be made into a trophy of some sort.",
    "price": 5000,
    "material": "stone",
    "looks_like": "material_limestone",
    "weight": 0,
    "volume": 1
  },
  {
    "type": "GENERIC",
    "id": "blob_gem",
    "symbol": "*",
    "color": "dark_gray",
    "//": "Obtained from breather hubs, amoebic molds, and brain blobs.  Rarely from large blobs and shoggoths.",
    "name": "amorphous amber",
    "name_plural": "amorphous amber",
    "description": "A dense chunk of solidified ooze, vaguely resembling unnaturally-dark amber.  It might be useful, or it could be made into a trophy of some sort.",
    "price": 100,
    "material": "stone",
    "looks_like": "material_limestone",
    "weight": 714,
    "volume": 1
  },
  {
    "type": "GENERIC",
    "id": "monster_tear",
    "symbol": "*",
    "color": "blue",
    "name": "crystallized tear",
    "//": "Obtained from flaming eyes, rarely from cyclopeans.",
    "description": "A smooth orb of glassy stone, an unearthly deep blue in color.  It might be useful, or it could be made into a trophy of some sort.",
    "price": 500,
    "material": "stone",
    "looks_like": "material_limestone",
    "weight": 230,
    "volume": 1
  },
  {
    "type": "GENERIC",
    "id": "shadow_gem",
    "symbol": "*",
    "color": "dark_gray",
    "//": "Obtained from wraiths.  Rarely from shadows and shadow snakes.",
    "name": "shadow gem",
    "description": "A rough gem resembling an unfinished diamond, black with flecks of silvery gray.  It might be useful, or it could be made into a trophy of some sort.",
    "price": 2000,
    "material": "stone",
    "looks_like": "material_limestone",
    "weight": 100,
    "volume": 1
  },
  {
    "type": "GENERIC",
    "id": "bone_twisted",
    "name": "twisted bones",
    "name_plural": "twisted bones",
    "weight": 225,
    "color": "white",
    "symbol": "%",
    "looks_like": "bone_human",
    "//": "Obtained from amigara horrors, twisted bodies. More rarely from crawlers, things.",
    "description": "A mangled spike of woven, fused-together bones.  It might be useful, or it could be made into a trophy of some sort.",
    "to_hit": -1,
    "price": 0,
    "cutting": 8,
    "flags": [ "SPEAR" ],
    "material": [ "bone", "hflesh" ],
    "volume": 1
  },
  {
    "type": "GENERIC",
    "id": "gracken_knuckles",
    "symbol": "*",
    "looks_like": "bone_human",
    "color": "white",
    "//": "Be glad I didn't name it gracked knucklebones for pun value.",
    "name": "cracked knucklebones",
    "name_plural": "cracked knucklebones",
    "description": "A few splintered chunks of finger bones from a gracken, torn away and stripped of flesh from the force of its unnatural death throes.  It might be useful, or it could be made into a trophy of some sort.",
    "price": 2000,
    "material": "bone",
    "weight": 225,
    "volume": 1
  },
  {
    "type": "GENERIC",
    "id": "wyrmskin_piece",
    "symbol": ",",
    "looks_like": "chitin_piece",
    "color": "blue",
    "//": "Obtained from dark wyrms of course.",
    "name": "wyrmskin fragment",
    "description": "An iridescent piece of hardened tissue broken off from a dying dark wyrm, like a massive shed scale.  It might be useful, or it could be made into a trophy of some sort.",
    "price": 0,
    "material": [ "wyrmskin" ],
    "weight": 120,
    "volume": 1,
    "bashing": 3,
    "to_hit": -2
  },
  {
    "type": "GENERIC",
    "id": "monster_fang",
    "//": "Obtained from hunting horrors, flying polyps.  Rarely from krecks.",
    "name": "monstrous fang",
    "description": "A long, curved spike of unnatural ivory, that feels lighter in the hand than it should.  Makes a poor melee weapon, or could be made into a trophy of some sort.",
    "weight": 650,
    "color": "dark_grey",
    "symbol": ",",
    "looks_like": "spike",
    "material": [ "bone" ],
    "techniques": [ "PRECISE", "RAPID" ],
    "volume": 2,
    "cutting": 8,
    "flags": [ "SPEAR", "SHEATH_KNIFE" ],
    "price": 1000
  },
  {
    "type": "GENERIC",
    "id": "iridescent_plate",
    "//": "Obtained from yuggs.  Rarely from mi-gos, human snails.",
    "symbol": ",",
    "looks_like": "chitin_piece",
    "color": "pink",
    "name": "iridescent plate",
    "description": "An iridescent piece of hardened tissue broken off from a dying monster, like a massive shed scale or shard of chitin.  It might be useful, or it could be made into a trophy of some sort.",
    "price": 0,
    "material": [ "flesh" ],
    "weight": 89,
    "volume": 1,
    "bashing": 1,
    "to_hit": -2
  },
  {
    "type": "GENERIC",
    "id": "engraved_stone",
    "//": "Obtained from shoggoths.  More rarely from amigara horrors, flesh angels, homunculi.",
    "symbol": ",",
    "looks_like": "spiral_stone",
    "color": "light_green",
    "name": "engraved stone",
    "description": "A large round stone resembling an eye, with a bright green appearance.  Half of it is engraved with unfamiliar-looking runes, revealing a darker iridescent material under the surface.  It might be useful, or it could be made into a trophy of some sort.",
    "price": 2000,
    "material": [ "stone" ],
    "weight": 89,
    "volume": 1
  },
  {
    "type": "GENERIC",
    "id": "draconic_heart",
    "symbol": "*",
    "color": "red",
    "name": "petrified heart",
    "description": "A vibrant red chunk of petrified flesh, torn free from some scaly abominaton as it died.  It seems someone else had been trying to carve this thing from the beast's corpse before it reanimated, for whatever twisted ritual they where planning...",
    "price": 100,
    "material": "stone",
    "looks_like": "spiral_stone",
    "weight": 1500,
    "volume": 4
  }
]
