[
  {
    "id": "VEIL",
    "type": "mutation_category",
    "category": "VEIL",
    "threshold_mut": "THRESH_VEIL",
    "name": "Explorer of The Veil",
    "iv_fatigue": 0,
    "iv_hunger": 0,
    "iv_message": "You feel an otherworldly presence reaching out to you.",
    "iv_pain": 0,
    "iv_thirst": 0,
    "mutagen_message": "If you can read this, this is probably a bug.",
    "iv_additional_mutations": 1,
    "iv_additional_mutations_chance" : 5,
    "iv_min_mutations": 1,
    "memorial_message": "Pierced the veil between worlds."
  },
  {
    "id": "DRAGONBLOOD",
    "type": "mutation_category",
    "category": "DRAGONBLOOD",
    "threshold_mut": "THRESH_DRAGONBLOOD",
    "name": "Acolyte of the Sacrament",
    "iv_fatigue": 0,
    "iv_hunger": 0,
    "iv_message": "You feel a powerful resonance throughout your body, another irreversible step down the Path to Power.",
    "iv_pain": 0,
    "iv_thirst": 0,
    "mutagen_message": "If you can read this, this is probably a bug.",
    "iv_additional_mutations": 2,
    "iv_additional_mutations_chance" : 10,
    "iv_min_mutations": 1,
    "memorial_message": "Gained power from the Dragonblood Sacrament."
  },
  {
    "id": "DRAGONBLOODLESSER",
    "type": "mutation_category",
    "//": "This exists so that blood effigy can exclude spells.",
    "category": "DRAGONBLOODLESSER",
    "threshold_mut": "THRESH_DRAGONBLOODLESSER",
    "name": "Lesser Dragonblood Effect",
    "mutagen_fatigue": 5,
    "mutagen_hunger": 5,
    "mutagen_pain": 0,
    "mutagen_thirst": 5,
    "mutagen_message": "You feel unearthly life flow through your body.",
    "iv_message": "If you can read this, this is probably a bug.",
    "memorial_message": "Learned from the Sacrament."
  },
  {
    "id": "ACIDSPRAY",
    "type": "mutation_category",
    "category": "ACIDSPRAY",
    "threshold_mut": "THRESH_ACIDSPRAY",
    "name": "Learned Acid Spray",
    "mutagen_fatigue": 0,
    "mutagen_hunger": 0,
    "mutagen_pain": 0,
    "mutagen_thirst": 0,
    "mutagen_message": "You gaze deep into the patterns on the scroll.",
    "iv_message": "If you can read this, this is probably a bug.",
    "memorial_message": "Learned a spell."
  },
  {
    "id": "AGILITY",
    "type": "mutation_category",
    "category": "AGILITY",
    "threshold_mut": "THRESH_AGILITY",
    "name": "Learned Agility",
    "mutagen_fatigue": 0,
    "mutagen_hunger": 0,
    "mutagen_pain": 0,
    "mutagen_thirst": 0,
    "mutagen_message": "You gaze deep into the patterns on the scroll.",
    "iv_message": "If you can read this, this is probably a bug.",
    "memorial_message": "Learned a spell."
  },
  {
    "id": "CLAIRVOYANCE",
    "type": "mutation_category",
    "category": "CLAIRVOYANCE",
    "threshold_mut": "THRESH_CLAIRVOYANCE",
    "name": "Learned Clairvoyance",
    "mutagen_fatigue": 0,
    "mutagen_hunger": 0,
    "mutagen_pain": 0,
    "mutagen_thirst": 0,
    "mutagen_message": "You gaze deep into the patterns on the scroll.",
    "iv_message": "If you can read this, this is probably a bug.",
    "memorial_message": "Learned a spell."
  },
  {
    "id": "CLARITY",
    "type": "mutation_category",
    "category": "CLARITY",
    "threshold_mut": "THRESH_CLARITY",
    "name": "Learned Clarity of Blood",
    "mutagen_fatigue": 0,
    "mutagen_hunger": 0,
    "mutagen_pain": 0,
    "mutagen_thirst": 0,
    "mutagen_message": "You gaze deep into the patterns on the scroll.",
    "iv_message": "If you can read this, this is probably a bug.",
    "memorial_message": "Learned a spell."
  },
  {
    "id": "CONFUSE",
    "type": "mutation_category",
    "category": "CONFUSE",
    "threshold_mut": "THRESH_CONFUSE",
    "name": "Learned Confuse Monsters",
    "mutagen_fatigue": 0,
    "mutagen_hunger": 0,
    "mutagen_pain": 0,
    "mutagen_thirst": 0,
    "mutagen_message": "You gaze deep into the patterns on the scroll.",
    "iv_message": "If you can read this, this is probably a bug.",
    "memorial_message": "Learned a spell."
  },
  {
    "id": "FLAMEARMOR",
    "type": "mutation_category",
    "category": "FLAMEARMOR",
    "threshold_mut": "THRESH_FLAMEARMOR",
    "name": "Learned Flame Armor",
    "mutagen_fatigue": 0,
    "mutagen_hunger": 0,
    "mutagen_pain": 0,
    "mutagen_thirst": 0,
    "mutagen_message": "You gaze deep into the patterns on the scroll.",
    "iv_message": "If you can read this, this is probably a bug.",
    "memorial_message": "Learned a spell."
  },
  {
    "id": "FREEACTION",
    "type": "mutation_category",
    "category": "FREEACTION",
    "threshold_mut": "THRESH_FREEACTION",
    "name": "Learned Free Action",
    "mutagen_fatigue": 0,
    "mutagen_hunger": 0,
    "mutagen_pain": 0,
    "mutagen_thirst": 0,
    "mutagen_message": "You gaze deep into the patterns on the scroll.",
    "iv_message": "If you can read this, this is probably a bug.",
    "memorial_message": "Learned a spell."
  },
  {
    "id": "HEAL",
    "type": "mutation_category",
    "category": "HEAL",
    "threshold_mut": "THRESH_HEAL",
    "name": "Learned Healing",
    "mutagen_fatigue": 0,
    "mutagen_hunger": 0,
    "mutagen_pain": 0,
    "mutagen_thirst": 0,
    "mutagen_message": "You gaze deep into the patterns on the scroll.",
    "iv_message": "If you can read this, this is probably a bug.",
    "memorial_message": "Learned a spell."
  },
  {
    "id": "INSIGHT",
    "type": "mutation_category",
    "category": "INSIGHT",
    "threshold_mut": "THRESH_INSIGHT",
    "name": "Learned Insight",
    "mutagen_fatigue": 0,
    "mutagen_hunger": 0,
    "mutagen_pain": 0,
    "mutagen_thirst": 0,
    "mutagen_message": "You gaze deep into the patterns on the scroll.",
    "iv_message": "If you can read this, this is probably a bug.",
    "memorial_message": "Learned a spell."
  },
  {
    "id": "INVIS",
    "type": "mutation_category",
    "category": "INVIS",
    "threshold_mut": "THRESH_INVIS",
    "name": "Learned Invisiblility",
    "mutagen_fatigue": 0,
    "mutagen_hunger": 0,
    "mutagen_pain": 0,
    "mutagen_thirst": 0,
    "mutagen_message": "You gaze deep into the patterns on the scroll.",
    "iv_message": "If you can read this, this is probably a bug.",
    "memorial_message": "Learned a spell."
  },
  {
    "id": "ELECRESIST",
    "type": "mutation_category",
    "category": "ELECRESIST",
    "threshold_mut": "THRESH_ELECRESIST",
    "name": "Learned Lightning Ward",
    "mutagen_fatigue": 0,
    "mutagen_hunger": 0,
    "mutagen_pain": 0,
    "mutagen_thirst": 0,
    "mutagen_message": "You gaze deep into the patterns on the scroll.",
    "iv_message": "If you can read this, this is probably a bug.",
    "memorial_message": "Learned a spell."
  },
  {
    "id": "MIGHT",
    "type": "mutation_category",
    "category": "MIGHT",
    "threshold_mut": "THRESH_MIGHT",
    "name": "Learned Might",
    "mutagen_fatigue": 0,
    "mutagen_hunger": 0,
    "mutagen_pain": 0,
    "mutagen_thirst": 0,
    "mutagen_message": "You gaze deep into the patterns on the scroll.",
    "iv_message": "If you can read this, this is probably a bug.",
    "memorial_message": "Learned a spell."
  },
  {
    "id": "OVERGROWTH",
    "type": "mutation_category",
    "category": "OVERGROWTH",
    "threshold_mut": "THRESH_OVERGROWTH",
    "name": "Learned Overgrowth",
    "mutagen_fatigue": 0,
    "mutagen_hunger": 0,
    "mutagen_pain": 0,
    "mutagen_thirst": 0,
    "mutagen_message": "You gaze deep into the patterns on the scroll.",
    "iv_message": "If you can read this, this is probably a bug.",
    "memorial_message": "Learned a spell."
  },
  {
    "id": "LIGHTNING",
    "type": "mutation_category",
    "category": "LIGHTNING",
    "threshold_mut": "THRESH_LIGHTNING",
    "name": "Learned Shockstorm",
    "mutagen_fatigue": 0,
    "mutagen_hunger": 0,
    "mutagen_pain": 0,
    "mutagen_thirst": 0,
    "mutagen_message": "You gaze deep into the patterns on the scroll.",
    "iv_message": "If you can read this, this is probably a bug.",
    "memorial_message": "Learned a spell."
  },
  {
    "id": "CLERIC",
    "type": "mutation_category",
    "category": "CLERIC",
    "threshold_mut": "THRESH_CLERIC",
    "name": "Learned Ward Against Evil",
    "mutagen_fatigue": 0,
    "mutagen_hunger": 0,
    "mutagen_pain": 0,
    "mutagen_thirst": 0,
    "mutagen_message": "You gaze deep into the patterns on the scroll.",
    "iv_message": "If you can read this, this is probably a bug.",
    "memorial_message": "Learned a spell."
  }
]
