[
  {
    "type": "npc_class",
    "id": "NC_HERMIT",
    "name": "Hermit",
    "job_description": "I'm just an old man.",
    "common": false,
    "bonus_str": { "rng": [ -3, 0 ] },
    "bonus_dex": { "rng": [ -2, 1 ] },
    "bonus_int": { "rng": [ 2, 5 ] },
    "bonus_per": { "rng": [ -2, 2 ] },
    "skills": [
      { "skill": "magic", "level": { "rng": [ 7, 9 ] } },
      { "skill": "cooking", "level": { "rng": [ 2, 4 ] } },
      { "skill": "fabrication", "level": { "rng": [ 5, 6 ] } },
      { "skill": "firstaid", "level": { "rng": [ 1, 3 ] } },
      { "skill": "speech", "level": { "rng": [ 1, 3 ] } },
      { "skill": "survival", "level": { "rng": [ 3, 5 ] } },
      { "skill": "swimming", "level": { "rng": [ 1, 2 ] } },
      { "skill": "tailor", "level": { "rng": [ 2, 4 ] } },
      { "skill": "traps", "level": { "rng": [ 1, 3 ] } },
      { "skill": "archery", "level": { "rng": [ 2, 4 ] } },
      { "skill": "bashing", "level": { "rng": [ 1, 3 ] } },
      { "skill": "gun", "level": { "rng": [ 5, 7 ] } },
      { "skill": "melee", "level": { "rng": [ 1, 3 ] } },
      { "skill": "stabbing", "level": { "rng": [ 2, 4 ] } }
    ],
    "worn_override": "NC_HERMIT_worn",
    "carry_override": "NC_HERMIT_carry",
    "weapon_override": "NC_HERMIT_weapon",
    "traits": [
      [ "SKIN_MEDIUM", 100 ],
      [ "hair_white_short", 100 ],
      [ "PROF_CHALICE", 100 ],
      [ "NIGHTVISION", 100 ],
      [ "MYOPIC", 100 ],
      [ "BADHEARING", 100 ],
      [ "LIGHTSTEP", 100 ],
      [ "BADKNEES", 100 ],
      [ "SPELL_CLAIRVOYANCE2", 100 ]
    ]
  },
  {
    "id": "NC_HERMIT_worn",
    "type": "item_group",
    "subtype": "collection",
    "entries": [
      { "item": "boxer_shorts" },
      { "item": "pants" },
      { "item": "dress_shirt" },
      { "item": "robe" },
      { "item": "knit_scarf" },
      { "item": "gloves_leather" },
      { "item": "socks" },
      { "item": "boots_hiking" },
      { "item": "backpack" },
      { "item": "glasses_eye" },
      { "item": "charm_bone" }
    ]
  },
  {
    "id": "NC_HERMIT_weapon",
    "type": "item_group",
    "subtype": "collection",
    "ammo": 100,
    "entries": [ { "item": "thunder_sigil" } ]
  },
  {
    "id": "NC_HERMIT_carry",
    "type": "item_group",
    "subtype": "collection",
    "ammo": 100,
    "entries": [
      { "item": "essence", "count": [ 10, 25 ] },
      { "item": "arcanemap", "prob": 50 },
      { "item": "book_sacrifice" },
      { "item": "offering_chalice" },
      { "group": "magic_consumables", "count": [ 2, 4 ] }
    ]
  },
  {
    "id": "NC_ARSONIST_random",
    "type": "item_group",
    "items": [ [ "bloodscourge", 1 ] ]
  },
  {
    "id": "NC_ARSONIST_misc",
    "type": "item_group",
    "items": [ [ "bloodaxe", 1 ] ]
  },
  {
    "id": "NC_BOUNTY_HUNTER_coat",
    "type": "item_group",
    "items": [ [ "gilded_aegis", 1 ] ]
  },
  {
    "id": "NC_DOCTOR_misc",
    "type": "item_group",
    "items": [ [ "healing_potion", 5 ] ]
  },
  {
    "id": "NC_EVAC_SHOPKEEP_misc",
    "type": "item_group",
    "items": [ [ "scroll_blank", 10 ], [ "silver_glyph", 5 ] ]
  },
  {
    "id": "NC_HUNTER_archery",
    "type": "item_group",
    "items": [ [ "ethereal_crossbow", 1 ] ]
  },
  {
    "id": "NC_HUNTER_misc",
    "type": "item_group",
    "items": [
      [ "graboid_fang", 1 ],
      [ "bone_twisted", 1 ],
      [ "gracken_knuckles", 1 ],
      [ "wyrmskin_piece", 1 ],
      [ "monster_fang", 1 ],
      [ "iridescent_plate", 1 ]
    ]
  },
  {
    "id": "NC_JUNK_SHOPKEEP_misc",
    "type": "item_group",
    "items": [ [ "scroll_blank", 10 ], [ "silver_glyph", 5 ] ]
  },
  {
    "id": "NC_SCAVENGER_gloves",
    "type": "item_group",
    "items": [ [ "gauntlets_necro", 1 ] ]
  },
  {
    "id": "NC_SCAVENGER_archery",
    "type": "item_group",
    "items": [ [ "ethereal_crossbow", 1 ] ]
  },
  {
    "id": "NC_SCAVENGER_misc",
    "type": "item_group",
    "items": [
      [ "numbness_potion", 1 ],
      [ "healing_potion", 1 ],
      [ "scroll_sun", 1 ],
      [ "scroll_artiface", 1 ],
      [ "totem_confusion", 1 ],
      [ "totem_insight", 1 ],
      [ "totem_plants", 1 ]
    ]
  },
  {
    "id": "npc_extra",
    "type": "item_group",
    "items": [ [ "triffid_garland", 1 ], [ "amulet_exotic", 1 ], [ "brooch_iridescent", 1 ] ]
  }
]
