[
  {
    "id": "gilded_aegis",
    "type": "TOOL_ARMOR",
    "copy-from": "cloak_leather",
    "category": "armor",
    "name": "gilded aegis",
    "name_plural": "gilded aegises",
    "description": "A simple leather cloak, richly decorated with scales of gilded iron and several feathers.  It resembles the hide of a golden dragon or serpent.  Using it will heal minor injuries, in exchange for inflicting pain.",
    "material": [ "leather", "iron", "gold" ],
    "color": "yellow",
    "ammo": "essence_dull_type",
    "max_charges": 30,
    "charges_per_use": 15,
    "artifact_data": { "effects_activated": [ "AEA_PAIN", "AEA_HEAL", "AEA_HEAL", "AEA_HEAL", "AEA_HEAL", "AEA_HEAL", "AEA_HEAL" ] },
    "use_action": "ARTIFACT",
    "relative": { "weight": 3020, "price": 7200, "material_thickness": 1, "encumbrance": 2 },
    "extend": { "flags": [ "NO_SALVAGE", "HELMET_COMPAT" ] }
  },
  {
    "id": "somen_clairvoyance",
    "type": "TOOL_ARMOR",
    "category": "armor",
    "name": "mask of insight",
    "name_plural": "masks of insight",
    "description": "A mask faced with iron and decorated with other metal, depicting the face of some unknown divine figure.  Fueling it with consecrated essence will grant the wearer clairvoyance within a limited range and protection from bright flashes, but blind you to anything beyond its effect.",
    "weight": 710,
    "volume": 4,
    "price": 21000,
    "material": [ "iron", "copper" ],
    "symbol": "[",
    "looks_like": "mask_bal",
    "color": "light_red",
    "ammo": "essence_dull_type",
    "max_charges": 12,
    "covers": [ "EYES", "MOUTH" ],
    "coverage": 100,
    "encumbrance": 10,
    "warmth": 10,
    "material_thickness": 2,
    "environmental_protection": 1,
    "use_action": {
      "target": "somen_clairvoyance_on",
      "msg": "The mask appears to contort into a fearsome visage, the eyeholes momentarily seeming to glow.",
      "active": true,
      "need_charges": 1,
      "need_charges_msg": "Fuel the mask with consecrated essence, to open your eyes.",
      "type": "transform"
    },
    "flags": [ "NO_SALVAGE" ]
  },
  {
    "id": "somen_clairvoyance_on",
    "type": "TOOL_ARMOR",
    "copy-from": "somen_clairvoyance",
    "name": "mask of insight (on)",
    "name_plural": "masks of insight (on)",
    "//": "It seems you need around 6 to protect against flashes",
    "description": "A mask faced with iron and decorated with other metal, depicting the face of some unknown divine figure.  The face depicted on the mask seems more menacing than it did previously.",
    "turns_per_charge": 50,
    "revert_to": "somen_clairvoyance",
    "material_thickness": 2,
    "environmental_protection": 6,
    "artifact_data": { "effects_worn": [ "AEP_CLAIRVOYANCE_PLUS" ] },
    "qualities": [ [ "GLARE", 2 ] ],
    "use_action": {
      "target": "somen_clairvoyance",
      "msg": "The mask's features return to its original impassive expression.",
      "type": "transform"
    },
    "extend": { "flags": [ "SUN_GLASSES", "BLIND", "IR_EFFECT", "PARTIAL_DEAF" ] }
  },
  {
    "id": "armor_wyrm",
    "type": "TOOL_ARMOR",
    "copy-from": "armor_blarmor",
    "name": "wyrmskin armor",
    "description": "A set of well-decorated leather armor, with serpentine patterns sewn into it and various straps added.  Using it will conjure a spray of acid.",
    "material": [ "wyrmskin", "leather" ],
    "color": "green",
    "ammo": "essence_blood_type",
    "max_charges": 16,
    "charges_per_use": 4,
    "encumbrance": 15,
    "material_thickness": 4,
    "environmental_protection": 10,
    "artifact_data": { "effects_activated": [ "AEA_ACIDBALL" ] },
    "use_action": "ARTIFACT",
    "relative": { "weight": 722, "volume": 6, "price": 80000 },
    "extend": { "flags": [ "OVERSIZE", "NO_SALVAGE", "ALLOWS_NATURAL_ATTACKS" ], "covers": [ "FEET" ] },
    "delete": { "flags": [ "VARSIZE" ] }
  },
  {
    "id": "revenant_crown",
    "type": "TOOL_ARMOR",
    "category": "clothing",
    "name": "revenant crown",
    "description": "A wicked-looking crown made of precious metal, decorated with scenes of skeletons in a \"danse macabre\" motif.  A single brilliant gem adorns it, in the center of the scene depicted.  Using it shall yield immunity to food poisoning and parasites, in exchange for increased hunger.  It will not cure existing ailments, only prevent them.",
    "weight": 650,
    "volume": 14,
    "price": 15000,
    "to_hit": -1,
    "material": [ "silver", "diamond" ],
    "symbol": "[",
    "looks_like": "crown_golden",
    "color": "yellow",
    "ammo": "essence_blood_type",
    "max_charges": 6,
    "charges_per_use": 2,
    "covers": [ "HEAD" ],
    "coverage": 20,
    "material_thickness": 1,
    "use_action": {
      "type": "consume_drug",
      "activation_message": "The gem shimmers with malevolent red light as you feel a strange hunger, a craving for rotting meat and stagnant water...",
      "effects": [ { "id": "revenant_hunger", "duration": 300 } ]
    },
    "flags": [ "BELTED", "OVERSIZE", "NO_SALVAGE", "ALLOWS_NATURAL_ATTACKS" ]
  },
  {
    "id": "robe_shadow",
    "type": "TOOL_ARMOR",
    "copy-from": "robe",
    "category": "armor",
    "name": "mantle of shadows",
    "name_plural": "mantles of shadows",
    "//": "misc properties were mostly made by averaging the values of all possible types of robe usable to make it",
    "description": "A loose-fitting robe of some sort, heavily altered with decorations resting on the shoulders, dyed in a simple dark gray.  Using it will grant invisibility and soften footsteps, draining essence quickly.",
    "color": "dark_gray",
    "ammo": "essence_type",
    "max_charges": 20,
    "use_action": {
      "target": "robe_shadow_on",
      "msg": "The robe's fabric darkens to a rich shade of black, cloaking your surroundings in a flickering illusion.",
      "active": true,
      "need_charges": 1,
      "need_charges_msg": "The mantle requires essence to bring forth the night.",
      "type": "transform"
    },
    "relative": { "weight": 616, "volume": -1, "price": 16000, "coverage": 5, "encumberance": -5, "storage": -6 },
    "extend": { "flags": [ "NO_SALVAGE" ] }
  },
  {
    "id": "robe_shadow_on",
    "copy-from": "robe_shadow",
    "type": "TOOL_ARMOR",
    "category": "armor",
    "name": "mantle of shadows (on)",
    "name_plural": "mantles of shadows (on)",
    "description": "A loose-fitting robe of some sort, heavily altered with decorations resting on the shoulders.  The air wavers around it, barely noticeable to you.",
    "turns_per_charge": 50,
    "artifact_data": { "effects_worn": [ "AEP_INVISIBLE", "AEP_STEALTH" ] },
    "use_action": {
      "target": "robe_shadow",
      "msg": "The robe's fabric returns to its normal gray color, dispelling the illusion.",
      "type": "transform"
    }
  },
  {
    "id": "gauntlets_necro",
    "copy-from": "gloves_plate",
    "type": "TOOL_ARMOR",
    "name": "pair of thunder gauntlets",
    "name_plural": "pairs of thunder gauntlets",
    "description": "A heavy set of plate gauntlets, decorated with silver around the edges of each individual plate.  Touching the bare metal sends a faint electric tingle through you.  Use them to give something a shocking surprise, either up close or with unpredictable bolts of lightning.",
    "material": [ "iron", "leather", "silver" ],
    "ammo": "essence_type",
    "max_charges": 4,
    "charges_per_use": 1,
    "artifact_data": { "effects_activated": [ "AEA_STORM" ] },
    "use_action": [ "TAZER", "ARTIFACT" ],
    "relative": { "weight": 210, "price": 6200 },
    "extend": { "flags": [ "NO_SALVAGE" ] }
  },
  {
    "id": "jade_wreath",
    "type": "TOOL_ARMOR",
    "category": "clothing",
    "name": "jade wreath",
    "description": "A crown of dark green stone with strange geometric patterns carved into it.  Wearing it will drain heat from fires, but it will also starve your body.  Invoking it will harden the body against heat, though immersion in flame will still harm you.",
    "weight": 600,
    "volume": 12,
    "price": 90000,
    "to_hit": -1,
    "material": [ "stone" ],
    "symbol": "[",
    "looks_like": "crown_golden",
    "color": "green",
    "ammo": "essence_blood_type",
    "//": "Slightly more efficient in essence-equivalent than fang, as heat resistance is less comprehensive.",
    "max_charges": 20,
    "charges_per_use": 20,
    "covers": [ "HEAD" ],
    "coverage": 20,
    "encumbrance": 10,
    "material_thickness": 1,
    "artifact_data": { "effects_worn": [ "AEP_EXTINGUISH", "AEP_HUNGER" ] },
    "use_action": {
      "type": "consume_drug",
      "activation_message": "The carvings in the stone glow red for a brief moment, and a chill passes through your spine.",
      "effects": [ { "id": "heat_ward", "duration": 1000 } ]
    },
    "flags": [ "BELTED", "OVERSIZE", "ALLOWS_NATURAL_ATTACKS" ]
  },
  {
    "id": "meteoric_talisman",
    "type": "ARMOR",
    "name": "meteoric talisman",
    "category": "armor",
    "description": "An ornate necklace with a small charm resembling a round shield, made from a hard iridescent metal.  Wearing and activating it will ward against electricity, but also slow the body.",
    "weight": 60,
    "volume": 1,
    "price": 12000,
    "material": [ "hardsteel" ],
    "symbol": "[",
    "looks_like": "brooch",
    "color": "light_gray",
    "ammo": "essence_dull_type",
    "max_charges": 20,
    "use_action": {
      "target": "meteoric_talisman_on",
      "msg": "As you activate the talisman, you feel insulated in a strange manner.",
      "active": true,
      "need_charges": 1,
      "need_charges_msg": "The charm against lightning needs purified essence to function.",
      "type": "transform"
    },
    "artifact_data": { "effects_worn": [ "AEP_RESIST_ELECTRICITY", "AEP_SPEED_DOWN" ] },
    "flags": [ "FANCY", "NO_SALVAGE" ]
  },
  {
    "id": "meteoric_talisman_on",
    "copy-from": "meteoric_talisman",
    "type": "ARMOR",
    "name": "meteoric talisman (active)",
    "name_plural": "meteoric talismans (active)",
    "description": "An ornate necklace with a small charm resembling a round shield, made from a hard iridescent metal.  A strange electric tingle permeates the air around it, hinting at its protective magic.",
    "turns_per_charge": 25,
    "revert_to": "meteoric_talisman",
    "use_action": {
      "target": "meteoric_talisman",
      "msg": "The glow fades from the meteoric talisman, its protective magic fading with it.",
      "type": "transform"
    },
    "artifact_data": { "effects_worn": [ "AEP_RESIST_ELECTRICITY", "AEP_SPEED_DOWN" ] }
  },
  {
    "id": "cleric_ring",
    "type": "TOOL_ARMOR",
    "copy-from": "ring",
    "name": "ring of the fallen angel",
    "name_plural": "rings of the fallen angel",
    "description": "A simple silver ring, adorned with a small red gem and a wing motif.  Using it cures several anomalous ailments, and provides protection from such effects for a while.",
    "material": [ "silver", "essencemat" ],
    "color": "white",
    "ammo": "essence_type",
    "max_charges": 8,
    "charges_per_use": 8,
    "artifact_data": { "effects_worn": [ "AEP_PSYSHIELD", "AEP_STR_DOWN" ] },
    "use_action": {
      "type": "consume_drug",
      "activation_message": "A strange energy radiates from the ring's gem, spreading a calming sensation over you.",
      "effects": [ { "id": "cleric_warding", "duration": 1000 } ]
    },
    "extend": { "flags": [ "NO_SALVAGE" ] }
  }
]
